-- phpMyAdmin SQL Dump
-- version 4.1.14
-- http://www.phpmyadmin.net
--
-- Host: 127.0.0.1
-- Generation Time: Mar 29, 2017 at 08:04 AM
-- Server version: 5.6.17
-- PHP Version: 5.6.27

SET SQL_MODE = "NO_AUTO_VALUE_ON_ZERO";
SET time_zone = "+00:00";


/*!40101 SET @OLD_CHARACTER_SET_CLIENT=@@CHARACTER_SET_CLIENT */;
/*!40101 SET @OLD_CHARACTER_SET_RESULTS=@@CHARACTER_SET_RESULTS */;
/*!40101 SET @OLD_COLLATION_CONNECTION=@@COLLATION_CONNECTION */;
/*!40101 SET NAMES utf8 */;

--
-- Database: `nursing`
--

-- --------------------------------------------------------

--
-- Table structure for table `auth_assignment`
--

CREATE TABLE IF NOT EXISTS `auth_assignment` (
  `item_name` varchar(64) NOT NULL,
  `user_id` varchar(64) NOT NULL,
  `created_at` int(11) DEFAULT NULL,
  PRIMARY KEY (`item_name`,`user_id`)
) ENGINE=InnoDB DEFAULT CHARSET=utf8;

--
-- Dumping data for table `auth_assignment`
--

INSERT INTO `auth_assignment` (`item_name`, `user_id`, `created_at`) VALUES
('Employee', '127', 1482926003),
('Employee', '15', 1432722939),
('Employee', '19', 1432723678),
('Employee', '20', 1432724802),
('Employee', '21', 1432725245),
('Employee', '22', 1432725750),
('Employee', '23', 1432727516),
('Employee', '24', 1432728127),
('Employee', '25', 1432729311),
('Employee', '26', 1432786972),
('Employee', '27', 1432787696),
('Employee', '28', 1432788376),
('Employee', '29', 1432789763),
('Employee', '30', 1432791740),
('Employee', '31', 1432798436),
('Employee', '32', 1432798892),
('Employee', '33', 1432804334),
('Employee', '4', 1432721974),
('Student', '10', 1432722586),
('Student', '100', 1482752149),
('Student', '101', 1482905326),
('Student', '102', 1482906347),
('Student', '103', 1482907897),
('Student', '104', 1482908386),
('Student', '105', 1482908717),
('Student', '106', 1482908969),
('Student', '107', 1482918633),
('Student', '108', 1482919537),
('Student', '109', 1482919909),
('Student', '11', 1432722636),
('Student', '110', 1482920690),
('Student', '111', 1482920949),
('Student', '112', 1482921112),
('Student', '113', 1482921316),
('Student', '114', 1482921570),
('Student', '115', 1482921861),
('Student', '116', 1482922136),
('Student', '117', 1482922315),
('Student', '118', 1482922505),
('Student', '119', 1482922786),
('Student', '12', 1432722790),
('Student', '120', 1482922998),
('Student', '121', 1482923217),
('Student', '122', 1482923413),
('Student', '123', 1482923653),
('Student', '124', 1482923889),
('Student', '125', 1482924084),
('Student', '126', 1482924304),
('Student', '128', 1484031025),
('Student', '129', 1484033439),
('Student', '13', 1432722852),
('Student', '130', 1484033741),
('Student', '131', 1484114080),
('Student', '132', 1484114314),
('Student', '133', 1484114487),
('Student', '134', 1484114664),
('Student', '135', 1484114866),
('Student', '136', 1484115101),
('Student', '137', 1484116455),
('Student', '138', 1484117392),
('Student', '139', 1484118581),
('Student', '14', 1432722904),
('Student', '140', 1484118729),
('Student', '141', 1484119057),
('Student', '142', 1484119425),
('Student', '143', 1484119538),
('Student', '144', 1484119719),
('Student', '145', 1484119863),
('Student', '146', 1484120620),
('Student', '147', 1484120758),
('Student', '148', 1484120934),
('Student', '16', 1432722957),
('Student', '17', 1432723047),
('Student', '18', 1432723142),
('Student', '2', 1432721814),
('Student', '3', 1432721957),
('Student', '34', 1481871458),
('Student', '35', 1481966115),
('Student', '36', 1482132494),
('Student', '37', 1482134254),
('Student', '38', 1482220610),
('Student', '39', 1482221626),
('Student', '40', 1482222892),
('Student', '41', 1482224887),
('Student', '42', 1482300073),
('Student', '43', 1482301790),
('Student', '44', 1482302911),
('Student', '45', 1482304417),
('Student', '46', 1482305186),
('Student', '47', 1482305843),
('Student', '48', 1482306953),
('Student', '49', 1482307622),
('Student', '5', 1432722136),
('Student', '50', 1482308681),
('Student', '51', 1482309891),
('Student', '52', 1482310402),
('Student', '53', 1482311036),
('Student', '54', 1482311519),
('Student', '55', 1482311992),
('Student', '56', 1482312421),
('Student', '57', 1482313435),
('Student', '58', 1482313829),
('Student', '59', 1482314526),
('Student', '6', 1432722271),
('Student', '60', 1482315614),
('Student', '61', 1482316094),
('Student', '62', 1482316453),
('Student', '63', 1482316890),
('Student', '64', 1482317324),
('Student', '65', 1482317761),
('Student', '66', 1482318419),
('Student', '67', 1482396595),
('Student', '68', 1482397151),
('Student', '69', 1482397574),
('Student', '7', 1432722395),
('Student', '70', 1482399154),
('Student', '71', 1482399592),
('Student', '72', 1482400109),
('Student', '73', 1482400737),
('Student', '74', 1482401274),
('Student', '75', 1482401667),
('Student', '76', 1482401976),
('Student', '77', 1482402506),
('Student', '78', 1482403293),
('Student', '79', 1482403668),
('Student', '8', 1432722482),
('Student', '80', 1482404143),
('Student', '81', 1482404469),
('Student', '82', 1482404961),
('Student', '83', 1482405452),
('Student', '84', 1482405716),
('Student', '85', 1482484098),
('Student', '86', 1482484571),
('Student', '87', 1482486154),
('Student', '88', 1482490308),
('Student', '89', 1482743580),
('Student', '9', 1432722535),
('Student', '90', 1482745591),
('Student', '91', 1482746051),
('Student', '92', 1482746429),
('Student', '93', 1482747611),
('Student', '94', 1482747935),
('Student', '95', 1482748300),
('Student', '96', 1482748686),
('Student', '97', 1482749586),
('Student', '98', 1482749924),
('Student', '99', 1482751196),
('SuperAdmin', '1', 1432720135);

-- --------------------------------------------------------

--
-- Table structure for table `auth_item`
--

CREATE TABLE IF NOT EXISTS `auth_item` (
  `name` varchar(64) NOT NULL,
  `type` int(11) NOT NULL,
  `description` text,
  `rule_name` varchar(64) DEFAULT NULL,
  `data` text,
  `created_at` int(11) DEFAULT NULL,
  `updated_at` int(11) DEFAULT NULL,
  PRIMARY KEY (`name`),
  KEY `rule_name` (`rule_name`),
  KEY `type` (`type`)
) ENGINE=InnoDB DEFAULT CHARSET=utf8;

--
-- Dumping data for table `auth_item`
--

INSERT INTO `auth_item` (`name`, `type`, `description`, `rule_name`, `data`, `created_at`, `updated_at`) VALUES
('/*', 2, '/*', NULL, NULL, 1432554657, 1432554657),
('/auth-assignment/*', 2, '/auth-assignment/*', NULL, NULL, 1432554652, 1432554652),
('/auth-assignment/create', 2, '/auth-assignment/create', NULL, NULL, 1432554652, 1432554652),
('/auth-assignment/delete', 2, '/auth-assignment/delete', NULL, NULL, 1432554652, 1432554652),
('/auth-assignment/index', 2, '/auth-assignment/index', NULL, NULL, 1432554652, 1432554652),
('/auth-assignment/update', 2, '/auth-assignment/update', NULL, NULL, 1432554652, 1432554652),
('/auth-assignment/view', 2, '/auth-assignment/view', NULL, NULL, 1432554652, 1432554652),
('/city/*', 2, '/city/*', NULL, NULL, 1432554652, 1432554652),
('/city/create', 2, '/city/create', NULL, NULL, 1432555253, 1432555253),
('/city/delete', 2, '/city/delete', NULL, NULL, 1432554652, 1432554652),
('/city/index', 2, '/city/index', NULL, NULL, 1432554652, 1432554652),
('/city/update', 2, '/city/update', NULL, NULL, 1432554652, 1432554652),
('/city/view', 2, '/city/view', NULL, NULL, 1432554652, 1432554652),
('/country/*', 2, '/country/*', NULL, NULL, 1432554653, 1432554653),
('/country/create', 2, '/country/create', NULL, NULL, 1432554652, 1432554652),
('/country/delete', 2, '/country/delete', NULL, NULL, 1432554653, 1432554653),
('/country/index', 2, '/country/index', NULL, NULL, 1432554652, 1432554652),
('/country/update', 2, '/country/update', NULL, NULL, 1432554652, 1432554652),
('/country/view', 2, '/country/view', NULL, NULL, 1432554652, 1432554652),
('/course/*', 2, '/course/*', NULL, NULL, 1432554639, 1432554639),
('/course/batches/*', 2, '/course/batches/*', NULL, NULL, 1432554638, 1432554638),
('/course/batches/create', 2, '/course/batches/create', NULL, NULL, 1432554638, 1432554638),
('/course/batches/delete', 2, '/course/batches/delete', NULL, NULL, 1432554638, 1432554638),
('/course/batches/index', 2, '/course/batches/index', NULL, NULL, 1432554638, 1432554638),
('/course/batches/toggle', 2, '/course/batches/toggle', NULL, NULL, 1432554638, 1432554638),
('/course/batches/update', 2, '/course/batches/update', NULL, NULL, 1432554638, 1432554638),
('/course/batches/view', 2, '/course/batches/view', NULL, NULL, 1432554638, 1432554638),
('/course/courses/*', 2, '/course/courses/*', NULL, NULL, 1432554638, 1432554638),
('/course/courses/create', 2, '/course/courses/create', NULL, NULL, 1432554638, 1432554638),
('/course/courses/delete', 2, '/course/courses/delete', NULL, NULL, 1432554638, 1432554638),
('/course/courses/index', 2, '/course/courses/index', NULL, NULL, 1432554638, 1432554638),
('/course/courses/toggle', 2, '/course/courses/toggle', NULL, NULL, 1432554638, 1432554638),
('/course/courses/update', 2, '/course/courses/update', NULL, NULL, 1432554638, 1432554638),
('/course/courses/view', 2, '/course/courses/view', NULL, NULL, 1432554638, 1432554638),
('/course/default/*', 2, '/course/default/*', NULL, NULL, 1432554639, 1432554639),
('/course/default/index', 2, '/course/default/index', NULL, NULL, 1432554638, 1432554638),
('/course/section/*', 2, '/course/section/*', NULL, NULL, 1432554639, 1432554639),
('/course/section/create', 2, '/course/section/create', NULL, NULL, 1432554639, 1432554639),
('/course/section/delete', 2, '/course/section/delete', NULL, NULL, 1432554639, 1432554639),
('/course/section/index', 2, '/course/section/index', NULL, NULL, 1432554639, 1432554639),
('/course/section/toggle', 2, '/course/section/toggle', NULL, NULL, 1432554639, 1432554639),
('/course/section/update', 2, '/course/section/update', NULL, NULL, 1432554639, 1432554639),
('/course/section/view', 2, '/course/section/view', NULL, NULL, 1432554639, 1432554639),
('/dashboard/*', 2, '/dashboard/*', NULL, NULL, 1432554649, 1432554649),
('/dashboard/default/*', 2, '/dashboard/default/*', NULL, NULL, 1432554647, 1432554647),
('/dashboard/default/index', 2, '/dashboard/default/index', NULL, NULL, 1432554647, 1432554647),
('/dashboard/events/*', 2, '/dashboard/events/*', NULL, NULL, 1432554648, 1432554648),
('/dashboard/events/add-event', 2, '/dashboard/events/add-event', NULL, NULL, 1432554647, 1432554647),
('/dashboard/events/event-delete', 2, '/dashboard/events/event-delete', NULL, NULL, 1432554648, 1432554648),
('/dashboard/events/index', 2, '/dashboard/events/index', NULL, NULL, 1432554647, 1432554647),
('/dashboard/events/update-event', 2, '/dashboard/events/update-event', NULL, NULL, 1432554648, 1432554648),
('/dashboard/events/view', 2, '/dashboard/events/view', NULL, NULL, 1432554647, 1432554647),
('/dashboard/events/view-events', 2, '/dashboard/events/view-events', NULL, NULL, 1432554647, 1432554647),
('/dashboard/msg-of-day/*', 2, '/dashboard/msg-of-day/*', NULL, NULL, 1432554648, 1432554648),
('/dashboard/msg-of-day/create', 2, '/dashboard/msg-of-day/create', NULL, NULL, 1432554648, 1432554648),
('/dashboard/msg-of-day/delete', 2, '/dashboard/msg-of-day/delete', NULL, NULL, 1432554648, 1432554648),
('/dashboard/msg-of-day/index', 2, '/dashboard/msg-of-day/index', NULL, NULL, 1432554648, 1432554648),
('/dashboard/msg-of-day/toggle', 2, '/dashboard/msg-of-day/toggle', NULL, NULL, 1432554648, 1432554648),
('/dashboard/msg-of-day/update', 2, '/dashboard/msg-of-day/update', NULL, NULL, 1432554648, 1432554648),
('/dashboard/msg-of-day/view', 2, '/dashboard/msg-of-day/view', NULL, NULL, 1432554648, 1432554648),
('/dashboard/notice/*', 2, '/dashboard/notice/*', NULL, NULL, 1432554649, 1432554649),
('/dashboard/notice/create', 2, '/dashboard/notice/create', NULL, NULL, 1432554649, 1432554649),
('/dashboard/notice/delete', 2, '/dashboard/notice/delete', NULL, NULL, 1432554649, 1432554649),
('/dashboard/notice/index', 2, '/dashboard/notice/index', NULL, NULL, 1432554649, 1432554649),
('/dashboard/notice/notice-file', 2, '/dashboard/notice/notice-file', NULL, NULL, 1432554649, 1432554649),
('/dashboard/notice/toggle', 2, '/dashboard/notice/toggle', NULL, NULL, 1432554649, 1432554649),
('/dashboard/notice/update', 2, '/dashboard/notice/update', NULL, NULL, 1432554649, 1432554649),
('/dashboard/notice/view', 2, '/dashboard/notice/view', NULL, NULL, 1432554649, 1432554649),
('/dashboard/notice/view-popup', 2, '/dashboard/notice/view-popup', NULL, NULL, 1432554649, 1432554649),
('/debug/*', 2, '/debug/*', NULL, NULL, 1432554651, 1432554651),
('/debug/default/*', 2, '/debug/default/*', NULL, NULL, 1432554651, 1432554651),
('/debug/default/download-mail', 2, '/debug/default/download-mail', NULL, NULL, 1432554651, 1432554651),
('/debug/default/index', 2, '/debug/default/index', NULL, NULL, 1432554651, 1432554651),
('/debug/default/toolbar', 2, '/debug/default/toolbar', NULL, NULL, 1432554651, 1432554651),
('/debug/default/view', 2, '/debug/default/view', NULL, NULL, 1432554651, 1432554651),
('/default/*', 2, '/default/*', NULL, NULL, 1432554653, 1432554653),
('/default/index', 2, '/default/index', NULL, NULL, 1432554653, 1432554653),
('/dependent/*', 2, '/dependent/*', NULL, NULL, 1432554653, 1432554653),
('/dependent/getcity', 2, '/dependent/getcity', NULL, NULL, 1432554653, 1432554653),
('/dependent/getorgcity', 2, '/dependent/getorgcity', NULL, NULL, 1432554653, 1432554653),
('/dependent/getorgstate', 2, '/dependent/getorgstate', NULL, NULL, 1432554653, 1432554653),
('/dependent/getstate', 2, '/dependent/getstate', NULL, NULL, 1432554653, 1432554653),
('/dependent/index', 2, '/dependent/index', NULL, NULL, 1432554653, 1432554653),
('/dependent/studbatch', 2, '/dependent/studbatch', NULL, NULL, 1432554653, 1432554653),
('/dependent/studsection', 2, '/dependent/studsection', NULL, NULL, 1432554653, 1432554653),
('/document-category/*', 2, '/document-category/*', NULL, NULL, 1432554653, 1432554653),
('/document-category/create', 2, '/document-category/create', NULL, NULL, 1432554653, 1432554653),
('/document-category/delete', 2, '/document-category/delete', NULL, NULL, 1432554653, 1432554653),
('/document-category/index', 2, '/document-category/index', NULL, NULL, 1432554653, 1432554653),
('/document-category/update', 2, '/document-category/update', NULL, NULL, 1432554653, 1432554653),
('/document-category/view', 2, '/document-category/view', NULL, NULL, 1432554653, 1432554653),
('/employee/*', 2, '/employee/*', NULL, NULL, 1432554645, 1432554645),
('/employee/default/*', 2, '/employee/default/*', NULL, NULL, 1432554642, 1432554642),
('/employee/default/index', 2, '/employee/default/index', NULL, NULL, 1432554642, 1432554642),
('/employee/dependent/*', 2, '/employee/dependent/*', NULL, NULL, 1432554642, 1432554642),
('/employee/dependent/emp-c-city', 2, '/employee/dependent/emp-c-city', NULL, NULL, 1432554642, 1432554642),
('/employee/dependent/emp-c-state', 2, '/employee/dependent/emp-c-state', NULL, NULL, 1432554642, 1432554642),
('/employee/dependent/emp-p-city', 2, '/employee/dependent/emp-p-city', NULL, NULL, 1432554642, 1432554642),
('/employee/dependent/emp-p-state', 2, '/employee/dependent/emp-p-state', NULL, NULL, 1432554642, 1432554642),
('/employee/emp-address/*', 2, '/employee/emp-address/*', NULL, NULL, 1432554642, 1432554642),
('/employee/emp-address/create', 2, '/employee/emp-address/create', NULL, NULL, 1432554642, 1432554642),
('/employee/emp-address/delete', 2, '/employee/emp-address/delete', NULL, NULL, 1432554642, 1432554642),
('/employee/emp-address/index', 2, '/employee/emp-address/index', NULL, NULL, 1432554642, 1432554642),
('/employee/emp-address/update', 2, '/employee/emp-address/update', NULL, NULL, 1432554642, 1432554642),
('/employee/emp-address/view', 2, '/employee/emp-address/view', NULL, NULL, 1432554642, 1432554642),
('/employee/emp-category/*', 2, '/employee/emp-category/*', NULL, NULL, 1432554643, 1432554643),
('/employee/emp-category/create', 2, '/employee/emp-category/create', NULL, NULL, 1432554643, 1432554643),
('/employee/emp-category/delete', 2, '/employee/emp-category/delete', NULL, NULL, 1432554643, 1432554643),
('/employee/emp-category/index', 2, '/employee/emp-category/index', NULL, NULL, 1432554642, 1432554642),
('/employee/emp-category/update', 2, '/employee/emp-category/update', NULL, NULL, 1432554643, 1432554643),
('/employee/emp-category/view', 2, '/employee/emp-category/view', NULL, NULL, 1432554643, 1432554643),
('/employee/emp-department/*', 2, '/employee/emp-department/*', NULL, NULL, 1432554643, 1432554643),
('/employee/emp-department/create', 2, '/employee/emp-department/create', NULL, NULL, 1432554643, 1432554643),
('/employee/emp-department/delete', 2, '/employee/emp-department/delete', NULL, NULL, 1432554643, 1432554643),
('/employee/emp-department/index', 2, '/employee/emp-department/index', NULL, NULL, 1432554643, 1432554643),
('/employee/emp-department/update', 2, '/employee/emp-department/update', NULL, NULL, 1432554643, 1432554643),
('/employee/emp-department/view', 2, '/employee/emp-department/view', NULL, NULL, 1432554643, 1432554643),
('/employee/emp-designation/*', 2, '/employee/emp-designation/*', NULL, NULL, 1432554643, 1432554643),
('/employee/emp-designation/create', 2, '/employee/emp-designation/create', NULL, NULL, 1432554643, 1432554643),
('/employee/emp-designation/delete', 2, '/employee/emp-designation/delete', NULL, NULL, 1432554643, 1432554643),
('/employee/emp-designation/index', 2, '/employee/emp-designation/index', NULL, NULL, 1432554643, 1432554643),
('/employee/emp-designation/update', 2, '/employee/emp-designation/update', NULL, NULL, 1432554643, 1432554643),
('/employee/emp-designation/view', 2, '/employee/emp-designation/view', NULL, NULL, 1432554643, 1432554643),
('/employee/emp-docs/*', 2, '/employee/emp-docs/*', NULL, NULL, 1432554644, 1432554644),
('/employee/emp-docs/create', 2, '/employee/emp-docs/create', NULL, NULL, 1432554643, 1432554643),
('/employee/emp-docs/delete', 2, '/employee/emp-docs/delete', NULL, NULL, 1432554643, 1432554643),
('/employee/emp-docs/index', 2, '/employee/emp-docs/index', NULL, NULL, 1432554643, 1432554643),
('/employee/emp-docs/update', 2, '/employee/emp-docs/update', NULL, NULL, 1432554643, 1432554643),
('/employee/emp-docs/view', 2, '/employee/emp-docs/view', NULL, NULL, 1432554643, 1432554643),
('/employee/emp-info/*', 2, '/employee/emp-info/*', NULL, NULL, 1432554644, 1432554644),
('/employee/emp-info/create', 2, '/employee/emp-info/create', NULL, NULL, 1432554644, 1432554644),
('/employee/emp-info/delete', 2, '/employee/emp-info/delete', NULL, NULL, 1432554644, 1432554644),
('/employee/emp-info/index', 2, '/employee/emp-info/index', NULL, NULL, 1432554644, 1432554644),
('/employee/emp-info/update', 2, '/employee/emp-info/update', NULL, NULL, 1432554644, 1432554644),
('/employee/emp-info/view', 2, '/employee/emp-info/view', NULL, NULL, 1432554644, 1432554644),
('/employee/emp-master/*', 2, '/employee/emp-master/*', NULL, NULL, 1432554644, 1432554644),
('/employee/emp-master/adddocs', 2, '/employee/emp-master/adddocs', NULL, NULL, 1432554644, 1432554644),
('/employee/emp-master/change-status', 2, '/employee/emp-master/change-status', NULL, NULL, 1432554644, 1432554644),
('/employee/emp-master/create', 2, '/employee/emp-master/create', NULL, NULL, 1432554644, 1432554644),
('/employee/emp-master/delete', 2, '/employee/emp-master/delete', NULL, NULL, 1432554644, 1432554644),
('/employee/emp-master/delete-doc', 2, '/employee/emp-master/delete-doc', NULL, NULL, 1432554644, 1432554644),
('/employee/emp-master/docs-download', 2, '/employee/emp-master/docs-download', NULL, NULL, 1432554644, 1432554644),
('/employee/emp-master/emp-photo', 2, '/employee/emp-master/emp-photo', NULL, NULL, 1432554644, 1432554644),
('/employee/emp-master/index', 2, '/employee/emp-master/index', NULL, NULL, 1432554644, 1432554644),
('/employee/emp-master/update', 2, '/employee/emp-master/update', NULL, NULL, 1432554644, 1432554644),
('/employee/emp-master/view', 2, '/employee/emp-master/view', NULL, NULL, 1432554644, 1432554644),
('/employee/emp-status/*', 2, '/employee/emp-status/*', NULL, NULL, 1432554645, 1432554645),
('/employee/emp-status/create', 2, '/employee/emp-status/create', NULL, NULL, 1432554645, 1432554645),
('/employee/emp-status/delete', 2, '/employee/emp-status/delete', NULL, NULL, 1432554645, 1432554645),
('/employee/emp-status/index', 2, '/employee/emp-status/index', NULL, NULL, 1432554644, 1432554644),
('/employee/emp-status/update', 2, '/employee/emp-status/update', NULL, NULL, 1432554645, 1432554645),
('/employee/emp-status/view', 2, '/employee/emp-status/view', NULL, NULL, 1432554644, 1432554644),
('/employee/export-data/*', 2, '/employee/export-data/*', NULL, NULL, 1432554645, 1432554645),
('/employee/export-data/employee-profile-pdf', 2, '/employee/export-data/employee-profile-pdf', NULL, NULL, 1432554645, 1432554645),
('/export-data/*', 2, '/export-data/*', NULL, NULL, 1432554653, 1432554653),
('/export-data/export-excel', 2, '/export-data/export-excel', NULL, NULL, 1432554653, 1432554653),
('/export-data/export-to-pdf', 2, '/export-data/export-to-pdf', NULL, NULL, 1432554653, 1432554653),
('/fees/*', 2, '/fees/*', NULL, NULL, 1432554646, 1432554646),
('/fees/bank-master/*', 2, '/fees/bank-master/*', NULL, NULL, 1432554645, 1432554645),
('/fees/bank-master/create', 2, '/fees/bank-master/create', NULL, NULL, 1432554645, 1432554645),
('/fees/bank-master/delete', 2, '/fees/bank-master/delete', NULL, NULL, 1432554645, 1432554645),
('/fees/bank-master/index', 2, '/fees/bank-master/index', NULL, NULL, 1432554645, 1432554645),
('/fees/bank-master/update', 2, '/fees/bank-master/update', NULL, NULL, 1432554645, 1432554645),
('/fees/bank-master/view', 2, '/fees/bank-master/view', NULL, NULL, 1432554645, 1432554645),
('/fees/default/*', 2, '/fees/default/*', NULL, NULL, 1432554645, 1432554645),
('/fees/default/index', 2, '/fees/default/index', NULL, NULL, 1432554645, 1432554645),
('/fees/dependent/*', 2, '/fees/dependent/*', NULL, NULL, 1432554645, 1432554645),
('/fees/dependent/get-fees-category', 2, '/fees/dependent/get-fees-category', NULL, NULL, 1432554645, 1432554645),
('/fees/fees-category-details/*', 2, '/fees/fees-category-details/*', NULL, NULL, 1432554646, 1432554646),
('/fees/fees-category-details/create', 2, '/fees/fees-category-details/create', NULL, NULL, 1432554645, 1432554645),
('/fees/fees-category-details/delete', 2, '/fees/fees-category-details/delete', NULL, NULL, 1432554646, 1432554646),
('/fees/fees-category-details/index', 2, '/fees/fees-category-details/index', NULL, NULL, 1432554645, 1432554645),
('/fees/fees-category-details/update', 2, '/fees/fees-category-details/update', NULL, NULL, 1432554646, 1432554646),
('/fees/fees-category-details/view', 2, '/fees/fees-category-details/view', NULL, NULL, 1432554645, 1432554645),
('/fees/fees-collect-category/*', 2, '/fees/fees-collect-category/*', NULL, NULL, 1432554646, 1432554646),
('/fees/fees-collect-category/create', 2, '/fees/fees-collect-category/create', NULL, NULL, 1432554646, 1432554646),
('/fees/fees-collect-category/delete', 2, '/fees/fees-collect-category/delete', NULL, NULL, 1432554646, 1432554646),
('/fees/fees-collect-category/index', 2, '/fees/fees-collect-category/index', NULL, NULL, 1432554646, 1432554646),
('/fees/fees-collect-category/toggle', 2, '/fees/fees-collect-category/toggle', NULL, NULL, 1432554646, 1432554646),
('/fees/fees-collect-category/update', 2, '/fees/fees-collect-category/update', NULL, NULL, 1432554646, 1432554646),
('/fees/fees-collect-category/view', 2, '/fees/fees-collect-category/view', NULL, NULL, 1432554646, 1432554646),
('/fees/fees-payment-transaction/*', 2, '/fees/fees-payment-transaction/*', NULL, NULL, 1432554646, 1432554646),
('/fees/fees-payment-transaction/collect', 2, '/fees/fees-payment-transaction/collect', NULL, NULL, 1432554646, 1432554646),
('/fees/fees-payment-transaction/delete', 2, '/fees/fees-payment-transaction/delete', NULL, NULL, 1432554646, 1432554646),
('/fees/fees-payment-transaction/export-fcc-wise-fees-pdf', 2, '/fees/fees-payment-transaction/export-fcc-wise-fees-pdf', NULL, NULL, 1432554646, 1432554646),
('/fees/fees-payment-transaction/pay-fees', 2, '/fees/fees-payment-transaction/pay-fees', NULL, NULL, 1432554646, 1432554646),
('/fees/fees-payment-transaction/print-common-receipt', 2, '/fees/fees-payment-transaction/print-common-receipt', NULL, NULL, 1432554646, 1432554646),
('/fees/fees-payment-transaction/stu-fees-data', 2, '/fees/fees-payment-transaction/stu-fees-data', NULL, NULL, 1432554646, 1432554646),
('/fees/fees-payment-transaction/update', 2, '/fees/fees-payment-transaction/update', NULL, NULL, 1432554646, 1432554646),
('/fees/fees-payment-transaction/view', 2, '/fees/fees-payment-transaction/view', NULL, NULL, 1432554646, 1432554646),
('/gii/*', 2, '/gii/*', NULL, NULL, 1432554652, 1432554652),
('/gii/default/*', 2, '/gii/default/*', NULL, NULL, 1432554652, 1432554652),
('/gii/default/action', 2, '/gii/default/action', NULL, NULL, 1432554652, 1432554652),
('/gii/default/diff', 2, '/gii/default/diff', NULL, NULL, 1432554652, 1432554652),
('/gii/default/index', 2, '/gii/default/index', NULL, NULL, 1432554651, 1432554651),
('/gii/default/preview', 2, '/gii/default/preview', NULL, NULL, 1432554651, 1432554651),
('/gii/default/view', 2, '/gii/default/view', NULL, NULL, 1432554651, 1432554651),
('/installation/*', 2, NULL, NULL, NULL, 1447656806, 1447656806),
('/installation/db-config', 2, NULL, NULL, NULL, 1447656806, 1447656806),
('/installation/db-import', 2, NULL, NULL, NULL, 1447656806, 1447656806),
('/installation/index', 2, NULL, NULL, NULL, 1447656806, 1447656806),
('/installation/institute-setup', 2, NULL, NULL, NULL, 1447656806, 1447656806),
('/installation/setup-completed', 2, NULL, NULL, NULL, 1447656806, 1447656806),
('/installation/user-setup', 2, NULL, NULL, NULL, 1447656806, 1447656806),
('/languages/*', 2, '/languages/*', NULL, NULL, 1432554654, 1432554654),
('/languages/create', 2, '/languages/create', NULL, NULL, 1432554654, 1432554654),
('/languages/delete', 2, '/languages/delete', NULL, NULL, 1432554654, 1432554654),
('/languages/index', 2, '/languages/index', NULL, NULL, 1432554653, 1432554653),
('/languages/update', 2, '/languages/update', NULL, NULL, 1432554654, 1432554654),
('/languages/view', 2, '/languages/view', NULL, NULL, 1432554654, 1432554654),
('/login-details/*', 2, '/login-details/*', NULL, NULL, 1432554654, 1432554654),
('/login-details/create', 2, '/login-details/create', NULL, NULL, 1432554654, 1432554654),
('/login-details/delete', 2, '/login-details/delete', NULL, NULL, 1432554654, 1432554654),
('/login-details/index', 2, '/login-details/index', NULL, NULL, 1432554654, 1432554654),
('/login-details/update', 2, '/login-details/update', NULL, NULL, 1432554654, 1432554654),
('/login-details/view', 2, '/login-details/view', NULL, NULL, 1432554654, 1432554654),
('/national-holidays/*', 2, '/national-holidays/*', NULL, NULL, 1432554654, 1432554654),
('/national-holidays/create', 2, '/national-holidays/create', NULL, NULL, 1432554654, 1432554654),
('/national-holidays/delete', 2, '/national-holidays/delete', NULL, NULL, 1432554654, 1432554654),
('/national-holidays/index', 2, '/national-holidays/index', NULL, NULL, 1432554654, 1432554654),
('/national-holidays/update', 2, '/national-holidays/update', NULL, NULL, 1432554654, 1432554654),
('/national-holidays/view', 2, '/national-holidays/view', NULL, NULL, 1432554654, 1432554654),
('/nationality/*', 2, '/nationality/*', NULL, NULL, 1432554655, 1432554655),
('/nationality/create', 2, '/nationality/create', NULL, NULL, 1432554654, 1432554654),
('/nationality/delete', 2, '/nationality/delete', NULL, NULL, 1432554655, 1432554655),
('/nationality/index', 2, '/nationality/index', NULL, NULL, 1432554654, 1432554654),
('/nationality/update', 2, '/nationality/update', NULL, NULL, 1432554655, 1432554655),
('/nationality/view', 2, '/nationality/view', NULL, NULL, 1432554654, 1432554654),
('/organization/*', 2, '/organization/*', NULL, NULL, 1432554655, 1432554655),
('/organization/create', 2, '/organization/create', NULL, NULL, 1432554655, 1432554655),
('/organization/delete', 2, '/organization/delete', NULL, NULL, 1432554655, 1432554655),
('/organization/index', 2, '/organization/index', NULL, NULL, 1432554655, 1432554655),
('/organization/update', 2, '/organization/update', NULL, NULL, 1432554655, 1432554655),
('/organization/view', 2, '/organization/view', NULL, NULL, 1432554655, 1432554655),
('/report/*', 2, '/report/*', NULL, NULL, 1432554647, 1432554647),
('/report/default/*', 2, '/report/default/*', NULL, NULL, 1432554647, 1432554647),
('/report/default/index', 2, '/report/default/index', NULL, NULL, 1432554646, 1432554646),
('/report/dependent/*', 2, '/report/dependent/*', NULL, NULL, 1432554647, 1432554647),
('/report/dependent/index', 2, '/report/dependent/index', NULL, NULL, 1432554647, 1432554647),
('/report/dependent/studbatch', 2, '/report/dependent/studbatch', NULL, NULL, 1432554647, 1432554647),
('/report/dependent/studsection', 2, '/report/dependent/studsection', NULL, NULL, 1432554647, 1432554647),
('/report/empinforeport', 2, '/report/empinforeport', NULL, NULL, 1432554655, 1432554655),
('/report/employee/*', 2, '/report/employee/*', NULL, NULL, 1432554647, 1432554647),
('/report/employee/empinforeport', 2, '/report/employee/empinforeport', NULL, NULL, 1432554647, 1432554647),
('/report/employee/index', 2, '/report/employee/index', NULL, NULL, 1432554647, 1432554647),
('/report/employee/selected-employee-list', 2, '/report/employee/selected-employee-list', NULL, NULL, 1432554647, 1432554647),
('/report/index', 2, '/report/index', NULL, NULL, 1432554655, 1432554655),
('/report/selected-employee-list', 2, '/report/selected-employee-list', NULL, NULL, 1432554655, 1432554655),
('/report/selected-student-list', 2, '/report/selected-student-list', NULL, NULL, 1432554655, 1432554655),
('/report/student/*', 2, '/report/student/*', NULL, NULL, 1432554647, 1432554647),
('/report/student/index', 2, '/report/student/index', NULL, NULL, 1432554647, 1432554647),
('/report/student/selected-student-list', 2, '/report/student/selected-student-list', NULL, NULL, 1432554647, 1432554647),
('/report/student/stuinforeport', 2, '/report/student/stuinforeport', NULL, NULL, 1432554647, 1432554647),
('/report/stuinforeport', 2, '/report/stuinforeport', NULL, NULL, 1432554655, 1432554655),
('/rights/*', 2, '/rights/*', NULL, NULL, 1432554651, 1432554651),
('/rights/assignment/*', 2, '/rights/assignment/*', NULL, NULL, 1432554649, 1432554649),
('/rights/assignment/assign', 2, '/rights/assignment/assign', NULL, NULL, 1432554649, 1432554649),
('/rights/assignment/index', 2, '/rights/assignment/index', NULL, NULL, 1432554649, 1432554649),
('/rights/assignment/role-search', 2, '/rights/assignment/role-search', NULL, NULL, 1432554649, 1432554649),
('/rights/assignment/view', 2, '/rights/assignment/view', NULL, NULL, 1432554649, 1432554649),
('/rights/default/*', 2, '/rights/default/*', NULL, NULL, 1432554649, 1432554649),
('/rights/default/index', 2, '/rights/default/index', NULL, NULL, 1432554649, 1432554649),
('/rights/menu/*', 2, '/rights/menu/*', NULL, NULL, 1432554650, 1432554650),
('/rights/menu/create', 2, '/rights/menu/create', NULL, NULL, 1432554650, 1432554650),
('/rights/menu/delete', 2, '/rights/menu/delete', NULL, NULL, 1432554650, 1432554650),
('/rights/menu/index', 2, '/rights/menu/index', NULL, NULL, 1432554650, 1432554650),
('/rights/menu/update', 2, '/rights/menu/update', NULL, NULL, 1432554650, 1432554650),
('/rights/menu/view', 2, '/rights/menu/view', NULL, NULL, 1432554650, 1432554650),
('/rights/permission/*', 2, '/rights/permission/*', NULL, NULL, 1432554650, 1432554650),
('/rights/permission/assign', 2, '/rights/permission/assign', NULL, NULL, 1432554650, 1432554650),
('/rights/permission/create', 2, '/rights/permission/create', NULL, NULL, 1432554650, 1432554650),
('/rights/permission/delete', 2, '/rights/permission/delete', NULL, NULL, 1432554650, 1432554650),
('/rights/permission/index', 2, '/rights/permission/index', NULL, NULL, 1432554650, 1432554650),
('/rights/permission/role-search', 2, '/rights/permission/role-search', NULL, NULL, 1432554650, 1432554650),
('/rights/permission/update', 2, '/rights/permission/update', NULL, NULL, 1432554650, 1432554650),
('/rights/permission/view', 2, '/rights/permission/view', NULL, NULL, 1432554650, 1432554650),
('/rights/role/*', 2, '/rights/role/*', NULL, NULL, 1432554651, 1432554651),
('/rights/role/assign', 2, '/rights/role/assign', NULL, NULL, 1432554650, 1432554650),
('/rights/role/create', 2, '/rights/role/create', NULL, NULL, 1432554650, 1432554650),
('/rights/role/delete', 2, '/rights/role/delete', NULL, NULL, 1432554650, 1432554650),
('/rights/role/index', 2, '/rights/role/index', NULL, NULL, 1432554650, 1432554650),
('/rights/role/role-search', 2, '/rights/role/role-search', NULL, NULL, 1432554651, 1432554651),
('/rights/role/update', 2, '/rights/role/update', NULL, NULL, 1432554650, 1432554650),
('/rights/role/view', 2, '/rights/role/view', NULL, NULL, 1432554650, 1432554650),
('/rights/route/*', 2, '/rights/route/*', NULL, NULL, 1432554651, 1432554651),
('/rights/route/assign', 2, '/rights/route/assign', NULL, NULL, 1432554651, 1432554651),
('/rights/route/create', 2, '/rights/route/create', NULL, NULL, 1432554651, 1432554651),
('/rights/route/index', 2, '/rights/route/index', NULL, NULL, 1432554651, 1432554651),
('/rights/route/route-search', 2, '/rights/route/route-search', NULL, NULL, 1432554651, 1432554651),
('/rights/rule/*', 2, '/rights/rule/*', NULL, NULL, 1432554651, 1432554651),
('/rights/rule/create', 2, '/rights/rule/create', NULL, NULL, 1432554651, 1432554651),
('/rights/rule/delete', 2, '/rights/rule/delete', NULL, NULL, 1432554651, 1432554651),
('/rights/rule/index', 2, '/rights/rule/index', NULL, NULL, 1432554651, 1432554651),
('/rights/rule/update', 2, '/rights/rule/update', NULL, NULL, 1432554651, 1432554651),
('/rights/rule/view', 2, '/rights/rule/view', NULL, NULL, 1432554651, 1432554651),
('/site/*', 2, '/site/*', NULL, NULL, 1432554656, 1432554656),
('/site/about', 2, '/site/about', NULL, NULL, 1432554656, 1432554656),
('/site/captcha', 2, '/site/captcha', NULL, NULL, 1432554655, 1432554655),
('/site/contact', 2, '/site/contact', NULL, NULL, 1432554655, 1432554655),
('/site/error', 2, '/site/error', NULL, NULL, 1432554655, 1432554655),
('/site/forgotpassword', 2, '/site/forgotpassword', NULL, NULL, 1432554655, 1432554655),
('/site/index', 2, '/site/index', NULL, NULL, 1432554655, 1432554655),
('/site/language', 2, NULL, NULL, NULL, 1447656806, 1447656806),
('/site/loadimage', 2, '/site/loadimage', NULL, NULL, 1432554655, 1432554655),
('/site/login', 2, '/site/login', NULL, NULL, 1432554655, 1432554655),
('/site/logout', 2, '/site/logout', NULL, NULL, 1432554655, 1432554655),
('/state/*', 2, '/state/*', NULL, NULL, 1432554656, 1432554656),
('/state/create', 2, '/state/create', NULL, NULL, 1432554656, 1432554656),
('/state/delete', 2, '/state/delete', NULL, NULL, 1432554656, 1432554656),
('/state/index', 2, '/state/index', NULL, NULL, 1432554656, 1432554656),
('/state/update', 2, '/state/update', NULL, NULL, 1432554656, 1432554656),
('/state/view', 2, '/state/view', NULL, NULL, 1432554656, 1432554656),
('/student/*', 2, '/student/*', NULL, NULL, 1432554642, 1432554642),
('/student/default/*', 2, '/student/default/*', NULL, NULL, 1432554639, 1432554639),
('/student/default/index', 2, '/student/default/index', NULL, NULL, 1432554639, 1432554639),
('/student/dependent/*', 2, '/student/dependent/*', NULL, NULL, 1432554639, 1432554639),
('/student/dependent/studbatch', 2, '/student/dependent/studbatch', NULL, NULL, 1432554639, 1432554639),
('/student/dependent/studsection', 2, '/student/dependent/studsection', NULL, NULL, 1432554639, 1432554639),
('/student/dependent/ustud-c-city', 2, '/student/dependent/ustud-c-city', NULL, NULL, 1432554639, 1432554639),
('/student/dependent/ustud-c-state', 2, '/student/dependent/ustud-c-state', NULL, NULL, 1432554639, 1432554639),
('/student/dependent/ustud-p-city', 2, '/student/dependent/ustud-p-city', NULL, NULL, 1432554639, 1432554639),
('/student/dependent/ustud-p-state', 2, '/student/dependent/ustud-p-state', NULL, NULL, 1432554639, 1432554639),
('/student/export-data/*', 2, '/student/export-data/*', NULL, NULL, 1432554639, 1432554639),
('/student/export-data/student-profile-pdf', 2, '/student/export-data/student-profile-pdf', NULL, NULL, 1432554639, 1432554639),
('/student/stu-address/*', 2, '/student/stu-address/*', NULL, NULL, 1432554640, 1432554640),
('/student/stu-address/create', 2, '/student/stu-address/create', NULL, NULL, 1432554639, 1432554639),
('/student/stu-address/delete', 2, '/student/stu-address/delete', NULL, NULL, 1432554640, 1432554640),
('/student/stu-address/index', 2, '/student/stu-address/index', NULL, NULL, 1432554639, 1432554639),
('/student/stu-address/update', 2, '/student/stu-address/update', NULL, NULL, 1432554640, 1432554640),
('/student/stu-address/view', 2, '/student/stu-address/view', NULL, NULL, 1432554639, 1432554639),
('/student/stu-category/*', 2, '/student/stu-category/*', NULL, NULL, 1432554640, 1432554640),
('/student/stu-category/create', 2, '/student/stu-category/create', NULL, NULL, 1432554640, 1432554640),
('/student/stu-category/delete', 2, '/student/stu-category/delete', NULL, NULL, 1432554640, 1432554640),
('/student/stu-category/index', 2, '/student/stu-category/index', NULL, NULL, 1432554640, 1432554640),
('/student/stu-category/update', 2, '/student/stu-category/update', NULL, NULL, 1432554640, 1432554640),
('/student/stu-category/view', 2, '/student/stu-category/view', NULL, NULL, 1432554640, 1432554640),
('/student/stu-docs/*', 2, '/student/stu-docs/*', NULL, NULL, 1432554640, 1432554640),
('/student/stu-docs/create', 2, '/student/stu-docs/create', NULL, NULL, 1432554640, 1432554640),
('/student/stu-docs/delete', 2, '/student/stu-docs/delete', NULL, NULL, 1432554640, 1432554640),
('/student/stu-docs/index', 2, '/student/stu-docs/index', NULL, NULL, 1432554640, 1432554640),
('/student/stu-docs/update', 2, '/student/stu-docs/update', NULL, NULL, 1432554640, 1432554640),
('/student/stu-docs/view', 2, '/student/stu-docs/view', NULL, NULL, 1432554640, 1432554640),
('/student/stu-guardians/*', 2, '/student/stu-guardians/*', NULL, NULL, 1432554641, 1432554641),
('/student/stu-guardians/create', 2, '/student/stu-guardians/create', NULL, NULL, 1432554640, 1432554640),
('/student/stu-guardians/delete', 2, '/student/stu-guardians/delete', NULL, NULL, 1432554640, 1432554640),
('/student/stu-guardians/index', 2, '/student/stu-guardians/index', NULL, NULL, 1432554640, 1432554640),
('/student/stu-guardians/update', 2, '/student/stu-guardians/update', NULL, NULL, 1432554640, 1432554640),
('/student/stu-guardians/view', 2, '/student/stu-guardians/view', NULL, NULL, 1432554640, 1432554640),
('/student/stu-import/*', 2, NULL, NULL, NULL, 1447656799, 1447656799),
('/student/stu-import/download-file', 2, NULL, NULL, NULL, 1447656799, 1447656799),
('/student/stu-import/index', 2, NULL, NULL, NULL, 1447656799, 1447656799),
('/student/stu-info/*', 2, '/student/stu-info/*', NULL, NULL, 1432554641, 1432554641),
('/student/stu-info/create', 2, '/student/stu-info/create', NULL, NULL, 1432554641, 1432554641),
('/student/stu-info/delete', 2, '/student/stu-info/delete', NULL, NULL, 1432554641, 1432554641),
('/student/stu-info/index', 2, '/student/stu-info/index', NULL, NULL, 1432554641, 1432554641),
('/student/stu-info/update', 2, '/student/stu-info/update', NULL, NULL, 1432554641, 1432554641),
('/student/stu-info/view', 2, '/student/stu-info/view', NULL, NULL, 1432554641, 1432554641),
('/student/stu-master/*', 2, '/student/stu-master/*', NULL, NULL, 1432554641, 1432554641),
('/student/stu-master/adddocs', 2, '/student/stu-master/adddocs', NULL, NULL, 1432554641, 1432554641),
('/student/stu-master/addguardian', 2, '/student/stu-master/addguardian', NULL, NULL, 1432554641, 1432554641),
('/student/stu-master/change-status', 2, '/student/stu-master/change-status', NULL, NULL, 1432554641, 1432554641),
('/student/stu-master/create', 2, '/student/stu-master/create', NULL, NULL, 1432554641, 1432554641),
('/student/stu-master/delete', 2, '/student/stu-master/delete', NULL, NULL, 1432554641, 1432554641),
('/student/stu-master/delete-doc', 2, '/student/stu-master/delete-doc', NULL, NULL, 1432554641, 1432554641),
('/student/stu-master/docs-download', 2, '/student/stu-master/docs-download', NULL, NULL, 1432554641, 1432554641),
('/student/stu-master/emg-change-status', 2, '/student/stu-master/emg-change-status', NULL, NULL, 1432554641, 1432554641),
('/student/stu-master/index', 2, '/student/stu-master/index', NULL, NULL, 1432554641, 1432554641),
('/student/stu-master/stu-photo', 2, '/student/stu-master/stu-photo', NULL, NULL, 1432554641, 1432554641),
('/student/stu-master/update', 2, '/student/stu-master/update', NULL, NULL, 1432554641, 1432554641),
('/student/stu-master/view', 2, '/student/stu-master/view', NULL, NULL, 1432554641, 1432554641),
('/student/stu-status/*', 2, '/student/stu-status/*', NULL, NULL, 1432554642, 1432554642),
('/student/stu-status/create', 2, '/student/stu-status/create', NULL, NULL, 1432554642, 1432554642),
('/student/stu-status/delete', 2, '/student/stu-status/delete', NULL, NULL, 1432554642, 1432554642),
('/student/stu-status/index', 2, '/student/stu-status/index', NULL, NULL, 1432554641, 1432554641),
('/student/stu-status/update', 2, '/student/stu-status/update', NULL, NULL, 1432554642, 1432554642),
('/student/stu-status/view', 2, '/student/stu-status/view', NULL, NULL, 1432554642, 1432554642),
('/subject-master/*', 2, '/subject-master/*', NULL, NULL, 1432554656, 1432554656),
('/subject-master/create', 2, '/subject-master/create', NULL, NULL, 1432554656, 1432554656),
('/subject-master/delete', 2, '/subject-master/delete', NULL, NULL, 1432554656, 1432554656),
('/subject-master/index', 2, '/subject-master/index', NULL, NULL, 1432554656, 1432554656),
('/subject-master/update', 2, '/subject-master/update', NULL, NULL, 1432554656, 1432554656),
('/subject-master/view', 2, '/subject-master/view', NULL, NULL, 1432554656, 1432554656),
('/user/*', 2, '/user/*', NULL, NULL, 1432554657, 1432554657),
('/user/change', 2, '/user/change', NULL, NULL, 1432554656, 1432554656),
('/user/create', 2, '/user/create', NULL, NULL, 1432554656, 1432554656),
('/user/delete', 2, '/user/delete', NULL, NULL, 1432554656, 1432554656),
('/user/index', 2, '/user/index', NULL, NULL, 1432554656, 1432554656),
('/user/resetemploginid', 2, '/user/resetemploginid', NULL, NULL, 1432554657, 1432554657),
('/user/resetemppassword', 2, '/user/resetemppassword', NULL, NULL, 1432554657, 1432554657),
('/user/resetstudloginid', 2, '/user/resetstudloginid', NULL, NULL, 1432554657, 1432554657),
('/user/resetstudpassword', 2, '/user/resetstudpassword', NULL, NULL, 1432554657, 1432554657),
('/user/update', 2, '/user/update', NULL, NULL, 1432554656, 1432554656),
('/user/update-emp-password', 2, '/user/update-emp-password', NULL, NULL, 1432554657, 1432554657),
('/user/update-stud-password', 2, '/user/update-stud-password', NULL, NULL, 1432554657, 1432554657),
('/user/updateemploginid', 2, '/user/updateemploginid', NULL, NULL, 1432554657, 1432554657),
('/user/updatestudloginid', 2, '/user/updatestudloginid', NULL, NULL, 1432554657, 1432554657),
('/user/view', 2, '/user/view', NULL, NULL, 1432554656, 1432554656),
('Configuration', 2, 'Access Configuration views', NULL, NULL, 1429870570, 1430298672),
('Employee', 1, 'Employee', NULL, NULL, 1422967395, 1430299553),
('Rights', 2, 'Access Rights Module Link', NULL, NULL, 1430227237, 1431776281),
('Student', 1, 'Student', NULL, NULL, 1422958231, 1422958231),
('SuperAdmin', 1, 'SuperAdmin', NULL, NULL, 1422957183, 1422957183),
('updateAllEmpInfo', 2, 'Update Employee all details', NULL, NULL, 1430979242, 1430979242),
('updateAllStuInfo', 2, 'Update Student all details', NULL, NULL, 1430913145, 1430913145);

-- --------------------------------------------------------

--
-- Table structure for table `auth_item_child`
--

CREATE TABLE IF NOT EXISTS `auth_item_child` (
  `parent` varchar(64) NOT NULL,
  `child` varchar(64) NOT NULL,
  PRIMARY KEY (`parent`,`child`),
  KEY `child` (`child`)
) ENGINE=InnoDB DEFAULT CHARSET=utf8;

--
-- Dumping data for table `auth_item_child`
--

INSERT INTO `auth_item_child` (`parent`, `child`) VALUES
('SuperAdmin', '/*'),
('SuperAdmin', '/auth-assignment/*'),
('SuperAdmin', '/auth-assignment/create'),
('SuperAdmin', '/auth-assignment/delete'),
('SuperAdmin', '/auth-assignment/index'),
('SuperAdmin', '/auth-assignment/update'),
('SuperAdmin', '/auth-assignment/view'),
('SuperAdmin', '/city/*'),
('SuperAdmin', '/city/create'),
('SuperAdmin', '/city/delete'),
('SuperAdmin', '/city/index'),
('SuperAdmin', '/city/update'),
('SuperAdmin', '/city/view'),
('SuperAdmin', '/country/*'),
('SuperAdmin', '/country/create'),
('SuperAdmin', '/country/delete'),
('SuperAdmin', '/country/index'),
('SuperAdmin', '/country/update'),
('SuperAdmin', '/country/view'),
('SuperAdmin', '/course/*'),
('SuperAdmin', '/course/batches/*'),
('SuperAdmin', '/course/batches/create'),
('SuperAdmin', '/course/batches/delete'),
('SuperAdmin', '/course/batches/index'),
('SuperAdmin', '/course/batches/toggle'),
('SuperAdmin', '/course/batches/update'),
('SuperAdmin', '/course/batches/view'),
('SuperAdmin', '/course/courses/*'),
('SuperAdmin', '/course/courses/create'),
('SuperAdmin', '/course/courses/delete'),
('Employee', '/course/courses/index'),
('Student', '/course/courses/index'),
('SuperAdmin', '/course/courses/index'),
('SuperAdmin', '/course/courses/toggle'),
('SuperAdmin', '/course/courses/update'),
('SuperAdmin', '/course/courses/view'),
('SuperAdmin', '/course/default/*'),
('Employee', '/course/default/index'),
('Student', '/course/default/index'),
('SuperAdmin', '/course/default/index'),
('SuperAdmin', '/course/section/*'),
('SuperAdmin', '/course/section/create'),
('SuperAdmin', '/course/section/delete'),
('SuperAdmin', '/course/section/index'),
('SuperAdmin', '/course/section/toggle'),
('SuperAdmin', '/course/section/update'),
('SuperAdmin', '/course/section/view'),
('SuperAdmin', '/dashboard/*'),
('SuperAdmin', '/dashboard/default/*'),
('SuperAdmin', '/dashboard/default/index'),
('SuperAdmin', '/dashboard/events/*'),
('SuperAdmin', '/dashboard/events/add-event'),
('SuperAdmin', '/dashboard/events/event-delete'),
('SuperAdmin', '/dashboard/events/index'),
('SuperAdmin', '/dashboard/events/update-event'),
('SuperAdmin', '/dashboard/events/view'),
('Employee', '/dashboard/events/view-events'),
('Student', '/dashboard/events/view-events'),
('SuperAdmin', '/dashboard/events/view-events'),
('SuperAdmin', '/dashboard/msg-of-day/*'),
('SuperAdmin', '/dashboard/msg-of-day/create'),
('SuperAdmin', '/dashboard/msg-of-day/delete'),
('SuperAdmin', '/dashboard/msg-of-day/index'),
('SuperAdmin', '/dashboard/msg-of-day/toggle'),
('SuperAdmin', '/dashboard/msg-of-day/update'),
('SuperAdmin', '/dashboard/msg-of-day/view'),
('SuperAdmin', '/dashboard/notice/*'),
('SuperAdmin', '/dashboard/notice/create'),
('SuperAdmin', '/dashboard/notice/delete'),
('SuperAdmin', '/dashboard/notice/index'),
('SuperAdmin', '/dashboard/notice/notice-file'),
('SuperAdmin', '/dashboard/notice/toggle'),
('SuperAdmin', '/dashboard/notice/update'),
('SuperAdmin', '/dashboard/notice/view'),
('Employee', '/dashboard/notice/view-popup'),
('Student', '/dashboard/notice/view-popup'),
('SuperAdmin', '/dashboard/notice/view-popup'),
('SuperAdmin', '/debug/*'),
('SuperAdmin', '/debug/default/*'),
('SuperAdmin', '/debug/default/download-mail'),
('SuperAdmin', '/debug/default/index'),
('SuperAdmin', '/debug/default/toolbar'),
('SuperAdmin', '/debug/default/view'),
('SuperAdmin', '/default/*'),
('SuperAdmin', '/default/index'),
('Employee', '/dependent/*'),
('SuperAdmin', '/dependent/*'),
('SuperAdmin', '/dependent/getcity'),
('SuperAdmin', '/dependent/getorgcity'),
('SuperAdmin', '/dependent/getorgstate'),
('SuperAdmin', '/dependent/getstate'),
('SuperAdmin', '/dependent/index'),
('SuperAdmin', '/dependent/studbatch'),
('SuperAdmin', '/dependent/studsection'),
('SuperAdmin', '/document-category/*'),
('SuperAdmin', '/document-category/create'),
('SuperAdmin', '/document-category/delete'),
('SuperAdmin', '/document-category/index'),
('SuperAdmin', '/document-category/update'),
('SuperAdmin', '/document-category/view'),
('SuperAdmin', '/employee/*'),
('SuperAdmin', '/employee/default/*'),
('Employee', '/employee/default/index'),
('Student', '/employee/default/index'),
('SuperAdmin', '/employee/default/index'),
('Employee', '/employee/dependent/*'),
('SuperAdmin', '/employee/dependent/*'),
('SuperAdmin', '/employee/dependent/emp-c-city'),
('SuperAdmin', '/employee/dependent/emp-c-state'),
('SuperAdmin', '/employee/dependent/emp-p-city'),
('SuperAdmin', '/employee/dependent/emp-p-state'),
('SuperAdmin', '/employee/emp-address/*'),
('SuperAdmin', '/employee/emp-address/create'),
('SuperAdmin', '/employee/emp-address/delete'),
('SuperAdmin', '/employee/emp-address/index'),
('SuperAdmin', '/employee/emp-address/update'),
('SuperAdmin', '/employee/emp-address/view'),
('SuperAdmin', '/employee/emp-category/*'),
('SuperAdmin', '/employee/emp-category/create'),
('SuperAdmin', '/employee/emp-category/delete'),
('SuperAdmin', '/employee/emp-category/index'),
('SuperAdmin', '/employee/emp-category/update'),
('SuperAdmin', '/employee/emp-category/view'),
('SuperAdmin', '/employee/emp-department/*'),
('SuperAdmin', '/employee/emp-department/create'),
('SuperAdmin', '/employee/emp-department/delete'),
('SuperAdmin', '/employee/emp-department/index'),
('SuperAdmin', '/employee/emp-department/update'),
('SuperAdmin', '/employee/emp-department/view'),
('SuperAdmin', '/employee/emp-designation/*'),
('SuperAdmin', '/employee/emp-designation/create'),
('SuperAdmin', '/employee/emp-designation/delete'),
('SuperAdmin', '/employee/emp-designation/index'),
('SuperAdmin', '/employee/emp-designation/update'),
('SuperAdmin', '/employee/emp-designation/view'),
('SuperAdmin', '/employee/emp-docs/*'),
('SuperAdmin', '/employee/emp-docs/create'),
('SuperAdmin', '/employee/emp-docs/delete'),
('SuperAdmin', '/employee/emp-docs/index'),
('SuperAdmin', '/employee/emp-docs/update'),
('SuperAdmin', '/employee/emp-docs/view'),
('SuperAdmin', '/employee/emp-info/*'),
('SuperAdmin', '/employee/emp-info/create'),
('SuperAdmin', '/employee/emp-info/delete'),
('SuperAdmin', '/employee/emp-info/index'),
('SuperAdmin', '/employee/emp-info/update'),
('SuperAdmin', '/employee/emp-info/view'),
('SuperAdmin', '/employee/emp-master/*'),
('SuperAdmin', '/employee/emp-master/adddocs'),
('SuperAdmin', '/employee/emp-master/change-status'),
('SuperAdmin', '/employee/emp-master/create'),
('SuperAdmin', '/employee/emp-master/delete'),
('SuperAdmin', '/employee/emp-master/delete-doc'),
('SuperAdmin', '/employee/emp-master/docs-download'),
('Employee', '/employee/emp-master/emp-photo'),
('SuperAdmin', '/employee/emp-master/emp-photo'),
('Employee', '/employee/emp-master/index'),
('Student', '/employee/emp-master/index'),
('SuperAdmin', '/employee/emp-master/index'),
('Employee', '/employee/emp-master/update'),
('SuperAdmin', '/employee/emp-master/update'),
('Employee', '/employee/emp-master/view'),
('SuperAdmin', '/employee/emp-master/view'),
('SuperAdmin', '/employee/emp-status/*'),
('SuperAdmin', '/employee/emp-status/create'),
('SuperAdmin', '/employee/emp-status/delete'),
('SuperAdmin', '/employee/emp-status/index'),
('SuperAdmin', '/employee/emp-status/update'),
('SuperAdmin', '/employee/emp-status/view'),
('SuperAdmin', '/employee/export-data/*'),
('Employee', '/employee/export-data/employee-profile-pdf'),
('SuperAdmin', '/employee/export-data/employee-profile-pdf'),
('SuperAdmin', '/export-data/*'),
('SuperAdmin', '/export-data/export-excel'),
('SuperAdmin', '/export-data/export-to-pdf'),
('SuperAdmin', '/fees/*'),
('SuperAdmin', '/fees/bank-master/*'),
('SuperAdmin', '/fees/bank-master/create'),
('SuperAdmin', '/fees/bank-master/delete'),
('SuperAdmin', '/fees/bank-master/index'),
('SuperAdmin', '/fees/bank-master/update'),
('SuperAdmin', '/fees/bank-master/view'),
('SuperAdmin', '/fees/default/*'),
('Student', '/fees/default/index'),
('SuperAdmin', '/fees/default/index'),
('SuperAdmin', '/fees/dependent/*'),
('SuperAdmin', '/fees/dependent/get-fees-category'),
('SuperAdmin', '/fees/fees-category-details/*'),
('SuperAdmin', '/fees/fees-category-details/create'),
('SuperAdmin', '/fees/fees-category-details/delete'),
('SuperAdmin', '/fees/fees-category-details/index'),
('SuperAdmin', '/fees/fees-category-details/update'),
('SuperAdmin', '/fees/fees-category-details/view'),
('SuperAdmin', '/fees/fees-collect-category/*'),
('SuperAdmin', '/fees/fees-collect-category/create'),
('SuperAdmin', '/fees/fees-collect-category/delete'),
('SuperAdmin', '/fees/fees-collect-category/index'),
('SuperAdmin', '/fees/fees-collect-category/toggle'),
('SuperAdmin', '/fees/fees-collect-category/update'),
('SuperAdmin', '/fees/fees-collect-category/view'),
('SuperAdmin', '/fees/fees-payment-transaction/*'),
('SuperAdmin', '/fees/fees-payment-transaction/collect'),
('SuperAdmin', '/fees/fees-payment-transaction/delete'),
('SuperAdmin', '/fees/fees-payment-transaction/export-fcc-wise-fees-pdf'),
('SuperAdmin', '/fees/fees-payment-transaction/pay-fees'),
('SuperAdmin', '/fees/fees-payment-transaction/print-common-receipt'),
('Student', '/fees/fees-payment-transaction/stu-fees-data'),
('SuperAdmin', '/fees/fees-payment-transaction/stu-fees-data'),
('SuperAdmin', '/fees/fees-payment-transaction/update'),
('SuperAdmin', '/fees/fees-payment-transaction/view'),
('SuperAdmin', '/gii/*'),
('SuperAdmin', '/gii/default/*'),
('SuperAdmin', '/gii/default/action'),
('SuperAdmin', '/gii/default/diff'),
('SuperAdmin', '/gii/default/index'),
('SuperAdmin', '/gii/default/preview'),
('SuperAdmin', '/gii/default/view'),
('SuperAdmin', '/installation/*'),
('SuperAdmin', '/installation/db-config'),
('SuperAdmin', '/installation/db-import'),
('SuperAdmin', '/installation/index'),
('SuperAdmin', '/installation/institute-setup'),
('SuperAdmin', '/installation/setup-completed'),
('SuperAdmin', '/installation/user-setup'),
('SuperAdmin', '/languages/*'),
('SuperAdmin', '/languages/create'),
('SuperAdmin', '/languages/delete'),
('SuperAdmin', '/languages/index'),
('SuperAdmin', '/languages/update'),
('SuperAdmin', '/languages/view'),
('SuperAdmin', '/login-details/*'),
('SuperAdmin', '/login-details/create'),
('SuperAdmin', '/login-details/delete'),
('SuperAdmin', '/login-details/index'),
('SuperAdmin', '/login-details/update'),
('SuperAdmin', '/login-details/view'),
('SuperAdmin', '/national-holidays/*'),
('SuperAdmin', '/national-holidays/create'),
('SuperAdmin', '/national-holidays/delete'),
('SuperAdmin', '/national-holidays/index'),
('SuperAdmin', '/national-holidays/update'),
('SuperAdmin', '/national-holidays/view'),
('SuperAdmin', '/nationality/*'),
('SuperAdmin', '/nationality/create'),
('SuperAdmin', '/nationality/delete'),
('SuperAdmin', '/nationality/index'),
('SuperAdmin', '/nationality/update'),
('SuperAdmin', '/nationality/view'),
('SuperAdmin', '/organization/*'),
('SuperAdmin', '/organization/create'),
('SuperAdmin', '/organization/delete'),
('SuperAdmin', '/organization/index'),
('SuperAdmin', '/organization/update'),
('SuperAdmin', '/organization/view'),
('SuperAdmin', '/report/*'),
('SuperAdmin', '/report/default/*'),
('Employee', '/report/default/index'),
('SuperAdmin', '/report/default/index'),
('Employee', '/report/dependent/*'),
('SuperAdmin', '/report/dependent/*'),
('SuperAdmin', '/report/dependent/index'),
('SuperAdmin', '/report/dependent/studbatch'),
('SuperAdmin', '/report/dependent/studsection'),
('Employee', '/report/empinforeport'),
('SuperAdmin', '/report/empinforeport'),
('SuperAdmin', '/report/employee/*'),
('Employee', '/report/employee/empinforeport'),
('SuperAdmin', '/report/employee/empinforeport'),
('SuperAdmin', '/report/employee/index'),
('Employee', '/report/employee/selected-employee-list'),
('SuperAdmin', '/report/employee/selected-employee-list'),
('SuperAdmin', '/report/index'),
('Employee', '/report/selected-employee-list'),
('SuperAdmin', '/report/selected-employee-list'),
('Employee', '/report/selected-student-list'),
('SuperAdmin', '/report/selected-student-list'),
('SuperAdmin', '/report/student/*'),
('SuperAdmin', '/report/student/index'),
('Employee', '/report/student/selected-student-list'),
('SuperAdmin', '/report/student/selected-student-list'),
('Employee', '/report/student/stuinforeport'),
('SuperAdmin', '/report/student/stuinforeport'),
('Employee', '/report/stuinforeport'),
('SuperAdmin', '/report/stuinforeport'),
('SuperAdmin', '/rights/*'),
('SuperAdmin', '/rights/assignment/*'),
('SuperAdmin', '/rights/assignment/assign'),
('SuperAdmin', '/rights/assignment/index'),
('SuperAdmin', '/rights/assignment/role-search'),
('SuperAdmin', '/rights/assignment/view'),
('SuperAdmin', '/rights/default/*'),
('SuperAdmin', '/rights/default/index'),
('SuperAdmin', '/rights/menu/*'),
('SuperAdmin', '/rights/menu/create'),
('SuperAdmin', '/rights/menu/delete'),
('SuperAdmin', '/rights/menu/index'),
('SuperAdmin', '/rights/menu/update'),
('SuperAdmin', '/rights/menu/view'),
('SuperAdmin', '/rights/permission/*'),
('SuperAdmin', '/rights/permission/assign'),
('SuperAdmin', '/rights/permission/create'),
('SuperAdmin', '/rights/permission/delete'),
('SuperAdmin', '/rights/permission/index'),
('SuperAdmin', '/rights/permission/role-search'),
('SuperAdmin', '/rights/permission/update'),
('SuperAdmin', '/rights/permission/view'),
('SuperAdmin', '/rights/role/*'),
('SuperAdmin', '/rights/role/assign'),
('SuperAdmin', '/rights/role/create'),
('SuperAdmin', '/rights/role/delete'),
('SuperAdmin', '/rights/role/index'),
('SuperAdmin', '/rights/role/role-search'),
('SuperAdmin', '/rights/role/update'),
('SuperAdmin', '/rights/role/view'),
('SuperAdmin', '/rights/route/*'),
('SuperAdmin', '/rights/route/assign'),
('SuperAdmin', '/rights/route/create'),
('SuperAdmin', '/rights/route/index'),
('SuperAdmin', '/rights/route/route-search'),
('SuperAdmin', '/rights/rule/*'),
('SuperAdmin', '/rights/rule/create'),
('SuperAdmin', '/rights/rule/delete'),
('SuperAdmin', '/rights/rule/index'),
('SuperAdmin', '/rights/rule/update'),
('SuperAdmin', '/rights/rule/view'),
('SuperAdmin', '/site/*'),
('SuperAdmin', '/site/about'),
('SuperAdmin', '/site/captcha'),
('SuperAdmin', '/site/contact'),
('SuperAdmin', '/site/error'),
('SuperAdmin', '/site/forgotpassword'),
('SuperAdmin', '/site/index'),
('SuperAdmin', '/site/language'),
('SuperAdmin', '/site/loadimage'),
('SuperAdmin', '/site/login'),
('SuperAdmin', '/site/logout'),
('SuperAdmin', '/state/*'),
('SuperAdmin', '/state/create'),
('SuperAdmin', '/state/delete'),
('SuperAdmin', '/state/index'),
('SuperAdmin', '/state/update'),
('SuperAdmin', '/state/view'),
('SuperAdmin', '/student/*'),
('SuperAdmin', '/student/default/*'),
('Employee', '/student/default/index'),
('SuperAdmin', '/student/default/index'),
('SuperAdmin', '/student/dependent/*'),
('SuperAdmin', '/student/dependent/studbatch'),
('SuperAdmin', '/student/dependent/studsection'),
('SuperAdmin', '/student/dependent/ustud-c-city'),
('SuperAdmin', '/student/dependent/ustud-c-state'),
('SuperAdmin', '/student/dependent/ustud-p-city'),
('SuperAdmin', '/student/dependent/ustud-p-state'),
('SuperAdmin', '/student/export-data/*'),
('SuperAdmin', '/student/export-data/student-profile-pdf'),
('SuperAdmin', '/student/stu-address/*'),
('SuperAdmin', '/student/stu-address/create'),
('SuperAdmin', '/student/stu-address/delete'),
('SuperAdmin', '/student/stu-address/index'),
('SuperAdmin', '/student/stu-address/update'),
('SuperAdmin', '/student/stu-address/view'),
('SuperAdmin', '/student/stu-category/*'),
('SuperAdmin', '/student/stu-category/create'),
('SuperAdmin', '/student/stu-category/delete'),
('SuperAdmin', '/student/stu-category/index'),
('SuperAdmin', '/student/stu-category/update'),
('SuperAdmin', '/student/stu-category/view'),
('SuperAdmin', '/student/stu-docs/*'),
('SuperAdmin', '/student/stu-docs/create'),
('SuperAdmin', '/student/stu-docs/delete'),
('SuperAdmin', '/student/stu-docs/index'),
('SuperAdmin', '/student/stu-docs/update'),
('SuperAdmin', '/student/stu-docs/view'),
('SuperAdmin', '/student/stu-guardians/*'),
('SuperAdmin', '/student/stu-guardians/create'),
('SuperAdmin', '/student/stu-guardians/delete'),
('SuperAdmin', '/student/stu-guardians/index'),
('SuperAdmin', '/student/stu-guardians/update'),
('SuperAdmin', '/student/stu-guardians/view'),
('SuperAdmin', '/student/stu-import/*'),
('SuperAdmin', '/student/stu-import/download-file'),
('SuperAdmin', '/student/stu-import/index'),
('SuperAdmin', '/student/stu-info/*'),
('SuperAdmin', '/student/stu-info/create'),
('SuperAdmin', '/student/stu-info/delete'),
('SuperAdmin', '/student/stu-info/index'),
('SuperAdmin', '/student/stu-info/update'),
('SuperAdmin', '/student/stu-info/view'),
('SuperAdmin', '/student/stu-master/*'),
('SuperAdmin', '/student/stu-master/adddocs'),
('SuperAdmin', '/student/stu-master/addguardian'),
('SuperAdmin', '/student/stu-master/change-status'),
('SuperAdmin', '/student/stu-master/create'),
('SuperAdmin', '/student/stu-master/delete'),
('SuperAdmin', '/student/stu-master/delete-doc'),
('SuperAdmin', '/student/stu-master/docs-download'),
('SuperAdmin', '/student/stu-master/emg-change-status'),
('Employee', '/student/stu-master/index'),
('SuperAdmin', '/student/stu-master/index'),
('SuperAdmin', '/student/stu-master/stu-photo'),
('SuperAdmin', '/student/stu-master/update'),
('Employee', '/student/stu-master/view'),
('Student', '/student/stu-master/view'),
('SuperAdmin', '/student/stu-master/view'),
('SuperAdmin', '/student/stu-status/*'),
('SuperAdmin', '/student/stu-status/create'),
('SuperAdmin', '/student/stu-status/delete'),
('SuperAdmin', '/student/stu-status/index'),
('SuperAdmin', '/student/stu-status/update'),
('SuperAdmin', '/student/stu-status/view'),
('SuperAdmin', '/subject-master/*'),
('SuperAdmin', '/subject-master/create'),
('SuperAdmin', '/subject-master/delete'),
('SuperAdmin', '/subject-master/index'),
('SuperAdmin', '/subject-master/update'),
('SuperAdmin', '/subject-master/view'),
('SuperAdmin', '/user/*'),
('Employee', '/user/change'),
('Student', '/user/change'),
('SuperAdmin', '/user/change'),
('SuperAdmin', '/user/create'),
('SuperAdmin', '/user/delete'),
('SuperAdmin', '/user/index'),
('SuperAdmin', '/user/resetemploginid'),
('SuperAdmin', '/user/resetemppassword'),
('SuperAdmin', '/user/resetstudloginid'),
('SuperAdmin', '/user/resetstudpassword'),
('SuperAdmin', '/user/update'),
('SuperAdmin', '/user/update-emp-password'),
('SuperAdmin', '/user/update-stud-password'),
('SuperAdmin', '/user/updateemploginid'),
('SuperAdmin', '/user/updatestudloginid'),
('SuperAdmin', '/user/view'),
('SuperAdmin', 'Configuration'),
('SuperAdmin', 'Rights'),
('SuperAdmin', 'updateAllEmpInfo'),
('SuperAdmin', 'updateAllStuInfo');

-- --------------------------------------------------------

--
-- Table structure for table `auth_rule`
--

CREATE TABLE IF NOT EXISTS `auth_rule` (
  `name` varchar(64) NOT NULL,
  `data` text,
  `created_at` int(11) DEFAULT NULL,
  `updated_at` int(11) DEFAULT NULL,
  PRIMARY KEY (`name`)
) ENGINE=InnoDB DEFAULT CHARSET=utf8;

-- --------------------------------------------------------

--
-- Table structure for table `bank_master`
--

CREATE TABLE IF NOT EXISTS `bank_master` (
  `bank_master_id` int(11) NOT NULL AUTO_INCREMENT,
  `bank_master_name` varchar(255) NOT NULL,
  `bank_alias` varchar(10) NOT NULL,
  `created_at` datetime NOT NULL,
  `created_by` int(11) NOT NULL,
  `updated_at` datetime DEFAULT NULL,
  `updated_by` int(11) DEFAULT NULL,
  `is_status` tinyint(1) NOT NULL DEFAULT '0',
  PRIMARY KEY (`bank_master_id`),
  UNIQUE KEY `bank_master_name` (`bank_master_name`),
  UNIQUE KEY `bank_alias` (`bank_alias`),
  KEY `updated_by` (`updated_by`),
  KEY `created_by` (`created_by`)
) ENGINE=InnoDB  DEFAULT CHARSET=utf8 AUTO_INCREMENT=6 ;

--
-- Dumping data for table `bank_master`
--

INSERT INTO `bank_master` (`bank_master_id`, `bank_master_name`, `bank_alias`, `created_at`, `created_by`, `updated_at`, `updated_by`, `is_status`) VALUES
(1, 'Bank of America', 'BOA', '2015-05-27 16:45:39', 1, NULL, NULL, 0),
(2, 'Bank of India', 'BOI', '2015-05-27 16:45:45', 1, NULL, NULL, 0),
(3, 'Bank of Chicago', 'BOC', '2015-05-27 16:45:52', 1, NULL, NULL, 0),
(4, 'Bank of Baroda', 'BOB', '2015-05-27 16:46:01', 1, NULL, NULL, 0),
(5, 'Vellay Bank', 'VB', '2015-05-27 16:46:09', 1, '2017-01-30 07:27:46', 1, 2);

-- --------------------------------------------------------

--
-- Table structure for table `batches`
--

CREATE TABLE IF NOT EXISTS `batches` (
  `batch_id` int(11) NOT NULL AUTO_INCREMENT,
  `batch_name` varchar(120) NOT NULL,
  `batch_course_id` int(11) NOT NULL,
  `batch_alias` varchar(35) NOT NULL,
  `start_date` date NOT NULL,
  `end_date` date NOT NULL,
  `created_at` datetime NOT NULL,
  `created_by` int(11) NOT NULL,
  `updated_at` datetime DEFAULT NULL,
  `updated_by` int(11) DEFAULT NULL,
  `is_status` tinyint(1) NOT NULL DEFAULT '0',
  PRIMARY KEY (`batch_id`),
  UNIQUE KEY `batch_name` (`batch_name`,`batch_course_id`),
  UNIQUE KEY `batch_alias` (`batch_alias`),
  KEY `batch_course_id` (`batch_course_id`),
  KEY `created_by` (`created_by`),
  KEY `updated_by` (`updated_by`)
) ENGINE=InnoDB  DEFAULT CHARSET=utf8 AUTO_INCREMENT=12 ;

--
-- Dumping data for table `batches`
--

INSERT INTO `batches` (`batch_id`, `batch_name`, `batch_course_id`, `batch_alias`, `start_date`, `end_date`, `created_at`, `created_by`, `updated_at`, `updated_by`, `is_status`) VALUES
(1, 'MCA-Batch-01', 1, 'mca-batch-01', '2015-01-01', '2015-07-31', '2015-05-27 15:28:16', 1, NULL, NULL, 2),
(2, 'BCA-Batch-01', 2, 'bca-batch-01', '2015-01-01', '2015-07-31', '2015-05-27 15:29:11', 1, NULL, NULL, 2),
(3, 'MSCIT-Batch-01', 3, 'mscit-batch-01', '2015-01-01', '2015-07-31', '2015-05-27 15:30:35', 1, NULL, NULL, 2),
(4, 'BSCIT-Batch-01', 4, 'bscit-batch-01', '2015-01-01', '2015-07-31', '2015-05-27 15:32:34', 1, NULL, NULL, 2),
(5, 'MBA-Batch-01', 5, 'mba-batch-01', '2015-01-01', '2015-07-31', '2015-05-27 15:33:32', 1, NULL, NULL, 2),
(6, 'GNM BATCH 2016-17', 6, 'GNM ', '2016-07-01', '2017-07-01', '2016-12-19 07:24:47', 1, '2016-12-19 08:47:44', 1, 0),
(7, 'GNM JUN 2015-16', 6, 'GNM-2', '2015-06-01', '2017-07-01', '2016-12-22 08:29:46', 1, NULL, NULL, 0),
(8, 'GNM 3 DEC.2016-17', 7, 'GNM 3 DEC. 2016-17 ', '2016-12-01', '2017-11-01', '2016-12-26 09:03:42', 1, NULL, NULL, 0),
(9, 'GNM-3 JULY 2016-17', 8, 'GNM JULY 2014-15', '2016-06-01', '2017-05-01', '2016-12-28 09:47:44', 1, NULL, NULL, 0),
(10, 'DMLT 1ST 2015-16', 9, 'DMLT 1ST 2015-16', '2015-01-21', '2016-02-20', '2017-01-10 06:48:02', 1, '2017-01-11 07:02:28', 1, 2),
(11, 'DMLT 1ST 2016-17', 10, 'DMLT 1ST 2016-17', '2016-01-20', '2017-02-20', '2017-01-11 07:07:56', 1, NULL, NULL, 2);

-- --------------------------------------------------------

--
-- Table structure for table `book_issue_log`
--

CREATE TABLE IF NOT EXISTS `book_issue_log` (
  `id` int(16) NOT NULL AUTO_INCREMENT,
  `book_issue_id` int(11) NOT NULL,
  `student_id` int(11) NOT NULL,
  `issue_by` int(11) NOT NULL,
  `issued_at` varchar(50) NOT NULL,
  `return_time` varchar(50) NOT NULL,
  `time_stamp` timestamp NOT NULL DEFAULT CURRENT_TIMESTAMP ON UPDATE CURRENT_TIMESTAMP,
  PRIMARY KEY (`id`)
) ENGINE=InnoDB  DEFAULT CHARSET=latin1 AUTO_INCREMENT=9 ;

--
-- Dumping data for table `book_issue_log`
--

INSERT INTO `book_issue_log` (`id`, `book_issue_id`, `student_id`, `issue_by`, `issued_at`, `return_time`, `time_stamp`) VALUES
(1, 1, 1, 1, '1482919292', '1482919322', '2016-12-28 10:02:02'),
(2, 1, 1, 1, '1482919329', '1482919448', '2016-12-28 10:04:08'),
(3, 1, 2, 1, '1482919453', '1482919915', '2016-12-28 10:11:55'),
(4, 2, 1, 1, '1482919848', '0', '2016-12-28 10:10:48'),
(5, 1, 1, 1, '1482919920', '1482919922', '2016-12-28 10:12:02'),
(6, 1, 1, 1, '1482919924', '1482919927', '2016-12-28 10:12:07'),
(7, 1, 1, 1, '1482919929', '1482919939', '2016-12-28 10:12:19'),
(8, 1, 1, 1, '1482919943', '1482920044', '2016-12-28 10:14:04');

-- --------------------------------------------------------

--
-- Table structure for table `city`
--

CREATE TABLE IF NOT EXISTS `city` (
  `city_id` int(11) NOT NULL AUTO_INCREMENT,
  `city_name` varchar(35) NOT NULL,
  `city_state_id` int(11) NOT NULL,
  `city_country_id` int(11) NOT NULL,
  `created_at` datetime NOT NULL,
  `created_by` int(11) NOT NULL,
  `updated_at` datetime DEFAULT NULL,
  `updated_by` int(11) DEFAULT NULL,
  `is_status` tinyint(1) NOT NULL DEFAULT '0',
  PRIMARY KEY (`city_id`),
  UNIQUE KEY `city_name` (`city_name`,`city_state_id`),
  KEY `created_by` (`created_by`),
  KEY `updated_by` (`updated_by`),
  KEY `city_state_id` (`city_state_id`),
  KEY `city_country_id` (`city_country_id`)
) ENGINE=InnoDB  DEFAULT CHARSET=utf8 AUTO_INCREMENT=30 ;

--
-- Dumping data for table `city`
--

INSERT INTO `city` (`city_id`, `city_name`, `city_state_id`, `city_country_id`, `created_at`, `created_by`, `updated_at`, `updated_by`, `is_status`) VALUES
(1, 'Ahmedabad', 1, 1, '2015-05-27 15:21:02', 1, NULL, NULL, 0),
(2, 'Gandhinagar', 1, 1, '2015-05-27 15:21:10', 1, '2016-12-20 07:27:24', 1, 2),
(3, 'Mumbai', 2, 1, '2015-05-27 15:21:19', 1, NULL, NULL, 0),
(4, 'MarryLand', 3, 2, '2015-05-27 15:21:38', 1, NULL, NULL, 0),
(5, 'Sydney', 4, 3, '2015-05-27 15:21:47', 1, '2016-12-20 07:27:12', 1, 2),
(6, 'Jamnagar', 1, 1, '2015-05-27 16:20:54', 1, '2016-12-20 07:27:17', 1, 2),
(7, 'Surat', 1, 1, '2015-05-27 16:21:01', 1, '2016-12-20 07:27:07', 1, 2),
(8, 'Pune', 2, 1, '2015-05-27 16:21:13', 1, NULL, NULL, 0),
(9, 'Nagpur', 2, 1, '2015-05-27 16:21:27', 1, NULL, NULL, 0),
(10, 'Solapur', 2, 1, '2015-05-27 16:23:22', 1, '2016-12-20 07:27:01', 1, 2),
(11, 'Elizabethtown', 5, 2, '2015-05-27 16:25:06', 1, '2016-12-20 07:26:57', 1, 2),
(12, 'Burlington', 5, 2, '2015-05-27 16:25:17', 1, '2016-12-20 07:26:51', 1, 2),
(13, 'James Lorimer', 4, 3, '2015-05-27 16:26:22', 1, '2016-12-20 07:26:46', 1, 2),
(14, 'Carlton', 4, 3, '2015-05-27 16:26:38', 1, '2016-12-20 07:26:36', 1, 2),
(15, 'Sydney', 8, 3, '2015-05-27 16:27:11', 1, '2016-12-20 07:26:41', 1, 2),
(16, 'Junagadh', 1, 1, '2015-05-28 11:20:51', 1, '2016-12-20 07:26:23', 1, 2),
(17, 'Rajkot', 1, 1, '2015-05-28 11:21:00', 1, '2016-12-20 07:26:30', 1, 2),
(18, 'Vadodara', 1, 1, '2015-05-28 11:21:10', 1, '2016-12-20 07:26:16', 1, 2),
(19, 'Sacramento', 9, 2, '2015-05-28 11:22:49', 1, '2016-12-20 07:26:11', 1, 2),
(20, 'KHILCHIPUR ', 10, 1, '2016-12-20 07:25:59', 1, NULL, NULL, 0),
(21, 'BIAORA', 10, 1, '2016-12-20 07:27:41', 1, NULL, NULL, 0),
(22, 'RAJGARH', 10, 1, '2016-12-20 07:28:00', 1, NULL, NULL, 0),
(23, 'NARSINGARH', 10, 1, '2016-12-20 07:28:17', 1, NULL, NULL, 0),
(24, 'JEERAPUR', 10, 1, '2016-12-20 07:28:31', 1, NULL, NULL, 0),
(25, 'PACHORE', 10, 1, '2016-12-20 07:28:49', 1, NULL, NULL, 0),
(26, 'SARANGPUR', 10, 1, '2016-12-20 07:29:14', 1, NULL, NULL, 0),
(27, 'SUTHALIYA', 10, 1, '2016-12-20 07:29:31', 1, NULL, NULL, 0),
(28, 'Guna', 10, 1, '2016-12-21 07:19:44', 1, NULL, NULL, 0),
(29, 'SHAJAPUR', 10, 1, '2016-12-22 09:10:33', 1, NULL, NULL, 0);

-- --------------------------------------------------------

--
-- Table structure for table `country`
--

CREATE TABLE IF NOT EXISTS `country` (
  `country_id` int(11) NOT NULL AUTO_INCREMENT,
  `country_name` varchar(35) NOT NULL,
  `created_at` datetime NOT NULL,
  `created_by` int(11) NOT NULL,
  `updated_at` datetime DEFAULT NULL,
  `updated_by` int(11) DEFAULT NULL,
  `is_status` tinyint(1) NOT NULL DEFAULT '0',
  PRIMARY KEY (`country_id`),
  UNIQUE KEY `country_name` (`country_name`),
  KEY `updated_by` (`updated_by`),
  KEY `created_by` (`created_by`)
) ENGINE=InnoDB  DEFAULT CHARSET=utf8 AUTO_INCREMENT=5 ;

--
-- Dumping data for table `country`
--

INSERT INTO `country` (`country_id`, `country_name`, `created_at`, `created_by`, `updated_at`, `updated_by`, `is_status`) VALUES
(1, 'India', '2015-05-27 15:19:22', 1, NULL, NULL, 0),
(2, 'America', '2015-05-27 15:19:27', 1, NULL, NULL, 0),
(3, 'Australia', '2015-05-27 15:19:45', 1, NULL, NULL, 0),
(4, 'England', '2015-05-27 16:17:18', 1, '2015-05-27 16:19:21', 1, 0);

-- --------------------------------------------------------

--
-- Table structure for table `courses`
--

CREATE TABLE IF NOT EXISTS `courses` (
  `course_id` int(11) NOT NULL AUTO_INCREMENT,
  `course_name` varchar(100) NOT NULL,
  `course_code` varchar(50) NOT NULL,
  `course_alias` varchar(35) NOT NULL,
  `created_at` datetime NOT NULL,
  `created_by` int(11) NOT NULL,
  `updated_at` datetime DEFAULT NULL,
  `updated_by` int(11) DEFAULT NULL,
  `is_status` tinyint(1) NOT NULL DEFAULT '0',
  PRIMARY KEY (`course_id`),
  UNIQUE KEY `course_name` (`course_name`,`course_code`),
  KEY `updated_by` (`updated_by`),
  KEY `created_by` (`created_by`)
) ENGINE=InnoDB  DEFAULT CHARSET=utf8 AUTO_INCREMENT=11 ;

--
-- Dumping data for table `courses`
--

INSERT INTO `courses` (`course_id`, `course_name`, `course_code`, `course_alias`, `created_at`, `created_by`, `updated_at`, `updated_by`, `is_status`) VALUES
(1, 'MCA', 'MCA151', 'mca', '2015-05-27 15:28:16', 1, NULL, NULL, 2),
(2, 'BCA', 'BCA-221', 'bca', '2015-05-27 15:29:11', 1, NULL, NULL, 2),
(3, 'M.Sc.IT', 'MSC231', 'msc.it', '2015-05-27 15:30:35', 1, '2015-05-27 15:39:56', 1, 2),
(4, 'B.Sc.IT', 'BSCIT881', 'bscit', '2015-05-27 15:32:34', 1, NULL, NULL, 2),
(5, 'MBA', 'MBA891', 'mba', '2015-05-27 15:33:32', 1, NULL, NULL, 2),
(6, 'GNM ', '8002', 'Gnm - 1', '2016-12-19 07:24:47', 1, NULL, NULL, 0),
(7, 'GNM-3 ', '8002', 'GNM-3', '2016-12-26 09:03:42', 1, NULL, NULL, 0),
(8, 'GNM-3 JULY BATCH', '8002', 'GNM-3 JULY BATCH', '2016-12-28 09:47:44', 1, NULL, NULL, 0),
(9, 'DMLT 2015-16', '12203', 'DMLT 1ST  2015-16', '2017-01-10 06:48:02', 1, '2017-01-11 08:39:10', 1, 2),
(10, 'DMLT 1ST 2016-17', '12203', 'DMLT 1ST 2016-17', '2017-01-11 07:07:56', 1, NULL, NULL, 2);

-- --------------------------------------------------------

--
-- Table structure for table `document_category`
--

CREATE TABLE IF NOT EXISTS `document_category` (
  `doc_category_id` int(11) NOT NULL AUTO_INCREMENT,
  `doc_category_name` varchar(50) NOT NULL,
  `doc_category_user_type` char(2) NOT NULL,
  `created_at` datetime NOT NULL,
  `created_by` int(11) NOT NULL,
  `updated_at` datetime DEFAULT NULL,
  `updated_by` int(11) DEFAULT NULL,
  `is_status` tinyint(1) NOT NULL DEFAULT '0',
  PRIMARY KEY (`doc_category_id`),
  UNIQUE KEY `doc_category_name` (`doc_category_name`,`doc_category_user_type`),
  KEY `created_by` (`created_by`),
  KEY `updated_by` (`updated_by`)
) ENGINE=InnoDB  DEFAULT CHARSET=utf8 AUTO_INCREMENT=7 ;

--
-- Dumping data for table `document_category`
--

INSERT INTO `document_category` (`doc_category_id`, `doc_category_name`, `doc_category_user_type`, `created_at`, `created_by`, `updated_at`, `updated_by`, `is_status`) VALUES
(1, 'S.S.C. Marksheet', '0', '2015-05-27 15:22:07', 1, NULL, NULL, 0),
(2, 'H.S.C. Marksheet', '0', '2015-05-27 15:22:16', 1, NULL, NULL, 0),
(3, 'Leaving Certificate', '0', '2015-05-27 15:22:25', 1, NULL, NULL, 0),
(4, 'Bonafied Certificate', 'S', '2015-05-27 15:22:32', 1, NULL, NULL, 0),
(5, 'Experience Certificate', 'E', '2015-05-27 15:22:39', 1, NULL, NULL, 0),
(6, 'Migration Certificate', 'S', '2015-05-27 15:22:51', 1, NULL, NULL, 0);

-- --------------------------------------------------------

--
-- Table structure for table `emp_address`
--

CREATE TABLE IF NOT EXISTS `emp_address` (
  `emp_address_id` int(11) NOT NULL AUTO_INCREMENT,
  `emp_cadd` varchar(255) DEFAULT NULL,
  `emp_cadd_city` int(11) DEFAULT NULL,
  `emp_cadd_state` int(11) DEFAULT NULL,
  `emp_cadd_country` int(11) DEFAULT NULL,
  `emp_cadd_pincode` int(11) DEFAULT NULL,
  `emp_cadd_house_no` varchar(25) DEFAULT NULL,
  `emp_cadd_phone_no` varchar(25) DEFAULT NULL,
  `emp_padd` varchar(255) DEFAULT NULL,
  `emp_padd_city` int(11) DEFAULT NULL,
  `emp_padd_state` int(11) DEFAULT NULL,
  `emp_padd_country` int(11) DEFAULT NULL,
  `emp_padd_pincode` int(11) DEFAULT NULL,
  `emp_padd_house_no` varchar(25) DEFAULT NULL,
  `emp_padd_phone_no` varchar(25) DEFAULT NULL,
  PRIMARY KEY (`emp_address_id`),
  KEY `emp_cadd_city` (`emp_cadd_city`),
  KEY `emp_cadd_state` (`emp_cadd_state`),
  KEY `emp_cadd_country` (`emp_cadd_country`),
  KEY `emp_padd_city` (`emp_padd_city`),
  KEY `emp_padd_state` (`emp_padd_state`),
  KEY `emp_padd_country` (`emp_padd_country`)
) ENGINE=InnoDB  DEFAULT CHARSET=utf8 AUTO_INCREMENT=19 ;

--
-- Dumping data for table `emp_address`
--

INSERT INTO `emp_address` (`emp_address_id`, `emp_cadd`, `emp_cadd_city`, `emp_cadd_state`, `emp_cadd_country`, `emp_cadd_pincode`, `emp_cadd_house_no`, `emp_cadd_phone_no`, `emp_padd`, `emp_padd_city`, `emp_padd_state`, `emp_padd_country`, `emp_padd_pincode`, `emp_padd_house_no`, `emp_padd_phone_no`) VALUES
(1, 'B-21 Kirtan Appartment,Nehrunagar, ahmedabad', 1, 1, 1, 698596, '21', '079-85965236', '795 E DRAGRAM, TUCSON AZ 85705,  USA', 4, 3, 2, 968596, '795', '201-598569'),
(2, 'K-303, Jaldhara Appartments, Naranpura', 1, 1, 1, 385400, '303', '079-36526363', '"Anand", Friends Villa, S.P.Patel Road,', 7, 1, 1, 562356, '50/123', '0268-52365214'),
(3, 'F-102, Surya City,Maninagar', 1, 1, 1, 385400, 'F-102', '079-58748596', 'F-102,Surya City, Maninagar', 1, 1, 1, 385400, 'F-102', '079-58748596'),
(4, 'H-801, Shivakali Flats, Near Shivranjani,', 1, 1, 1, 385400, 'H-801', '079-52556323', '"Shivalik",  Vibhusha Bunglows,Vadodara', 18, 1, 1, 859696, '88', '0789-52415263'),
(5, 'G-1005, Green Vally,Opp L.D.College, Panjarapol.', 2, 1, 1, 385400, 'G-1005', '079-58452111', 'H/998, Ashray, Mangalya Society,Jamnagar.', 6, 1, 1, 589685, 'H/998', '079-58421222'),
(6, 'madhav Society,Sector-3, Gha-3', 2, 1, 1, 859685, '85', '079-58968523', 'Satyam Flats, BTNAgar, ThakkarNagar', 1, 1, 1, 385400, '65', '079-55221142'),
(7, 'A-901, Ocean11, Manek Baug', 1, 1, 1, 385400, '901', '079-85554455', ' Kamalkunj Society,Sector-19,', 8, 2, 1, 969696, 'E-504,', '023-89568958'),
(8, ' MEGASYSTEMS INC, 799 E DRAGRAM SUITE 5A, TUCSON AZ 85705,  USA', 4, 3, 2, 889988, '856', '201-859685', ' MEGASYSTEMS INC,  SUITE 5A-1204,   799 E DRAGRAM, TUCSON AZ 85705,  USA', 4, 3, 2, 889988, '857', '202-859685'),
(9, 'K-405, Vande Matram,Near Prathna Residency, Nikol,', 1, 1, 1, 385400, '405', '079-85968574', '24/589, Stavan Residency, Bhaikaka  Nagar Road, Pune-East', 8, 2, 1, 858585, '24', '023-85632563'),
(10, 'B-253,Vasant Vihar, Giridhar Nagar,Opp.Bank of Baroda,Shahibaug', 1, 1, 1, 385400, 'B-253', '079-58585858', 'G-104,Shyam Vihar ,Shashtri Nagar, Opp.Sunrise Mall,', 1, 1, 1, 385400, 'B-253', '079-58585858'),
(11, '12, Shantikunj Society,Nr.Tulip English Medium School, New Ranip', 1, 1, 1, 385400, '12', '079-85858525', '205,Megh-Malhar Avenue, Sector-2,opp.Waminarayan Temple,', 2, 1, 1, 385406, '205', '079-52636342'),
(12, 'F-705, Aryan Homes, PrahladNagar Road,', 1, 1, 1, 385400, '', '', '7100 Athens Place,Washington, DC 20521-7100,   USA\r\n   ', 4, 3, 2, 852352, '7100', '206-8589654'),
(13, 'A-402, Samrat Flats,Nr. Kameshvar School, Vejalpur', 1, 1, 1, 385400, '402', '079-8321452', 'D/23, Sargam Society,Gala Gymkhana Road,Opp.Sales India,', 6, 1, 1, 856325, '23', '079-85123666'),
(14, '123/45,Bhavya Park Society,,Ramvadi,Raiya Road,', 17, 1, 1, 385400, '123/45', '079-85963256', 'G-805,Indravadan Avenue, Naranpura, opp. D-Mart Mall,Nr. Vyas vadi,', 17, 1, 1, 362500, '805', '0283-8563256'),
(15, 'A-10009,Antariksha Flats, Vijay Cross Road', 1, 1, 1, 385400, '10009', '079-8532652', 'A-10009,Antariksha Flats, Vijay Cross Road', 1, 1, 1, 385400, '1009', '079-8532652'),
(16, 'C-306, Iscon Flower,Bopal Circle,Bopal Approach', 1, 1, 1, 385400, '306', '079-85965254', '234/53, Gandhi-Park Society,Virat Nagar, Nr. ST Colony', 7, 1, 1, 856325, '234/53', '0268-85963652'),
(17, '21 Kirksway Place,Townsville', 5, 4, 3, 232323, '21', '321-85632552', '201 Walker St Townsville Queensland', 5, 4, 3, 232323, '201', '321-56239685'),
(18, NULL, NULL, NULL, NULL, NULL, NULL, NULL, NULL, NULL, NULL, NULL, NULL, NULL, NULL);

-- --------------------------------------------------------

--
-- Table structure for table `emp_category`
--

CREATE TABLE IF NOT EXISTS `emp_category` (
  `emp_category_id` int(11) NOT NULL AUTO_INCREMENT,
  `emp_category_name` varchar(50) NOT NULL,
  `emp_category_alias` varchar(10) NOT NULL,
  `created_at` datetime NOT NULL,
  `created_by` int(11) NOT NULL,
  `updated_at` datetime DEFAULT NULL,
  `updated_by` int(11) DEFAULT NULL,
  `is_status` tinyint(1) NOT NULL DEFAULT '0',
  PRIMARY KEY (`emp_category_id`),
  UNIQUE KEY `emp_category_name` (`emp_category_name`),
  UNIQUE KEY `emp_category_alias` (`emp_category_alias`),
  KEY `updated_by` (`updated_by`),
  KEY `created_by` (`created_by`)
) ENGINE=InnoDB  DEFAULT CHARSET=utf8 AUTO_INCREMENT=5 ;

--
-- Dumping data for table `emp_category`
--

INSERT INTO `emp_category` (`emp_category_id`, `emp_category_name`, `emp_category_alias`, `created_at`, `created_by`, `updated_at`, `updated_by`, `is_status`) VALUES
(1, 'Regular', 'regular', '2015-05-27 15:46:59', 1, NULL, NULL, 0),
(2, 'Rejoin', 'rejoin', '2015-05-27 15:47:11', 1, NULL, NULL, 0),
(3, 'Resign', 'resign', '2015-05-27 15:47:18', 1, NULL, NULL, 0),
(4, 'Transfer', 'transfer', '2015-05-27 15:47:25', 1, NULL, NULL, 0);

-- --------------------------------------------------------

--
-- Table structure for table `emp_department`
--

CREATE TABLE IF NOT EXISTS `emp_department` (
  `emp_department_id` int(11) NOT NULL AUTO_INCREMENT,
  `emp_department_name` varchar(65) NOT NULL,
  `emp_department_alias` varchar(10) NOT NULL,
  `created_at` datetime NOT NULL,
  `created_by` int(11) NOT NULL,
  `updated_at` datetime DEFAULT NULL,
  `updated_by` int(11) DEFAULT NULL,
  `is_status` tinyint(1) NOT NULL DEFAULT '0',
  PRIMARY KEY (`emp_department_id`),
  UNIQUE KEY `emp_department_name` (`emp_department_name`),
  UNIQUE KEY `emp_department_alias` (`emp_department_alias`),
  KEY `updated_by` (`updated_by`),
  KEY `created_by` (`created_by`)
) ENGINE=InnoDB  DEFAULT CHARSET=utf8 AUTO_INCREMENT=6 ;

--
-- Dumping data for table `emp_department`
--

INSERT INTO `emp_department` (`emp_department_id`, `emp_department_name`, `emp_department_alias`, `created_at`, `created_by`, `updated_at`, `updated_by`, `is_status`) VALUES
(1, 'MCA Department', 'MCA Dept', '2015-05-27 15:43:24', 1, NULL, NULL, 0),
(2, 'BCA Department', 'BCA Dept', '2015-05-27 15:43:41', 1, NULL, NULL, 0),
(3, 'MBA Department', 'MBA Dept', '2015-05-27 15:43:49', 1, NULL, NULL, 0),
(4, 'B.Sc.IT Department', 'B.Sc.IT ', '2015-05-27 15:44:31', 1, NULL, NULL, 0),
(5, 'M.Sc.IT Department', 'M.Sc.IT', '2015-05-27 15:44:54', 1, NULL, NULL, 0);

-- --------------------------------------------------------

--
-- Table structure for table `emp_designation`
--

CREATE TABLE IF NOT EXISTS `emp_designation` (
  `emp_designation_id` int(11) NOT NULL AUTO_INCREMENT,
  `emp_designation_name` varchar(50) NOT NULL,
  `emp_designation_alias` varchar(10) NOT NULL,
  `created_at` datetime NOT NULL,
  `created_by` int(11) NOT NULL,
  `updated_at` datetime DEFAULT NULL,
  `updated_by` int(11) DEFAULT NULL,
  `is_status` tinyint(1) NOT NULL DEFAULT '0',
  PRIMARY KEY (`emp_designation_id`),
  UNIQUE KEY `emp_designation_name` (`emp_designation_name`),
  UNIQUE KEY `emp_designation_alias` (`emp_designation_alias`),
  KEY `created_by` (`created_by`),
  KEY `updated_by` (`updated_by`)
) ENGINE=InnoDB  DEFAULT CHARSET=utf8 AUTO_INCREMENT=8 ;

--
-- Dumping data for table `emp_designation`
--

INSERT INTO `emp_designation` (`emp_designation_id`, `emp_designation_name`, `emp_designation_alias`, `created_at`, `created_by`, `updated_at`, `updated_by`, `is_status`) VALUES
(1, 'Head of Department', 'HOD', '2015-05-27 15:45:22', 1, NULL, NULL, 0),
(2, 'Assistant Professor', 'Assi.Prof.', '2015-05-27 15:45:36', 1, NULL, NULL, 0),
(3, 'Associate Professor', 'Asso.Prof.', '2015-05-27 15:45:45', 1, NULL, NULL, 0),
(4, 'Peon', 'peon', '2015-05-27 15:45:56', 1, NULL, NULL, 0),
(5, 'Librarian', 'Librarian', '2015-05-27 15:46:09', 1, NULL, NULL, 0),
(6, 'Admin', 'Admin', '2015-05-27 15:46:22', 1, NULL, NULL, 0),
(7, 'Senior Clerk', 'Sr.Clerk', '2015-05-27 15:46:34', 1, NULL, NULL, 0);

-- --------------------------------------------------------

--
-- Table structure for table `emp_docs`
--

CREATE TABLE IF NOT EXISTS `emp_docs` (
  `emp_docs_id` int(11) NOT NULL AUTO_INCREMENT,
  `emp_docs_details` varchar(100) DEFAULT NULL,
  `emp_docs_category_id` int(11) NOT NULL,
  `emp_docs_path` varchar(150) NOT NULL,
  `emp_docs_submited_at` datetime NOT NULL,
  `emp_docs_status` tinyint(1) NOT NULL DEFAULT '0',
  `emp_docs_emp_master_id` int(11) NOT NULL,
  `created_by` int(11) NOT NULL,
  PRIMARY KEY (`emp_docs_id`),
  KEY `created_by` (`created_by`),
  KEY `emp_docs_emp_master_id` (`emp_docs_emp_master_id`)
) ENGINE=InnoDB  DEFAULT CHARSET=utf8 AUTO_INCREMENT=25 ;

--
-- Dumping data for table `emp_docs`
--

INSERT INTO `emp_docs` (`emp_docs_id`, `emp_docs_details`, `emp_docs_category_id`, `emp_docs_path`, `emp_docs_submited_at`, `emp_docs_status`, `emp_docs_emp_master_id`, `created_by`) VALUES
(1, '10th Marksheet', 1, '1-1-674493971.jpeg', '2015-05-27 15:57:57', 0, 1, 1),
(2, '', 5, '2-4-1255286698.jpeg', '2015-05-27 16:15:18', 0, 2, 1),
(3, '', 1, '2-1-508131643.jpeg', '2015-05-27 16:15:29', 0, 2, 1),
(4, 'LC', 3, '3-3-1028952283.jpg', '2015-05-27 16:23:30', 0, 3, 1),
(5, '', 1, '5-1-1041481190.jpeg', '2015-05-27 16:49:42', 1, 5, 1),
(6, '', 2, '6-2-476165100.jpeg', '2015-05-27 17:20:32', 1, 6, 1),
(7, '', 1, '8-1-287893358.jpeg', '2015-05-27 17:48:33', 1, 8, 1),
(8, '', 5, '12-4-1312228162.jpeg', '2015-05-28 10:22:00', 0, 12, 1),
(9, '', 1, '7-1-23342204.jpeg', '2015-05-28 11:10:12', 1, 7, 1),
(10, '', 2, '7-2-60225619.jpeg', '2015-05-28 11:10:12', 1, 7, 1),
(11, '', 5, '7-4-202828877.jpeg', '2015-05-28 11:10:12', 0, 7, 1),
(12, 'EC', 5, '9-5-474089278.docx', '2015-05-28 11:43:26', 0, 9, 1),
(13, '', 1, '4-1-1173174131.jpeg', '2015-05-28 12:14:36', 0, 4, 1),
(14, '', 1, '6-1-169624660.jpeg', '2015-05-28 12:24:09', 0, 6, 1),
(15, '', 2, '8-2-1197865576.jpeg', '2015-05-28 12:35:54', 1, 8, 1),
(16, '', 1, '10-1-587920925.jpeg', '2015-05-28 12:48:13', 0, 10, 1),
(17, '', 1, '11-1-604286794.jpeg', '2015-05-28 12:50:53', 0, 11, 1),
(18, '', 1, '12-1-1371640593.jpeg', '2015-05-28 12:54:49', 0, 12, 1),
(19, '', 1, '13-1-784792920.jpeg', '2015-05-28 12:58:10', 0, 13, 1),
(20, '', 1, '14-1-152678129.jpeg', '2015-05-28 13:02:19', 0, 14, 1),
(21, '', 1, '16-1-624910390.jpeg', '2015-05-28 14:23:14', 0, 16, 1),
(22, '', 2, '16-2-948787997.jpeg', '2015-05-28 14:39:46', 0, 16, 1),
(23, '', 1, '17-1-1375764288.jpeg', '2015-05-28 14:49:36', 0, 17, 1),
(24, '12th Marksheet', 2, '17-2-56902868.jpeg', '2015-05-28 14:54:32', 1, 17, 1);

-- --------------------------------------------------------

--
-- Table structure for table `emp_info`
--

CREATE TABLE IF NOT EXISTS `emp_info` (
  `emp_info_id` int(11) NOT NULL AUTO_INCREMENT,
  `emp_unique_id` int(11) NOT NULL,
  `emp_attendance_card_id` varchar(50) DEFAULT NULL,
  `emp_title` varchar(15) DEFAULT NULL,
  `emp_first_name` varchar(35) NOT NULL,
  `emp_middle_name` varchar(35) DEFAULT NULL,
  `emp_last_name` varchar(35) NOT NULL,
  `emp_name_alias` varchar(10) DEFAULT NULL,
  `emp_mother_name` varchar(50) DEFAULT NULL,
  `emp_gender` varchar(20) DEFAULT NULL,
  `emp_dob` date DEFAULT NULL,
  `emp_religion` varchar(50) DEFAULT NULL,
  `emp_bloodgroup` varchar(15) NOT NULL DEFAULT 'Unknown',
  `emp_joining_date` date DEFAULT NULL,
  `emp_birthplace` varchar(50) DEFAULT NULL,
  `emp_email_id` varchar(65) DEFAULT NULL,
  `emp_maritalstatus` varchar(35) DEFAULT NULL,
  `emp_mobile_no` bigint(12) DEFAULT NULL,
  `emp_photo` varchar(150) DEFAULT NULL,
  `emp_languages` varchar(255) DEFAULT NULL,
  `emp_bankaccount_no` varchar(25) DEFAULT NULL,
  `emp_qualification` varchar(50) DEFAULT NULL,
  `emp_specialization` varchar(255) DEFAULT NULL,
  `emp_experience_year` tinyint(2) DEFAULT NULL,
  `emp_experience_month` tinyint(2) DEFAULT NULL,
  `emp_hobbies` varchar(100) DEFAULT NULL,
  `emp_reference` varchar(35) DEFAULT NULL,
  `emp_guardian_name` varchar(65) DEFAULT NULL,
  `emp_guardian_relation` varchar(30) DEFAULT NULL,
  `emp_guardian_qualification` varchar(50) DEFAULT NULL,
  `emp_guardian_occupation` varchar(50) DEFAULT NULL,
  `emp_guardian_income` varchar(50) DEFAULT NULL,
  `emp_guardian_homeadd` varchar(255) DEFAULT NULL,
  `emp_guardian_officeadd` varchar(255) DEFAULT NULL,
  `emp_guardian_mobile_no` bigint(12) DEFAULT NULL,
  `emp_guardian_phone_no` varchar(25) DEFAULT NULL,
  `emp_guardian_email_id` varchar(65) DEFAULT NULL,
  `emp_info_emp_master_id` int(11) DEFAULT NULL,
  PRIMARY KEY (`emp_info_id`),
  UNIQUE KEY `emp_unique_id` (`emp_unique_id`),
  UNIQUE KEY `emp_info_emp_master_id` (`emp_info_emp_master_id`),
  UNIQUE KEY `emp_email_id` (`emp_email_id`),
  UNIQUE KEY `emp_mobile_no` (`emp_mobile_no`),
  UNIQUE KEY `emp_attendance_card_id` (`emp_attendance_card_id`),
  KEY `emp_info_emp_master_id_fgn` (`emp_info_emp_master_id`)
) ENGINE=InnoDB  DEFAULT CHARSET=utf8 AUTO_INCREMENT=19 ;

--
-- Dumping data for table `emp_info`
--

INSERT INTO `emp_info` (`emp_info_id`, `emp_unique_id`, `emp_attendance_card_id`, `emp_title`, `emp_first_name`, `emp_middle_name`, `emp_last_name`, `emp_name_alias`, `emp_mother_name`, `emp_gender`, `emp_dob`, `emp_religion`, `emp_bloodgroup`, `emp_joining_date`, `emp_birthplace`, `emp_email_id`, `emp_maritalstatus`, `emp_mobile_no`, `emp_photo`, `emp_languages`, `emp_bankaccount_no`, `emp_qualification`, `emp_specialization`, `emp_experience_year`, `emp_experience_month`, `emp_hobbies`, `emp_reference`, `emp_guardian_name`, `emp_guardian_relation`, `emp_guardian_qualification`, `emp_guardian_occupation`, `emp_guardian_income`, `emp_guardian_homeadd`, `emp_guardian_officeadd`, `emp_guardian_mobile_no`, `emp_guardian_phone_no`, `emp_guardian_email_id`, `emp_info_emp_master_id`) VALUES
(1, 1, '8596452563', 'Mr.', 'John', 'Andrew', 'Doson', 'JAD', 'Susane', 'MALE', '1983-06-22', 'Christian', 'B-', '2014-01-01', 'Chicago', 'john_doson@gmail.com', 'MARRIED', 9865986598, '', 'English,German', '52416396857485', NULL, 'Python, Magento,Yii ,PHP,Maths', 5, 2, 'Reading, Teaching,Travelling', 'Dr.Hamid', 'Andrew', 'Father', 'Master of Computer Scienc', 'Job', '560000', 'AB/ Park Aven Street, Arthirs Corner,East.', '125/586, Elen Street, First Crian, ', 8585968596, '201-2563251', 'andrew@yahoo.com', 1),
(2, 2, '8574858585', 'Mr.', 'Anand', 'Pareshbhai', 'Patel', 'APP', 'Ritaben', 'MALE', '1985-07-05', 'Hindu', 'B+', '2015-01-01', 'Jamnagar', 'anand.patel@gmail.com', 'MARRIED', 7775658565, NULL, 'Gujarati,English,German,Hindi', '85965656487585', NULL, 'JAVA,Networking,Graphics,Android,PHP,Python,C', 10, 4, 'Surfing,Reading,Writting', 'janak Bhai Patel', 'Pinakinbhai', 'Brother', 'M.Tech', 'Govt .Officer', '750000', '33, Nilgagan Society,M.G.Road,Rajkot', 'R &D Department,Jilla Panchayat Office,Vaibhav Chowk,', 7458963256, '0287-23569856', 'pinakin@yahoo.com', 2),
(3, 3, '7485748596', 'Ms.', 'Punita', 'NarotamBhai', 'Raval', 'PNR', 'Charulataben', 'FEMALE', '1988-07-03', 'Hindu', 'O+', '2015-01-01', 'Una', 'punita@gmail.com', 'MARRIED', 7485967485, NULL, 'English,Gujarati,Hindi', '85741236547896', NULL, 'Maths,Python,IOS', 6, 3, 'Surfing,Developing', 'Vishal Raval', 'NArotambhai', 'Father', 'B.Tech', 'JOB', '750000', '45- Baleshwar Upvan, Nr.Railway Station,Ahmedabad', '123, Orchid Plaza,Opp Bank of Baroda,Vadaj,Ahmedabad', 7458963256, '0287-23569856', 'narotambhair@gmail.com', 3),
(4, 4, '8596566556', 'Mr.', 'Abhishek', 'A', 'Shah', 'AAS', 'NishaBen', 'MALE', '1983-06-22', 'Hindu', 'A+', '2014-01-01', 'Anand', 'abhishek.shah@gmail.com', 'UNMARRIED', 8596363633, NULL, 'English,Gujarati,Hindi,French', '85632548596856', NULL, 'Yii,Python,PHP,Magento,JAVA', 4, 2, 'Surfing.Travelling,', 'Mr.Jay Shah', 'Kamalbhai', 'Brother', 'B.Com', 'Job', '280000', '44, RadhaNagar, BT NAGAR,Anand\r\n', 'R &D Department, Jilla Panchayat Office, Vaibhav Chowk.', 8585968596, '0287-23569856', 'kamal@gmail.com', 4),
(5, 5, '8596745685', 'Prof.', 'Aniket', 'Kamalbhai', 'Patel', 'AKP', 'Ramaben', 'MALE', '1988-06-16', 'Hindu', 'B-', '2015-01-14', 'Rajkot', 'aniket.patel123@gmail.com', 'MARRIED', 8596745685, NULL, 'English,Hindi,German', '596589565656565', NULL, 'JAVA,Networking,Graphics,Android,PHP,Python,C', 3, 3, 'Reading, Teaching,Travelling', '', 'Ranvir', 'Brother', 'B.E. Mechanical', 'Job', '560000', 'Sringar REsidency,Sector-2,Gandhinagar', '12/58, Chinubhai Tower,Ashram Road,Ahmedabad', NULL, '', 'ranvir125@yahoo.com', 5),
(6, 6, '8574855565', 'Ms.', 'Anjali', 'K', 'Ramani', 'AKR', 'Ashaben', 'FEMALE', '1985-07-17', 'Hindu', 'A+', '2015-01-06', 'Junagadh', 'abnju.anju@gmail.com', 'UNMARRIED', 8855664477, NULL, 'English,Gujarati,German', '85965544544545', NULL, 'Networking, Graphics, Animation,CSS', 2, 1, 'Shopping,Outing,Writing,Reading', 'Dr.Ashish', 'Kishorbhai', 'Father', 'B.Com', 'Job', '280000', 'D-585,Nalanda Appartment, Sumul Road,Surat', '"Anjali Investment",Giriraj Road, Nr.ST Stand,Surat', 8596748596, '0258-968574125', 'hishor_123@gmail.com', 6),
(7, 7, '8565658585', 'Mr.', 'AshishShinh', 'J', 'Bhatia', 'AJB', 'Kantaben', 'MALE', '1983-06-30', 'Hindu', 'B+', '2015-02-11', 'Punjab', 'ashish@yahoo.com', 'MARRIED', 8596857485, NULL, 'English,French,Hindi,Punjabi', '45857452365231', NULL, 'Chemistry,Biology,PHP,Python,CSS3', 11, 2, 'Eating,Singing,Surfing,Reading', 'Vinod Pillai', 'Gordhanbhai', 'Father', 'B.Com', 'Accountant', '290000', '5-C125, rushab Flats, Anand NAgar', 'Vandana Infptech Pvt.Ltd, Vadaj', 7668559444, '0285-86957485', 'gordhan@yahoo.com', 7),
(8, 8, '8454547858', 'Ms.', 'Paul', 'D', 'Diesel', 'PDD', 'ChampaBen', 'MALE', '1985-06-10', 'Christian', 'A-', '2015-01-13', 'California', 'pauldiesel@yahoo.com', 'UNMARRIED', 5236524152, 'Paul_8.jpeg', 'English,Gujarati,Hindi', '45869854785698', NULL, 'PHP, CSS3, HTML,JAVA,ANDROID,Wordpress,Magento', 2, 1, 'Reading, Surfing', 'Dr.Hardik Patel', 'Vin ', 'Brother', 'B.Tech', 'Job', '850000', '75/856k, Easten Sider,Woolen Street', '459-K Street, Riverside,', 7458963256, '204-8596855', 'vin1234@yahoo.com', 8),
(9, 9, '6585362563', 'Dr.', 'Kanan', 'Maheshbhai', 'Patel', 'KMP', 'RashmiBen', 'FEMALE', '1985-07-27', 'Hindu', 'O-', '2014-05-06', 'Junagadh', 'kanan.patel@gmail.com', 'MARRIED', 8596748596, NULL, 'Russian,English,Hindi,Gujarati,Punjabi', '12365478596', NULL, 'PHysics,Chemistry,Botony,Zoology,Maths', 8, 6, 'Reading,Writing,Travelling', 'Mr. Rajan Varma', 'Maheshbhai', 'Father', 'M.Tech', 'Job', '560000', '124-Panchvati Circle, Nitara Flats\r\n', 'Second Floor, Aryan Arcade,Maninagar', 8585252525, '079-36362563', 'maheshpatel@yahoo.com', 9),
(10, 10, '1233214566', 'Mr.', 'Priyesh', 'M', 'Sanesara', 'PMS', 'Shantiben', 'MALE', '1982-07-01', 'Hindu', 'B+', '2015-01-01', 'Ahmedabad', 'priyesh@yahoo.com', 'MARRIED', 8596363636, NULL, 'English,Hindi,Gujarati,German', '252563656235', NULL, 'Marketing, Finance, Accounting.', 10, 3, 'MArketing', 'Dr. Jhanvi Patel', 'Ashokbhai', 'Brother', 'M.Sc.', 'Bussiness', '820000', '604,Gunatit Appartments, Sumul Dairy Road,Surat', '204,Podar Arcade, Nr.Garnala,Surat', 8565859565, '079-85656565', 'ashoks@gmail.com', 10),
(11, 11, '5632652341', 'Mr.', 'Akhilesh', 'Pareshbhai', 'Patel', 'APP', 'ManjulaBen', 'MALE', '1983-07-20', 'Hindu', 'O+', '2015-02-10', 'Rajkot', 'akhilesh11@gmail.com', 'MARRIED', 7474585695, NULL, 'English,Hindi,French', '854555225552', NULL, 'Maths,Science,English', 4, NULL, 'Reading,Adventure,Cooking', 'Prof.Arijit Shah', 'Markand Patel', 'Brother', 'B.Com', 'Job', '350000', '123/45, "Ren Basera",Amrut Nagar Society,Jodhpur Gam,Near Prernatirth Derasar Temple,, Ahmedabad', '701, Sapath-iii, Prahladnagar Road', 7474526341, '079-85656565', 'markand@gmail.com', 11),
(12, 12, '1234567898', 'Ms.', 'Maria', 'Daniel', 'Cruse', 'MDC', 'Stella', 'MALE', '1985-07-24', 'Christian', 'A+', '2015-03-03', 'California', 'maria_cruse@gmail.com', 'MARRIED', 8585968574, NULL, 'English,French,Gujarati', '125478542365', NULL, 'Computer Networkin, JAVA, Android,C', 4, 3, 'Reading, Teaching,Travelling', 'Jaydeep Patel', 'David ', 'Brother', 'Master of Computer Scienc', 'Job', '850000', ' 100 MAIN ST, PO BOX 1022, SEATTLE WA 98104, USA', '300 BOYLSTON AVE E, SEATTLE WA 98102, USA', 9889788767, '201-8569856', 'david_decoz@gmail.com', 12),
(13, 13, '7545856535', 'Mr.', 'Kishor', 'Rameshbhai', 'Chavda', 'KRC', 'SonalBen', 'MALE', '1981-08-28', 'Hindu', 'B-', '2015-02-16', 'Rajkot', 'kishor.chavda@gmail.com', 'MARRIED', 8596969685, NULL, 'English,Gujarati,Hindi', '52523662365252', NULL, 'Android,Maths,Networking', 3, 4, 'REading,Writing', 'Jaydeep Patel', 'GunjanBhai Chavda', 'Brother', 'BA', 'Job', '280000', '75,Surya City, Raiya Road,Rajkot', 'Stavan Arcade, Above Samsumg Show Room,Rajkot', 8585858586, '0285-4658956', 'gunjan@gmail.com', 13),
(14, 14, '8532658542', 'Ms.', 'Kinnari', 'Kishorbhai', 'Bhatt', 'KKB', 'MeenaBen Bhatt', 'FEMALE', '1986-08-29', 'Hindu', 'Unknown', '2015-03-10', 'Jamnagar', 'kinnari.bhatt@gmail.com', 'UNMARRIED', 8569857485, NULL, 'English,Hindi,Gujarati', '158452365252', NULL, 'C++, ComputerGraphics, Animation, Corel Draw, ', 3, 5, 'Eating,Singing,Surfing,Reading', 'Janvi PAtel', 'Kunal Bhatt', 'Brother', 'M.Sc', 'Bussiness', '850000', 'Kishor Kunj,  Postal Society,Nr. Best English School,junagadh', 'Anjali investment, Nr.M.G.Library, Janzarda Road', 8523568595, '0875-56985696', 'kunal.bhatt@yahoo.com', 14),
(15, 15, '1452254123', '', 'Naresh', 'Rambhai', 'Chaudhary', 'NRC', 'HimaniBen', 'MALE', '1989-07-11', 'Hindu', 'O-', '2015-01-16', 'Anand', 'naresh@gmail.com', 'MARRIED', 7936589658, 'Naresh_15.jpeg', 'English,Gujarati,Hindi', '12332156323652', NULL, 'SRS,Documentation,Designing,PHP,CSS3', 3, 2, 'Writing,Shopping', 'Dr.Sidhharth Shah', 'Niraj Chaudhary', 'Uncle', 'B.Com', 'Job', '280000', 'K1051, Niharika Flats, Panjarapol', '201,NewYork Plaza, Judges Buglow Road', 7668559444, '079-85656565', 'niraj.c@gmail.com', 15),
(16, 16, '1478523695', 'Ms.', 'Vaishali ', 'Maganbhai', 'Chaudhary', 'VMC', 'Sarojben', 'FEMALE', '1982-08-18', 'Hindu', 'A+', '2014-03-26', 'Rajkot', 'vaishali.chaudhary@gmail.com', 'MARRIED', 8555564444, NULL, 'English,Gujarati,Hindi,German', '851245514212', NULL, 'Management', 7, 2, 'REading,Writing', 'Prof. Ashish Bareja', 'Raj Chaudhary', 'Brother', 'MCA ', 'Job', '850000', '25/11,Shyam Shikhar,Bapunagar Approach', 'B-201,info-tower,C.G.Road', 8523568595, '079-7474745', 'raj.chaudhary@gmail.com', 16),
(17, 17, '8596785858', 'Mr.', 'William', 'John', 'Smith', 'WJS', 'samantha', 'MALE', '1983-07-21', 'Christian', 'AB+', '2015-01-17', 'Sydney', 'william.smith@yahoo.com', 'UNMARRIED', 8555656565, NULL, 'English,Hindi,German,French', '523252363332', NULL, 'PHysics,Chemistry,Botony,Zoology,Maths', 2, 2, 'Reading,Searching,', 'Mr. Bruice Willise', 'jason Smith', 'Brother', 'M.Tech', 'Bussiness', '850000', '158 St Georges Tce, PERTH WA', 'K-456/67, G street, First Avenue', 88555565656, '206-6565352', 'jason.smith@gmail.com', 17),
(18, 18, NULL, 'Mr.', 'Vikalp', '', 'Sharma', 'Vikalp', NULL, 'MALE', '1987-12-22', NULL, 'Unknown', '2016-12-21', NULL, 'er.vikalp10@gmail.com', 'MARRIED', 8602699929, 'Vikalp_18.png', NULL, NULL, NULL, NULL, 10, 0, NULL, NULL, NULL, NULL, NULL, NULL, NULL, NULL, NULL, NULL, NULL, NULL, 18);

-- --------------------------------------------------------

--
-- Table structure for table `emp_master`
--

CREATE TABLE IF NOT EXISTS `emp_master` (
  `emp_master_id` int(11) NOT NULL AUTO_INCREMENT,
  `emp_master_emp_info_id` int(11) NOT NULL,
  `emp_master_user_id` int(11) NOT NULL,
  `emp_master_department_id` int(11) NOT NULL,
  `emp_master_designation_id` int(11) DEFAULT NULL,
  `emp_master_category_id` int(11) NOT NULL,
  `emp_master_nationality_id` int(11) DEFAULT NULL,
  `emp_master_emp_address_id` int(11) NOT NULL,
  `emp_master_status_id` int(11) NOT NULL DEFAULT '0',
  `created_at` datetime NOT NULL,
  `created_by` int(11) NOT NULL,
  `updated_at` datetime DEFAULT NULL,
  `updated_by` int(11) DEFAULT NULL,
  `is_status` tinyint(1) NOT NULL DEFAULT '0',
  PRIMARY KEY (`emp_master_id`),
  UNIQUE KEY `emp_master_user_id` (`emp_master_user_id`),
  UNIQUE KEY `emp_master_emp_info_id` (`emp_master_emp_info_id`),
  KEY `emp_master_department_id` (`emp_master_department_id`),
  KEY `emp_master_designation_id` (`emp_master_designation_id`),
  KEY `emp_master_category_id` (`emp_master_category_id`),
  KEY `emp_master_nationality_id` (`emp_master_nationality_id`),
  KEY `emp_master_emp_address_id` (`emp_master_emp_address_id`),
  KEY `created_by` (`created_by`),
  KEY `updated_by` (`updated_by`),
  KEY `emp_master_emp_info_id_frg` (`emp_master_emp_info_id`),
  KEY `emp_master_user_id_frg` (`emp_master_user_id`)
) ENGINE=InnoDB  DEFAULT CHARSET=utf8 AUTO_INCREMENT=19 ;

--
-- Dumping data for table `emp_master`
--

INSERT INTO `emp_master` (`emp_master_id`, `emp_master_emp_info_id`, `emp_master_user_id`, `emp_master_department_id`, `emp_master_designation_id`, `emp_master_category_id`, `emp_master_nationality_id`, `emp_master_emp_address_id`, `emp_master_status_id`, `created_at`, `created_by`, `updated_at`, `updated_by`, `is_status`) VALUES
(1, 1, 4, 1, 2, 1, 3, 1, 0, '2015-05-27 15:49:34', 1, '2016-12-20 16:40:57', 1, 2),
(2, 2, 15, 1, 1, 1, 1, 2, 0, '2015-05-27 16:05:39', 1, '2016-12-22 06:31:17', 1, 2),
(3, 3, 19, 2, 2, 1, 1, 3, 0, '2015-05-27 16:17:58', 1, '2016-12-21 07:45:09', 1, 2),
(4, 4, 20, 5, 2, 1, 1, 4, 0, '2015-05-27 16:36:41', 1, '2016-12-21 07:45:05', 1, 2),
(5, 5, 21, 3, 2, 1, 1, 5, 0, '2015-05-27 16:44:05', 1, '2016-12-21 07:45:00', 1, 2),
(6, 6, 22, 4, 2, 1, 1, 6, 0, '2015-05-27 16:52:30', 1, '2016-12-21 07:44:56', 1, 2),
(7, 7, 23, 4, 3, 1, 1, 7, 0, '2015-05-27 17:21:56', 1, '2016-12-21 07:44:38', 1, 2),
(8, 8, 24, 2, 2, 1, 1, 8, 0, '2015-05-27 17:32:07', 1, '2016-12-21 07:44:34', 1, 2),
(9, 9, 25, 5, 2, 1, 1, 9, 0, '2015-05-27 17:51:50', 1, '2016-12-21 07:44:31', 1, 2),
(10, 10, 26, 3, 1, 1, 1, 10, 0, '2015-05-28 09:52:52', 1, '2016-12-21 07:44:27', 1, 2),
(11, 11, 27, 4, 2, 1, 1, 11, 0, '2015-05-28 10:04:56', 1, '2016-12-21 07:44:23', 1, 2),
(12, 12, 28, 5, 6, 1, 1, 12, 0, '2015-05-28 10:16:16', 1, '2016-12-21 07:44:19', 1, 2),
(13, 13, 29, 1, 4, 1, 1, 13, 0, '2015-05-28 10:39:23', 1, '2016-12-21 07:44:14', 1, 2),
(14, 14, 30, 2, 2, 4, 1, 14, 0, '2015-05-28 11:12:20', 1, '2016-12-20 16:41:07', 1, 2),
(15, 15, 31, 3, 7, 1, 1, 15, 0, '2015-05-28 13:03:55', 1, '2016-12-20 16:41:04', 1, 2),
(16, 16, 32, 1, 5, 1, 1, 16, 0, '2015-05-28 13:11:32', 1, '2016-12-20 16:41:01', 1, 2),
(17, 17, 33, 5, 2, 1, 2, 17, 0, '2015-05-28 14:42:13', 1, '2016-12-20 16:40:50', 1, 2),
(18, 18, 127, 1, 1, 1, 1, 18, 0, '2016-12-28 11:53:23', 1, '2016-12-31 11:25:03', 1, 2);

-- --------------------------------------------------------

--
-- Table structure for table `emp_status`
--

CREATE TABLE IF NOT EXISTS `emp_status` (
  `emp_status_id` int(11) NOT NULL AUTO_INCREMENT,
  `emp_status_name` varchar(50) NOT NULL,
  `emp_status_description` varchar(100) DEFAULT NULL,
  `created_at` datetime NOT NULL,
  `created_by` int(11) NOT NULL,
  `updated_at` datetime DEFAULT NULL,
  `updated_by` int(11) DEFAULT NULL,
  `is_status` tinyint(1) NOT NULL DEFAULT '0',
  PRIMARY KEY (`emp_status_id`),
  UNIQUE KEY `emp_status_name` (`emp_status_name`),
  KEY `created_by` (`created_by`),
  KEY `updated_by` (`updated_by`)
) ENGINE=InnoDB DEFAULT CHARSET=utf8 AUTO_INCREMENT=1 ;

-- --------------------------------------------------------

--
-- Table structure for table `events`
--

CREATE TABLE IF NOT EXISTS `events` (
  `event_id` int(11) NOT NULL AUTO_INCREMENT,
  `event_title` varchar(80) NOT NULL,
  `event_detail` varchar(255) NOT NULL,
  `event_start_date` datetime NOT NULL,
  `event_end_date` datetime NOT NULL,
  `event_type` int(11) NOT NULL,
  `event_url` varchar(255) DEFAULT NULL,
  `event_all_day` tinyint(1) NOT NULL DEFAULT '0',
  `created_at` datetime NOT NULL,
  `created_by` int(11) NOT NULL,
  `updated_at` datetime DEFAULT NULL,
  `updated_by` int(11) DEFAULT NULL,
  `is_status` tinyint(1) NOT NULL DEFAULT '0',
  PRIMARY KEY (`event_id`)
) ENGINE=InnoDB  DEFAULT CHARSET=utf8 AUTO_INCREMENT=9 ;

--
-- Dumping data for table `events`
--

INSERT INTO `events` (`event_id`, `event_title`, `event_detail`, `event_start_date`, `event_end_date`, `event_type`, `event_url`, `event_all_day`, `created_at`, `created_by`, `updated_at`, `updated_by`, `is_status`) VALUES
(1, 'Last Day', 'Last Day of Janvi', '2015-05-30 00:00:00', '2015-05-30 00:00:00', 2, NULL, 0, '2015-05-27 15:34:53', 1, '2015-05-27 15:40:30', 1, 2),
(2, 'Janvi BDay', 'Happy Birthday Janvi ', '2015-07-05 00:00:00', '2015-07-05 00:00:00', 4, NULL, 0, '2015-05-27 15:35:38', 1, '2015-05-27 15:40:48', 1, 2),
(3, 'Happy Bday', 'HAppy Birthday KarmrajSir', '2015-07-25 00:00:00', '2015-07-25 00:00:00', 4, NULL, 0, '2015-05-27 15:36:10', 1, '2015-05-27 15:41:05', 1, 2),
(4, 'Launching New Application', 'Launch of Edusec Yii2', '2015-06-02 09:30:00', '2015-06-02 10:00:00', 2, NULL, 0, '2015-05-27 15:37:00', 1, '2015-05-27 15:39:37', 1, 0),
(5, 'Meeting for staff ', 'All Staff Members-Meeting', '2015-06-09 00:00:00', '2015-06-09 00:00:00', 3, NULL, 0, '2015-05-27 15:37:42', 1, NULL, NULL, 0),
(6, 'Mango Festival', 'Two-day festival celebrating the ubiquitous Indian mango fruit with quizzes, competitions, mango tasting and over 400 varieties of the fruit on display.', '2015-07-01 08:30:00', '2015-07-01 15:00:00', 2, NULL, 0, '2015-05-27 15:38:08', 1, '2015-05-27 15:38:44', 1, 0),
(7, 'Celebration Time', 'Celebration Time', '2015-06-25 00:00:00', '2015-06-25 00:00:00', 4, NULL, 0, '2015-05-27 15:39:12', 1, NULL, NULL, 0),
(8, 'crishmash day ', 'hollyday ', '2016-12-17 00:00:00', '2016-12-17 00:00:00', 1, NULL, 0, '2016-12-17 10:27:29', 1, NULL, NULL, 0);

-- --------------------------------------------------------

--
-- Table structure for table `fees_category_details`
--

CREATE TABLE IF NOT EXISTS `fees_category_details` (
  `fees_category_details_id` int(11) NOT NULL AUTO_INCREMENT,
  `fees_details_name` varchar(70) NOT NULL,
  `fees_details_category_id` int(11) NOT NULL,
  `fees_details_description` varchar(255) DEFAULT NULL,
  `fees_details_amount` decimal(10,0) NOT NULL,
  `created_at` datetime NOT NULL,
  `created_by` int(11) NOT NULL,
  `updated_at` datetime DEFAULT NULL,
  `updated_by` int(11) DEFAULT NULL,
  `is_status` tinyint(1) NOT NULL DEFAULT '0',
  PRIMARY KEY (`fees_category_details_id`),
  KEY `updated_by` (`updated_by`),
  KEY `created_by` (`created_by`),
  KEY `fees_details_category_id` (`fees_details_category_id`)
) ENGINE=InnoDB  DEFAULT CHARSET=utf8 AUTO_INCREMENT=35 ;

--
-- Dumping data for table `fees_category_details`
--

INSERT INTO `fees_category_details` (`fees_category_details_id`, `fees_details_name`, `fees_details_category_id`, `fees_details_description`, `fees_details_amount`, `created_at`, `created_by`, `updated_at`, `updated_by`, `is_status`) VALUES
(1, 'Tuition Fees-2015', 5, 'Academic Year 2015 Tuition Fees', '25000', '2015-05-27 16:52:10', 1, NULL, NULL, 0),
(2, 'Extra Misc Fees', 5, 'Extra Misc Fees', '2000', '2015-05-27 16:52:35', 1, NULL, NULL, 0),
(3, 'Tuition Fees-2015', 4, 'Tuition Fees-2015', '25000', '2015-05-27 16:53:13', 1, NULL, NULL, 0),
(4, 'Tuition Fees-2015', 3, 'Tuition Fees-2015', '25000', '2015-05-27 16:53:25', 1, NULL, NULL, 0),
(5, 'Tuition Fees-2015', 2, 'Tuition Fees-2015', '25000', '2015-05-27 16:53:39', 1, NULL, NULL, 0),
(6, 'Tuition Fees-2015', 1, 'Tuition Fees-2015', '25000', '2015-05-27 16:53:53', 1, NULL, NULL, 0),
(7, 'Extra Misc Fees', 1, 'Extra Misc Fees', '1500', '2015-05-27 16:55:05', 1, NULL, NULL, 0),
(8, 'deepak', 11, 'admission', '2000', '2016-12-17 09:23:10', 1, NULL, NULL, 0),
(9, 'Bus route1', 6, 'Bus route1', '6000', '2016-12-17 10:32:19', 1, '2016-12-17 10:35:01', 1, 0),
(10, 'Bus route2', 6, 'Bus route2', '1000', '2016-12-17 10:34:46', 1, NULL, NULL, 0),
(11, 'Tution Fees', 12, 'Tution Fee', '30000', '2016-12-26 06:32:27', 1, NULL, NULL, 0),
(12, 'bus Fees', 12, 'Bus fees', '12000', '2016-12-26 06:34:04', 1, NULL, NULL, 0),
(13, 'Registration Fee', 12, 'Registration Fee', '1000', '2016-12-28 11:29:54', 1, NULL, NULL, 0),
(14, 'Admission Fees ', 13, 'Admission Fees', '2000', '2017-02-03 07:18:31', 1, NULL, NULL, 0),
(15, 'Admission Fees ', 14, 'Admission Fees', '2000', '2017-02-03 07:24:56', 1, NULL, NULL, 0),
(16, 'Bus Fees', 13, 'Bus Fees', '12000', '2017-02-03 07:27:34', 1, NULL, NULL, 0),
(17, 'Tution Fees', 12, 'Tution Fees', '30000', '2017-02-03 07:28:11', 1, '2017-02-03 07:28:29', 1, 2),
(18, 'Admission Fees ', 19, 'Admission Fees ', '2000', '2017-02-03 07:54:11', 1, NULL, NULL, 0),
(19, 'ENROLLMENT FEES', 18, 'ENROLLMENT FEES', '220', '2017-02-03 07:55:03', 1, NULL, NULL, 0),
(20, 'Tution Fees', 17, 'Tution Fees', '30000', '2017-02-03 07:55:27', 1, NULL, NULL, 0),
(21, 'Exam Fees', 16, 'Exam Fees', '2000', '2017-02-03 07:56:28', 1, NULL, NULL, 0),
(22, 'Transport Fees', 13, 'Transport Fees', '12000', '2017-02-03 07:57:35', 1, NULL, NULL, 0),
(23, 'Eligibilty Fees', 12, 'Eligibilty Fees', '300', '2017-02-03 07:59:10', 1, NULL, NULL, 0),
(24, 'Bus Fees ', 19, 'Bus Fees ', '12000', '2017-02-03 08:14:08', 1, '2017-02-03 08:14:39', 1, 2),
(25, 'bus fees ', 19, 'bus fees', '12000', '2017-02-03 08:15:15', 1, '2017-02-03 08:17:29', 1, 2),
(26, 'Admission Fees', 19, 'Admission Fees', '2000', '2017-02-03 08:17:17', 1, '2017-02-03 08:17:23', 1, 2),
(27, 'Enrollment Fees', 19, 'Enrollment Fees', '300', '2017-02-03 08:18:10', 1, '2017-02-03 08:40:55', 1, 0),
(28, 'Tution Fees', 19, 'Tution Fees', '35000', '2017-02-03 08:20:02', 1, '2017-02-03 08:47:59', 1, 0),
(29, 'Exam Fees', 19, 'Exam Fees', '2000', '2017-02-03 08:21:42', 1, NULL, NULL, 0),
(30, 'Transport Fees', 19, 'Transport Fees', '12000', '2017-02-03 08:22:34', 1, NULL, NULL, 0),
(31, 'Sport Fees ', 19, 'Sport Fees ', '700', '2017-02-03 08:23:34', 1, '2017-02-03 10:18:02', 1, 0),
(32, 'Activity Fees', 19, 'Activity Fees', '3000', '2017-02-03 08:28:39', 1, '2017-02-03 08:48:39', 1, 0),
(33, 'Eligibilty Fees', 19, 'Eligibilty Fees', '0', '2017-02-03 08:29:20', 1, '2017-02-03 10:17:44', 1, 0),
(34, 'other', 19, 'other', '0', '2017-02-03 10:16:54', 1, NULL, NULL, 0);

-- --------------------------------------------------------

--
-- Table structure for table `fees_collect_category`
--

CREATE TABLE IF NOT EXISTS `fees_collect_category` (
  `fees_collect_category_id` int(11) NOT NULL AUTO_INCREMENT,
  `fees_collect_name` varchar(70) NOT NULL,
  `fees_collect_batch_id` int(11) NOT NULL,
  `fees_collect_details` varchar(255) DEFAULT NULL,
  `fees_collect_start_date` date NOT NULL,
  `fees_collect_end_date` date NOT NULL,
  `fees_collect_due_date` date NOT NULL,
  `created_at` datetime NOT NULL,
  `created_by` int(11) NOT NULL,
  `updated_at` datetime DEFAULT NULL,
  `updated_by` int(11) DEFAULT NULL,
  `is_status` tinyint(1) NOT NULL DEFAULT '0',
  PRIMARY KEY (`fees_collect_category_id`),
  UNIQUE KEY `fees_collect_name` (`fees_collect_name`,`fees_collect_batch_id`),
  KEY `created_by` (`created_by`),
  KEY `updated_by` (`updated_by`),
  KEY `fees_collect_batch_id` (`fees_collect_batch_id`)
) ENGINE=InnoDB  DEFAULT CHARSET=utf8 AUTO_INCREMENT=20 ;

--
-- Dumping data for table `fees_collect_category`
--

INSERT INTO `fees_collect_category` (`fees_collect_category_id`, `fees_collect_name`, `fees_collect_batch_id`, `fees_collect_details`, `fees_collect_start_date`, `fees_collect_end_date`, `fees_collect_due_date`, `created_at`, `created_by`, `updated_at`, `updated_by`, `is_status`) VALUES
(1, 'Tuition Fees', 1, 'Tuition Fees', '2015-06-01', '2015-06-30', '2015-07-01', '2015-05-27 16:50:51', 1, '2016-12-26 06:28:48', 1, 2),
(2, 'Tuition Fees', 2, 'Tuition Fees', '2015-06-01', '2015-06-30', '2015-07-01', '2015-05-27 16:50:52', 1, '2017-02-03 07:09:09', 1, 2),
(3, 'Tuition Fees', 3, 'Tuition Fees', '2015-06-01', '2015-06-30', '2015-07-01', '2015-05-27 16:50:52', 1, '2017-02-03 07:09:20', 1, 2),
(4, 'Tuition Fees', 4, 'Tuition Fees', '2015-06-01', '2015-06-30', '2015-07-01', '2015-05-27 16:50:52', 1, '2017-02-03 07:09:24', 1, 2),
(5, 'Tuition Fees', 5, 'Tuition Fees', '2015-06-01', '2015-06-30', '2015-07-01', '2015-05-27 16:50:52', 1, '2017-02-03 07:09:28', 1, 2),
(6, 'Bus Fee', 1, 'Bus', '2016-12-01', '2016-12-22', '2016-12-16', '2016-12-16 06:53:37', 1, '2017-02-03 07:09:35', 1, 2),
(7, 'Bus Fee', 2, 'Bus', '2016-12-01', '2016-12-22', '2016-12-16', '2016-12-16 06:53:37', 1, '2017-02-03 07:09:40', 1, 2),
(8, 'Bus Fee', 3, 'Bus', '2016-12-01', '2016-12-22', '2016-12-16', '2016-12-16 06:53:37', 1, '2017-02-03 07:09:45', 1, 2),
(9, 'Bus Fee', 4, 'Bus', '2016-12-01', '2016-12-22', '2016-12-16', '2016-12-16 06:53:37', 1, '2017-02-03 07:09:49', 1, 2),
(10, 'Bus Fee', 5, 'Bus', '2016-12-01', '2016-12-22', '2016-12-16', '2016-12-16 06:53:37', 1, '2017-02-03 07:10:02', 1, 2),
(11, 'deepak ', 2, 'addmission', '2016-07-01', '2019-04-19', '2020-04-19', '2016-12-17 09:22:05', 1, '2017-02-03 07:08:53', 1, 2),
(12, 'ELIGIBILITY FEES', 6, 'ELIGIBILITY FEES', '2016-07-01', '2017-05-01', '2017-06-01', '2016-12-23 11:11:51', 1, '2017-02-03 08:35:20', 1, 2),
(13, 'Transport Fees', 6, 'Transport Fees', '2016-06-01', '2017-03-01', '2017-04-01', '2016-12-26 06:39:49', 1, '2017-02-03 08:35:26', 1, 2),
(14, 'SPORT FEES ', 6, 'SPORT FEES', '2016-06-01', '2016-07-30', '2016-08-30', '2017-02-03 07:21:19', 1, '2017-02-03 08:35:29', 1, 2),
(15, 'ACTIVITY  FEES', 6, 'ACTIVITY  FEES', '2016-06-01', '2016-07-30', '2016-08-30', '2017-02-03 07:29:34', 1, '2017-02-03 08:35:41', 1, 2),
(16, 'Exam Fees', 6, 'Exam Fees', '2016-08-01', '2016-09-25', '2016-09-25', '2017-02-03 07:34:02', 1, '2017-02-03 08:35:47', 1, 2),
(17, 'TUTION  Fees', 6, 'TUTION Fees', '2016-06-01', '2017-06-01', '2016-08-30', '2017-02-03 07:37:13', 1, '2017-02-03 08:35:55', 1, 2),
(18, 'ENROLLMENT  Fees ', 6, 'ENROLLMENT Fees ', '2016-06-01', '2017-06-01', '2017-07-30', '2017-02-03 07:41:02', 1, '2017-02-03 08:35:59', 1, 2),
(19, 'GNM BATCH 2016-17 Fees', 6, 'GNM BATCH  2016-17 ', '2016-06-01', '2017-06-01', '2017-08-30', '2017-02-03 07:43:47', 1, '2017-02-28 07:57:59', 1, 0);

-- --------------------------------------------------------

--
-- Table structure for table `fees_payment_transaction`
--

CREATE TABLE IF NOT EXISTS `fees_payment_transaction` (
  `fees_pay_tran_id` int(11) NOT NULL,
  `fees_pay_tran_collect_id` int(11) NOT NULL,
  `fees_pay_tran_stu_id` int(11) NOT NULL,
  `fees_pay_tran_batch_id` int(11) NOT NULL,
  `fees_pay_tran_course_id` int(11) NOT NULL,
  `fees_pay_tran_section_id` int(11) NOT NULL,
  `fees_pay_tran_mode` tinyint(1) NOT NULL,
  `fees_pay_tran_cheque_no` int(11) DEFAULT NULL,
  `fees_pay_tran_cheque_date` date DEFAULT NULL,
  `fees_pay_tran_bank_id` int(11) DEFAULT NULL,
  `fees_pay_tran_bank_branch` varchar(50) DEFAULT NULL,
  `fees_pay_tran_amount` decimal(10,0) NOT NULL,
  `fees_pay_tran_date` date NOT NULL,
  `created_at` datetime NOT NULL,
  `created_by` int(11) NOT NULL,
  `updated_at` datetime DEFAULT NULL,
  `updated_by` int(11) DEFAULT NULL,
  `is_status` tinyint(1) NOT NULL DEFAULT '0',
  `fee_pay_type` varchar(500) NOT NULL DEFAULT 'Tution Fees',
  KEY `updated_by` (`updated_by`),
  KEY `created_by` (`created_by`),
  KEY `fees_pay_tran_bank_id` (`fees_pay_tran_bank_id`),
  KEY `fees_pay_tran_collect_id` (`fees_pay_tran_collect_id`),
  KEY `fees_pay_tran_stu_id` (`fees_pay_tran_stu_id`),
  KEY `fees_pay_tran_batch_id` (`fees_pay_tran_batch_id`),
  KEY `fees_pay_tran_course_id` (`fees_pay_tran_course_id`),
  KEY `fees_pay_tran_section_id` (`fees_pay_tran_section_id`)
) ENGINE=InnoDB DEFAULT CHARSET=utf8;

--
-- Dumping data for table `fees_payment_transaction`
--

INSERT INTO `fees_payment_transaction` (`fees_pay_tran_id`, `fees_pay_tran_collect_id`, `fees_pay_tran_stu_id`, `fees_pay_tran_batch_id`, `fees_pay_tran_course_id`, `fees_pay_tran_section_id`, `fees_pay_tran_mode`, `fees_pay_tran_cheque_no`, `fees_pay_tran_cheque_date`, `fees_pay_tran_bank_id`, `fees_pay_tran_bank_branch`, `fees_pay_tran_amount`, `fees_pay_tran_date`, `created_at`, `created_by`, `updated_at`, `updated_by`, `is_status`, `fee_pay_type`) VALUES
(0, 19, 18, 6, 6, 6, 1, NULL, NULL, NULL, '', '6', '2017-03-16', '2017-03-16 17:05:04', 1, NULL, NULL, 0, 'Admission Fees '),
(1, 1, 1, 1, 1, 1, 1, NULL, NULL, NULL, '', '20000', '2015-06-05', '2015-05-27 17:21:10', 1, NULL, NULL, 0, 'Tution Fees'),
(2, 1, 1, 1, 1, 1, 2, 123, '2015-06-10', 2, 'Ahmedabad', '2000', '2015-06-05', '2015-05-27 17:21:50', 1, NULL, NULL, 0, 'Tution Fees'),
(3, 1, 6, 1, 1, 1, 1, NULL, NULL, NULL, '', '22000', '2015-06-05', '2015-05-27 17:23:37', 1, NULL, NULL, 0, 'Tution Fees'),
(4, 1, 7, 1, 1, 1, 2, 1, '2015-06-10', 4, 'Jamnagar', '26000', '2015-06-04', '2015-05-27 17:24:49', 1, NULL, NULL, 0, 'Tution Fees'),
(5, 1, 8, 1, 1, 1, 2, 987, '2015-06-04', 5, 'Ahmedabad', '22000', '2015-05-30', '2015-05-27 17:25:45', 1, NULL, NULL, 0, 'Tution Fees'),
(6, 1, 9, 1, 1, 1, 1, NULL, NULL, NULL, '', '22000', '2015-05-30', '2015-05-27 17:26:06', 1, NULL, NULL, 0, 'Tution Fees'),
(7, 2, 2, 2, 2, 2, 1, NULL, NULL, NULL, '', '20000', '2015-06-01', '2015-05-27 17:27:06', 1, NULL, NULL, 0, 'Tution Fees'),
(8, 2, 2, 2, 2, 2, 2, 1023, '2015-06-02', 1, '', '2000', '2015-06-01', '2015-05-27 17:27:57', 1, NULL, NULL, 0, 'Tution Fees'),
(9, 2, 10, 2, 2, 2, 1, NULL, NULL, NULL, '', '20000', '2015-05-30', '2015-05-27 17:28:16', 1, NULL, NULL, 0, 'Tution Fees'),
(10, 2, 14, 2, 2, 2, 1, NULL, NULL, NULL, '', '23000', '2015-05-30', '2015-05-27 17:28:44', 1, NULL, NULL, 0, 'Tution Fees'),
(11, 3, 3, 3, 3, 3, 1, NULL, NULL, NULL, '', '20000', '2015-05-29', '2015-05-27 17:29:46', 1, NULL, NULL, 0, 'Tution Fees'),
(12, 3, 11, 3, 3, 3, 2, 1230, '2015-06-03', 1, '', '22000', '2015-05-30', '2015-05-27 17:30:17', 1, NULL, NULL, 0, 'Tution Fees'),
(13, 4, 4, 4, 4, 4, 1, NULL, NULL, NULL, '', '22000', '2015-05-29', '2015-05-27 17:30:52', 1, NULL, NULL, 0, 'Tution Fees'),
(14, 3, 15, 3, 3, 3, 1, NULL, NULL, NULL, '', '20000', '2015-05-28', '2015-05-28 14:31:20', 1, NULL, NULL, 0, 'Tution Fees'),
(15, 3, 15, 3, 3, 3, 2, 1236, '2015-06-01', 3, 'Chicago FG', '2000', '2015-05-30', '2015-05-28 14:32:08', 1, NULL, NULL, 0, 'Tution Fees'),
(16, 4, 12, 4, 4, 4, 1, NULL, NULL, NULL, '', '22100', '2015-05-29', '2015-05-28 14:32:51', 1, NULL, NULL, 0, 'Tution Fees'),
(21, 5, 5, 5, 5, 5, 2, 987, '2015-05-30', 3, 'New York NY', '21078', '2015-05-30', '2015-05-28 14:46:39', 1, NULL, NULL, 0, 'Tution Fees'),
(22, 5, 13, 5, 5, 5, 1, NULL, NULL, NULL, '', '22500', '2015-05-30', '2015-05-28 14:48:32', 1, NULL, NULL, 0, 'Tution Fees'),
(23, 5, 13, 5, 5, 5, 2, 46, '2015-06-01', 2, 'Ahmedabad', '2150', '2015-05-30', '2015-05-28 14:49:17', 1, NULL, NULL, 0, 'Tution Fees'),
(24, 1, 1, 1, 1, 1, 1, NULL, NULL, NULL, '', '200', '2016-12-15', '2016-12-15 12:58:43', 1, NULL, NULL, 0, 'Tution Fees'),
(25, 1, 16, 1, 1, 1, 1, NULL, NULL, NULL, '', '25000', '2016-12-16', '2016-12-16 07:00:33', 1, NULL, NULL, 0, 'Tution Fees'),
(26, 1, 1, 1, 1, 1, 1, NULL, NULL, NULL, '', '2500', '2016-12-10', '2016-12-17 09:27:46', 1, NULL, NULL, 0, 'Tution Fees'),
(27, 1, 17, 1, 1, 1, 1, NULL, NULL, NULL, '', '2500', '2016-12-06', '2016-12-17 09:31:09', 1, NULL, NULL, 0, 'Tution Fees'),
(28, 1, 16, 1, 1, 1, 1, NULL, NULL, NULL, '', '1500', '2016-12-17', '2016-12-17 10:31:02', 1, NULL, NULL, 0, 'Tution Fees'),
(29, 6, 16, 1, 1, 1, 1, NULL, NULL, NULL, '', '5000', '2016-12-17', '2016-12-17 10:33:17', 1, NULL, NULL, 0, 'Tution Fees'),
(30, 6, 16, 1, 1, 1, 1, NULL, NULL, NULL, '', '2000', '2016-12-17', '2016-12-17 10:35:51', 1, NULL, NULL, 0, 'Tution Fees'),
(31, 2, 2, 2, 2, 2, 1, NULL, NULL, NULL, '', '2000', '2016-12-10', '2016-12-17 10:51:52', 1, NULL, NULL, 0, 'Tution Fees'),
(32, 12, 18, 6, 6, 6, 1, NULL, NULL, NULL, '', '20000', '2016-12-26', '2016-12-26 06:41:56', 1, '2016-12-26 06:46:14', 1, 2, 'Tution Fees'),
(33, 12, 18, 6, 6, 6, 1, NULL, NULL, NULL, '', '20000', '2016-12-31', '2016-12-31 07:57:14', 1, '2016-12-31 07:57:40', 1, 0, 'Tution Fees'),
(34, 12, 20, 6, 6, 6, 1, NULL, NULL, NULL, '', '2000', '2016-12-31', '2016-12-31 11:15:44', 1, NULL, NULL, 0, 'Tution Fees'),
(35, 12, 20, 6, 6, 6, 1, NULL, NULL, NULL, '', '5000', '2016-12-31', '2016-12-31 11:19:28', 1, NULL, NULL, 0, 'Tution Fees'),
(36, 12, 18, 6, 6, 6, 1, NULL, NULL, NULL, '', '4000', '2017-01-30', '2017-01-30 08:47:36', 1, NULL, NULL, 0, 'Tution Fees'),
(37, 12, 19, 6, 6, 6, 1, NULL, NULL, NULL, '', '3000', '2017-01-29', '2017-01-30 08:58:08', 1, '2017-01-30 08:58:29', 1, 2, 'Tution Fees'),
(38, 17, 18, 6, 6, 6, 1, NULL, NULL, NULL, '', '20000', '2017-02-03', '2017-02-03 08:03:54', 1, NULL, NULL, 0, 'Tution Fees'),
(39, 19, 18, 6, 6, 6, 1, NULL, NULL, NULL, '', '2000', '2017-02-02', '2017-02-03 08:33:39', 1, '2017-02-03 08:33:46', 1, 2, 'Tution Fees'),
(40, 19, 18, 6, 6, 6, 1, NULL, NULL, NULL, '', '15000', '2016-06-24', '2017-02-03 10:54:53', 1, NULL, NULL, 0, 'Tution Fees'),
(41, 19, 18, 6, 6, 6, 1, NULL, NULL, NULL, '', '5000', '2016-12-01', '2017-02-03 10:55:08', 1, NULL, NULL, 0, 'Tution Fees'),
(42, 19, 19, 6, 6, 6, 1, NULL, NULL, NULL, '', '15000', '2016-06-15', '2017-02-03 10:55:49', 1, NULL, NULL, 0, 'Tution Fees'),
(43, 19, 19, 6, 6, 6, 1, NULL, NULL, NULL, '', '5000', '2016-07-20', '2017-02-03 10:56:02', 1, NULL, NULL, 0, 'Tution Fees'),
(44, 19, 19, 6, 6, 6, 1, NULL, NULL, NULL, '', '2000', '2016-11-09', '2017-02-03 10:56:23', 1, '2017-03-28 09:58:37', 1, 0, 'Tution Fees'),
(45, 19, 20, 6, 6, 6, 1, NULL, NULL, NULL, '', '15000', '2016-07-11', '2017-02-03 10:57:13', 1, NULL, NULL, 0, 'Tution Fees'),
(46, 19, 21, 6, 6, 6, 1, NULL, NULL, NULL, '', '15000', '2016-06-15', '2017-02-03 10:58:53', 1, NULL, NULL, 0, 'Tution Fees'),
(47, 19, 21, 6, 6, 6, 1, NULL, NULL, NULL, '', '5000', '2016-11-21', '2017-02-03 10:59:05', 1, NULL, NULL, 0, 'Tution Fees'),
(48, 19, 22, 6, 6, 6, 1, NULL, NULL, NULL, '', '15000', '2016-06-21', '2017-02-03 10:59:43', 1, NULL, NULL, 0, 'Tution Fees'),
(49, 19, 22, 6, 6, 6, 1, NULL, NULL, NULL, '', '5000', '2016-12-30', '2017-02-03 10:59:53', 1, NULL, NULL, 0, 'Tution Fees'),
(50, 19, 23, 6, 6, 6, 1, NULL, NULL, NULL, '', '10000', '2016-06-16', '2017-02-03 11:00:32', 1, NULL, NULL, 0, 'Tution Fees'),
(51, 19, 23, 6, 6, 6, 1, NULL, NULL, NULL, '', '15000', '2016-09-22', '2017-02-03 11:00:59', 1, NULL, NULL, 0, 'Tution Fees'),
(52, 19, 24, 6, 6, 6, 1, NULL, NULL, NULL, '', '10000', '2016-07-04', '2017-02-03 11:01:38', 1, NULL, NULL, 0, 'Tution Fees'),
(53, 19, 24, 6, 6, 6, 1, NULL, NULL, NULL, '', '5000', '2016-07-18', '2017-02-03 11:01:52', 1, NULL, NULL, 0, 'Tution Fees'),
(54, 19, 24, 6, 6, 6, 1, NULL, NULL, NULL, '', '5000', '2016-12-19', '2017-02-03 11:02:04', 1, NULL, NULL, 0, 'Tution Fees'),
(55, 19, 25, 6, 6, 6, 1, NULL, NULL, NULL, '', '10000', '2016-06-24', '2017-02-03 11:04:10', 1, NULL, NULL, 0, 'Tution Fees'),
(56, 19, 25, 6, 6, 6, 1, NULL, NULL, NULL, '', '5000', '2016-11-18', '2017-02-03 11:04:30', 1, NULL, NULL, 0, 'Tution Fees'),
(57, 19, 25, 6, 6, 6, 1, NULL, NULL, NULL, '', '5000', '2016-12-31', '2017-02-03 11:04:40', 1, NULL, NULL, 0, 'Tution Fees'),
(58, 19, 26, 6, 6, 6, 1, NULL, NULL, NULL, '', '15000', '2016-07-01', '2017-02-03 11:05:20', 1, NULL, NULL, 0, 'Tution Fees'),
(59, 19, 26, 6, 6, 6, 1, NULL, NULL, NULL, '', '5000', '2016-11-22', '2017-02-03 11:05:35', 1, NULL, NULL, 0, 'Tution Fees'),
(60, 19, 27, 6, 6, 6, 1, NULL, NULL, NULL, '', '15000', '2016-06-18', '2017-02-03 11:06:25', 1, NULL, NULL, 0, 'Tution Fees'),
(61, 19, 27, 6, 6, 6, 1, NULL, NULL, NULL, '', '5000', '2016-11-04', '2017-02-03 11:06:41', 1, NULL, NULL, 0, 'Tution Fees'),
(62, 19, 28, 6, 6, 6, 1, NULL, NULL, NULL, '', '10000', '2016-06-15', '2017-02-04 08:03:47', 1, NULL, NULL, 0, 'Tution Fees'),
(63, 19, 28, 6, 6, 6, 1, NULL, NULL, NULL, '', '5000', '2016-10-20', '2017-02-04 08:04:06', 1, NULL, NULL, 0, 'Tution Fees'),
(64, 19, 28, 6, 6, 6, 1, NULL, NULL, NULL, '', '5000', '2016-10-21', '2017-02-04 08:04:58', 1, NULL, NULL, 0, 'Tution Fees'),
(65, 19, 29, 6, 6, 6, 1, NULL, NULL, NULL, '', '5000', '2016-07-23', '2017-02-04 08:05:59', 1, NULL, NULL, 0, 'Tution Fees'),
(66, 19, 29, 6, 6, 6, 1, NULL, NULL, NULL, '', '5000', '2016-08-29', '2017-02-04 08:06:38', 1, NULL, NULL, 0, 'Tution Fees'),
(67, 19, 30, 6, 6, 6, 1, NULL, NULL, NULL, '', '9500', '1970-01-01', '2017-02-04 08:07:52', 1, NULL, NULL, 0, 'Tution Fees'),
(68, 19, 30, 6, 6, 6, 1, NULL, NULL, NULL, '', '5500', '2016-07-18', '2017-02-04 08:08:14', 1, NULL, NULL, 0, 'Tution Fees'),
(69, 19, 31, 6, 6, 6, 1, NULL, NULL, NULL, '', '15000', '2016-06-15', '2017-02-04 08:46:11', 1, NULL, NULL, 0, 'Tution Fees'),
(70, 19, 31, 6, 6, 6, 1, NULL, NULL, NULL, '', '5000', '2016-12-01', '2017-02-04 08:46:23', 1, NULL, NULL, 0, 'Tution Fees'),
(71, 19, 32, 6, 6, 6, 1, NULL, NULL, NULL, '', '10000', '2016-07-08', '2017-02-04 08:47:06', 1, NULL, NULL, 0, 'Tution Fees'),
(72, 19, 32, 6, 6, 6, 1, NULL, NULL, NULL, '', '5000', '2016-07-23', '2017-02-04 08:47:17', 1, NULL, NULL, 0, 'Tution Fees'),
(73, 19, 32, 6, 6, 6, 1, NULL, NULL, NULL, '', '15000', '2016-12-06', '2017-02-04 08:47:27', 1, NULL, NULL, 0, 'Tution Fees'),
(74, 19, 33, 6, 6, 6, 1, NULL, NULL, NULL, '', '15000', '2016-07-01', '2017-02-04 08:47:57', 1, NULL, NULL, 0, 'Tution Fees'),
(75, 19, 34, 6, 6, 6, 1, NULL, NULL, NULL, '', '15000', '2016-07-09', '2017-02-04 08:48:25', 1, NULL, NULL, 0, 'Tution Fees'),
(76, 19, 34, 6, 6, 6, 1, NULL, NULL, NULL, '', '5000', '2016-11-28', '2017-02-04 08:48:34', 1, NULL, NULL, 0, 'Tution Fees'),
(77, 19, 35, 6, 6, 6, 1, NULL, NULL, NULL, '', '10000', '2016-06-21', '2017-02-04 08:48:58', 1, NULL, NULL, 0, 'Tution Fees'),
(78, 19, 35, 6, 6, 6, 1, NULL, NULL, NULL, '', '5000', '2016-08-24', '2017-02-04 08:49:06', 1, NULL, NULL, 0, 'Tution Fees'),
(79, 19, 36, 6, 6, 6, 1, NULL, NULL, NULL, '', '9500', '2016-06-15', '2017-02-04 08:49:34', 1, NULL, NULL, 0, 'Tution Fees'),
(80, 19, 36, 6, 6, 6, 1, NULL, NULL, NULL, '', '5500', '2016-07-22', '2017-02-04 08:49:44', 1, NULL, NULL, 0, 'Tution Fees'),
(81, 19, 36, 6, 6, 6, 1, NULL, NULL, NULL, '', '5000', '2017-01-19', '2017-02-04 08:49:56', 1, NULL, NULL, 0, 'Tution Fees'),
(82, 19, 36, 6, 6, 6, 1, NULL, NULL, NULL, '', '10000', '2017-02-03', '2017-02-04 08:50:07', 1, NULL, NULL, 0, 'Tution Fees'),
(83, 19, 37, 6, 6, 6, 1, NULL, NULL, NULL, '', '15000', '2016-06-30', '2017-02-04 08:50:32', 1, NULL, NULL, 0, 'Tution Fees'),
(84, 19, 37, 6, 6, 6, 1, NULL, NULL, NULL, '', '5000', '2016-11-07', '2017-02-04 08:50:42', 1, NULL, NULL, 0, 'Tution Fees'),
(85, 19, 39, 6, 6, 6, 1, NULL, NULL, NULL, '', '10000', '2016-06-15', '2017-02-04 08:51:14', 1, NULL, NULL, 0, 'Tution Fees'),
(86, 19, 39, 6, 6, 6, 1, NULL, NULL, NULL, '', '10000', '2016-10-21', '2017-02-04 08:51:26', 1, NULL, NULL, 0, 'Tution Fees'),
(87, 19, 40, 6, 6, 6, 1, NULL, NULL, NULL, '', '15000', '2016-06-18', '2017-02-04 08:51:51', 1, NULL, NULL, 0, 'Tution Fees'),
(88, 19, 41, 6, 6, 6, 1, NULL, NULL, NULL, '', '25000', '2016-07-22', '2017-02-04 08:52:16', 1, NULL, NULL, 0, 'Tution Fees'),
(89, 19, 42, 6, 6, 6, 1, NULL, NULL, NULL, '', '10000', '2016-06-23', '2017-02-04 08:52:40', 1, NULL, NULL, 0, 'Tution Fees'),
(90, 19, 42, 6, 6, 6, 1, NULL, NULL, NULL, '', '5000', '2016-07-21', '2017-02-04 08:52:51', 1, NULL, NULL, 0, 'Tution Fees'),
(91, 19, 43, 6, 6, 6, 1, NULL, NULL, NULL, '', '10000', '2016-07-11', '2017-02-04 08:53:29', 1, NULL, NULL, 0, 'Tution Fees'),
(92, 19, 43, 6, 6, 6, 1, NULL, NULL, NULL, '', '5000', '2016-08-09', '2017-02-04 08:53:40', 1, NULL, NULL, 0, 'Tution Fees'),
(93, 19, 43, 6, 6, 6, 1, NULL, NULL, NULL, '', '5000', '2016-11-30', '2017-02-04 08:53:49', 1, NULL, NULL, 0, 'Tution Fees'),
(94, 19, 44, 6, 6, 6, 1, NULL, NULL, NULL, '', '10000', '2016-06-23', '2017-02-04 08:54:06', 1, NULL, NULL, 0, 'Tution Fees'),
(95, 19, 44, 6, 6, 6, 1, NULL, NULL, NULL, '', '5000', '2016-10-20', '2017-02-04 08:54:17', 1, NULL, NULL, 0, 'Tution Fees'),
(96, 19, 44, 6, 6, 6, 1, NULL, NULL, NULL, '', '5000', '2016-11-10', '2017-02-04 08:54:26', 1, NULL, NULL, 0, 'Tution Fees'),
(97, 19, 45, 6, 6, 6, 1, NULL, NULL, NULL, '', '9000', '2016-06-25', '2017-02-04 08:54:50', 1, NULL, NULL, 0, 'Tution Fees'),
(98, 19, 45, 6, 6, 6, 1, NULL, NULL, NULL, '', '4000', '2016-07-06', '2017-02-04 08:54:58', 1, NULL, NULL, 0, 'Tution Fees'),
(99, 19, 45, 6, 6, 6, 1, NULL, NULL, NULL, '', '2000', '2016-11-07', '2017-02-04 08:55:09', 1, NULL, NULL, 0, 'Tution Fees'),
(100, 19, 45, 6, 6, 6, 1, NULL, NULL, NULL, '', '4000', '2016-11-30', '2017-02-04 08:55:21', 1, NULL, NULL, 0, 'Tution Fees'),
(101, 19, 46, 6, 6, 6, 1, NULL, NULL, NULL, '', '14000', '2016-07-15', '2017-02-04 08:55:43', 1, NULL, NULL, 0, 'Tution Fees'),
(102, 19, 46, 6, 6, 6, 1, NULL, NULL, NULL, '', '6000', '2016-10-25', '2017-02-04 08:55:53', 1, NULL, NULL, 0, 'Tution Fees'),
(103, 19, 47, 6, 6, 6, 1, NULL, NULL, NULL, '', '25000', '2016-06-16', '2017-02-04 08:56:12', 1, NULL, NULL, 0, 'Tution Fees'),
(104, 19, 47, 6, 6, 6, 1, NULL, NULL, NULL, '', '25000', '2016-11-18', '2017-02-04 08:56:31', 1, NULL, NULL, 0, 'Tution Fees'),
(105, 19, 48, 6, 6, 6, 1, NULL, NULL, NULL, '', '14000', '2016-06-16', '2017-02-04 08:57:03', 1, NULL, NULL, 0, 'Tution Fees'),
(106, 19, 18, 6, 6, 6, 1, NULL, NULL, NULL, '', '12000', '2017-03-01', '2017-03-01 09:42:33', 1, NULL, NULL, 0, 'Tution Fees'),
(107, 19, 18, 6, 6, 6, 1, NULL, NULL, NULL, '', '3', '2017-03-16', '2017-03-16 15:36:13', 1, NULL, NULL, 0, 'Admission Fees '),
(108, 19, 18, 6, 6, 6, 1, NULL, NULL, NULL, '', '30', '2017-03-16', '2017-03-16 16:20:23', 1, NULL, NULL, 0, 'Exam Fees'),
(109, 19, 18, 6, 6, 6, 1, NULL, NULL, NULL, '', '10', '2017-03-16', '2017-03-16 16:21:10', 1, NULL, NULL, 0, 'Eligibilty Fees'),
(0, 19, 18, 6, 6, 6, 1, NULL, NULL, NULL, '', '6', '2017-03-16', '2017-03-16 17:06:08', 1, NULL, NULL, 0, 'Admission Fees '),
(0, 19, 18, 6, 6, 6, 1, NULL, NULL, NULL, '', '6', '2017-03-16', '2017-03-16 17:06:38', 1, NULL, NULL, 0, 'Admission Fees '),
(0, 19, 18, 6, 6, 6, 1, NULL, NULL, NULL, '', '8', '2017-03-16', '2017-03-16 17:07:11', 1, NULL, NULL, 0, 'Transport Fees'),
(0, 19, 18, 6, 6, 6, 1, NULL, NULL, NULL, '', '8', '2017-03-16', '2017-03-16 17:08:59', 1, NULL, NULL, 0, 'Transport Fees'),
(0, 19, 18, 6, 6, 6, 1, NULL, NULL, NULL, '', '40', '2017-03-17', '2017-03-17 12:12:37', 1, NULL, NULL, 0, 'Admission Fees '),
(3003, 19, 18, 6, 6, 6, 1, NULL, NULL, NULL, '', '40', '2017-03-17', '2017-03-17 12:15:32', 1, NULL, NULL, 0, 'Admission Fees '),
(3004, 19, 18, 6, 6, 6, 1, 0, '0000-00-00', NULL, '', '40', '0000-00-00', '0000-00-00 00:00:00', 1, '0000-00-00 00:00:00', 1, 0, 'Admission Fees '),
(3005, 19, 18, 6, 6, 6, 1, 0, '0000-00-00', NULL, '', '40', '0000-00-00', '0000-00-00 00:00:00', 1, '0000-00-00 00:00:00', 1, 0, 'Admission Fees '),
(3006, 19, 18, 6, 6, 6, 1, 0, '0000-00-00', NULL, '', '40', '0000-00-00', '0000-00-00 00:00:00', 1, '0000-00-00 00:00:00', 1, 0, 'Admission Fees '),
(3006, 19, 18, 6, 6, 6, 1, 0, '0000-00-00', NULL, '', '50', '0000-00-00', '0000-00-00 00:00:00', 1, '0000-00-00 00:00:00', 1, 0, 'Tution Fees'),
(3006, 19, 18, 6, 6, 6, 1, 0, '0000-00-00', NULL, '', '40', '0000-00-00', '0000-00-00 00:00:00', 1, '0000-00-00 00:00:00', 1, 0, 'Activity Fees'),
(3007, 19, 18, 6, 6, 6, 2, 282283, '0000-00-00', NULL, 'bhopal', '10', '0000-00-00', '0000-00-00 00:00:00', 1, '0000-00-00 00:00:00', 1, 0, 'Admission Fees '),
(3007, 19, 18, 6, 6, 6, 2, 282283, '0000-00-00', NULL, 'bhopal', '5', '0000-00-00', '0000-00-00 00:00:00', 1, '0000-00-00 00:00:00', 1, 0, 'Transport Fees'),
(3008, 19, 18, 6, 6, 6, 1, 0, '0000-00-00', NULL, '', '4', '0000-00-00', '0000-00-00 00:00:00', 1, '0000-00-00 00:00:00', 1, 0, 'Admission Fees '),
(3008, 19, 18, 6, 6, 6, 1, 0, '0000-00-00', NULL, '', '4', '0000-00-00', '0000-00-00 00:00:00', 1, '0000-00-00 00:00:00', 1, 0, 'Enrollment Fees'),
(3008, 19, 18, 6, 6, 6, 1, 0, '0000-00-00', NULL, '', '4', '0000-00-00', '0000-00-00 00:00:00', 1, '0000-00-00 00:00:00', 1, 0, 'Tution Fees'),
(3009, 19, 18, 6, 6, 6, 1, 0, '0000-00-00', NULL, '', '3', '2017-03-18', '2017-03-18 00:00:00', 1, '2017-03-18 00:00:00', 1, 0, 'Enrollment Fees'),
(3010, 19, 18, 6, 6, 6, 1, 0, '0000-00-00', NULL, '', '11', '2017-03-18', '2017-03-18 00:00:00', 1, '2017-03-18 00:00:00', 1, 0, 'Sport Fees '),
(3010, 19, 18, 6, 6, 6, 1, 0, '0000-00-00', NULL, '', '1', '2017-03-18', '2017-03-18 00:00:00', 1, '2017-03-18 00:00:00', 1, 0, 'Activity Fees'),
(3011, 19, 18, 6, 6, 6, 1, 0, '0000-00-00', NULL, '', '4000', '2017-03-27', '2017-03-27 00:00:00', 1, '2017-03-27 00:00:00', 1, 0, 'Admission Fees '),
(3011, 19, 18, 6, 6, 6, 1, 0, '0000-00-00', NULL, '', '100', '2017-03-27', '2017-03-27 00:00:00', 1, '2017-03-27 00:00:00', 1, 0, 'Enrollment Fees'),
(3011, 19, 18, 6, 6, 6, 1, 0, '0000-00-00', NULL, '', '5000', '2017-03-27', '2017-03-27 00:00:00', 1, '2017-03-27 00:00:00', 1, 0, 'Tution Fees'),
(3011, 19, 18, 6, 6, 6, 1, 0, '0000-00-00', NULL, '', '300', '2017-03-27', '2017-03-27 00:00:00', 1, '2017-03-27 00:00:00', 1, 0, 'Exam Fees');

-- --------------------------------------------------------

--
-- Table structure for table `languages`
--

CREATE TABLE IF NOT EXISTS `languages` (
  `language_id` int(11) NOT NULL AUTO_INCREMENT,
  `language_name` varchar(45) NOT NULL,
  `created_at` datetime NOT NULL,
  `created_by` int(11) NOT NULL,
  `updated_at` datetime DEFAULT NULL,
  `updated_by` int(11) DEFAULT NULL,
  PRIMARY KEY (`language_id`),
  UNIQUE KEY `language_name` (`language_name`),
  KEY `created_by` (`created_by`),
  KEY `updated_by` (`updated_by`)
) ENGINE=InnoDB  DEFAULT CHARSET=utf8 AUTO_INCREMENT=11 ;

--
-- Dumping data for table `languages`
--

INSERT INTO `languages` (`language_id`, `language_name`, `created_at`, `created_by`, `updated_at`, `updated_by`) VALUES
(1, 'English', '2015-05-27 15:23:01', 1, NULL, NULL),
(2, 'Gujarati', '2015-05-27 15:23:05', 1, NULL, NULL),
(3, 'Hindi', '2015-05-27 15:23:09', 1, NULL, NULL),
(4, 'Punjabi', '2015-05-27 15:23:13', 1, NULL, NULL),
(5, 'German', '2015-05-27 15:23:16', 1, NULL, NULL),
(6, 'Russian', '2015-05-27 15:23:26', 1, NULL, NULL),
(7, 'French', '2015-05-27 15:23:31', 1, NULL, NULL),
(8, 'Urdu', '2015-05-27 15:23:40', 1, NULL, NULL),
(9, 'Marathi', '2015-05-27 15:23:51', 1, NULL, NULL),
(10, 'bangali ', '2016-12-17 10:21:54', 1, NULL, NULL);

-- --------------------------------------------------------

--
-- Table structure for table `lb_bill`
--

CREATE TABLE IF NOT EXISTS `lb_bill` (
  `id` int(10) unsigned NOT NULL AUTO_INCREMENT,
  `title` varchar(200) COLLATE utf8_unicode_ci NOT NULL,
  `date` varchar(200) COLLATE utf8_unicode_ci NOT NULL,
  `amount` varchar(200) COLLATE utf8_unicode_ci NOT NULL,
  `created_at` timestamp NULL DEFAULT NULL,
  `updated_at` timestamp NULL DEFAULT NULL,
  PRIMARY KEY (`id`)
) ENGINE=MyISAM  DEFAULT CHARSET=utf8 COLLATE=utf8_unicode_ci AUTO_INCREMENT=8 ;

--
-- Dumping data for table `lb_bill`
--

INSERT INTO `lb_bill` (`id`, `title`, `date`, `amount`, `created_at`, `updated_at`) VALUES
(5, 'swswdew', 'dwefdef', 'eeeeeeeeee', '2017-02-21 03:46:50', '2017-02-21 03:46:50'),
(7, 'fds', '2017-12-31', '451', '2017-02-28 06:38:33', '2017-02-28 06:38:33');

-- --------------------------------------------------------

--
-- Table structure for table `lb_book`
--

CREATE TABLE IF NOT EXISTS `lb_book` (
  `id` int(10) unsigned NOT NULL AUTO_INCREMENT,
  `bookid` varchar(255) COLLATE utf8_unicode_ci NOT NULL,
  `book_title` varchar(255) COLLATE utf8_unicode_ci NOT NULL,
  `quantity` varchar(255) COLLATE utf8_unicode_ci NOT NULL,
  `created_at` timestamp NULL DEFAULT NULL,
  `updated_at` timestamp NULL DEFAULT NULL,
  `type` varchar(255) CHARACTER SET utf8 NOT NULL,
  `edition` varchar(255) COLLATE utf8_unicode_ci NOT NULL,
  `place_publication` varchar(255) COLLATE utf8_unicode_ci NOT NULL,
  `year` varchar(40) COLLATE utf8_unicode_ci NOT NULL,
  `pages` varchar(255) COLLATE utf8_unicode_ci NOT NULL,
  `cost` varchar(255) COLLATE utf8_unicode_ci NOT NULL,
  `category` varchar(255) CHARACTER SET utf8 NOT NULL,
  `almira_no` varchar(55) COLLATE utf8_unicode_ci NOT NULL,
  `rek_no` varchar(50) COLLATE utf8_unicode_ci NOT NULL,
  `author` varchar(300) COLLATE utf8_unicode_ci NOT NULL,
  PRIMARY KEY (`id`)
) ENGINE=MyISAM  DEFAULT CHARSET=utf8 COLLATE=utf8_unicode_ci AUTO_INCREMENT=148 ;

--
-- Dumping data for table `lb_book`
--

INSERT INTO `lb_book` (`id`, `bookid`, `book_title`, `quantity`, `created_at`, `updated_at`, `type`, `edition`, `place_publication`, `year`, `pages`, `cost`, `category`, `almira_no`, `rek_no`, `author`) VALUES
(1, '', 'nurse ke liye physics', '10', NULL, '2017-03-02 07:01:39', '31', 'EDITION-2011', 'N.R.BROTHERS INDORE', '2010', 'PAGE NO.67', 'COST-75', '24', '', '', 'DR.SUNITA FANNIS'),
(2, '', 'NURSE KE LIYE CHEMISTRY', '20', NULL, '2017-03-02 06:58:35', '28', ' EDI.-2011', 'N.R.BROTHERS INDORE', '2011', '115', '75', '24', '', '', 'DR.SUNITA FUNNIS'),
(3, '', 'NURSE KE LIYE SAMAJSASTRA', '30', NULL, '2017-03-02 07:01:03', '28', '2013', 'N.R .BROTHERS INDORE', '2013', '243', '140', '24', '', '', 'GAGAN HINDUJA'),
(4, '', 'NURSE ARTS PROSIGERS', '', NULL, '2017-03-03 08:44:35', '29', '2013', 'N.R.BROTHERS INDORE', '2013', '508', '290', '24', '', '', 'SISTER NENSSI'),
(5, '', 'AAHAR AND POSHAN', '', NULL, '2017-03-03 08:45:42', '29', '2012', 'PUBLISER-N.R.BROTHERS INDORE', '2012', '368', '200', '24', '', '', 'DR.SWAMINATHAN'),
(6, '', 'Formacology ', '', NULL, '2017-03-03 08:47:24', '29', '2012', 'N.R.Brothers Indore ', '2012', '188', '120', '24', '', '', 'K.C.Saxena, O.P.Yadav'),
(7, '', 'Nurses Dictonary', '', NULL, '2017-03-03 08:48:27', '31', '2012', 'N.R.Brothers Indore', '2012', '435', '200', '24', '', '', 'Balliers'),
(8, '', 'Sarir Sambandhit Gayan', '', NULL, '2017-03-04 08:21:44', '28', '2012', 'N.R.Brothers Indore', '2012', '274', '175', '24', '', '', 'Cathrin Armstronge ,Sheela m.jaksan'),
(9, '', 'Community Helth Nursing (first part)', '', NULL, '2017-03-04 08:26:25', '28', '2012', 'N.R.Brothers Indore', '2012', '982', '460', '24', '', '', 'Keshav Swarnakar'),
(10, '', 'Obstatrical Nursing', '', NULL, '2017-03-04 08:57:58', '28', '2011', 'N.R.BROTHERS INDORE ', '2011', '121', '100', '24', '', '', 'Vihtier & Hechison'),
(11, '', 'Medical SurgicaL nursing', '', NULL, '2017-03-04 09:02:36', '28', '2012', 'N.R.BROTHERS INDORE', '2012', '450', '290', '24', '', '', 'Bhateda & Pai'),
(12, '', 'nursing ke mool sidthanth senior nursing prosigers ', '', NULL, '2017-03-04 09:10:49', '28', '2012', ' publiser-n.r.brothers indore', '2012', '477', '290', '24', '', '', 'sister nennsi'),
(13, '', 'manovigyan & manoswasth', '', NULL, '2017-03-04 09:15:34', '28', '2012', 'publiser-n.r.brothers indore', '2012', '253', '150', '24', '', '', 'Dr.ramnath sharma'),
(14, '', 'sishu parichariya', '', NULL, '2017-03-04 09:17:10', '31', '2012', 'publiser-n.r.brothers indore', '2012', '596', '300', '24', '', '', 'jekab & singh'),
(15, '', 'psychiatry', '', NULL, '2017-03-04 09:24:28', '28', '2014', ' publiser-n.r.brothers indore', '2014', '256', '160', '24', '', '', 'A.bekova Rao'),
(16, '', 'prathmik sahayta & sankatkalin dekhbhal ', '', NULL, '2017-03-04 09:23:45', '28', '2012', ' Publiser-N.R.Brothers Indore', '2012', '324', '150', '24', '', '', 'Omprakash yadav'),
(17, '', 'Midvailj ke liye pathyakrama', '', NULL, '2017-03-04 09:20:12', '31', '2012', 'page no.-822, cost-450, Edi.-2012, publiser-N.R.Brothers Indore', '2012', '822', '450', '24', '', '', 'Margrent f. mailse'),
(18, '', 'community helth nursing (second part)', '', NULL, '2017-03-04 09:22:42', '28', '2012', 'publiser-N.R.Brothers Indore', '2012', '822', '450', '24', '', '', 'keshav swannkar'),
(19, '', 'community health nursing', '', NULL, '2017-03-04 09:22:14', '28', '2011', 'page no.-991, cost-500,-EDN,2011- PUB,-N.R.Brothers Indore', '2011', '991', '500', '24', '', '', 'swankars'),
(20, '', 'pharmacology', '', NULL, '2017-03-04 10:10:17', '31', '2012', 'Publiser-N.R.Brothers Indore', '2012', '227', '150', '24', '', '', 'Chandrakant'),
(21, '', 'Geneties for nurses', '', NULL, '2017-03-04 10:11:50', '31', '2010', '0, Publiser-N.R.brothers Indore', '2010', '144', '175', '24', '', '', 'Dr.Rajesh jain'),
(22, '', 'Obstetrical nursing', '', NULL, '2017-03-04 10:12:56', '31', '2010', '0, Publiser-N.R.Brothers Indore', '2010', '120', '100', '24', '', '', 'whitter & hutcheson'),
(23, '', 'Psychology & mental hygien for nurses', '', NULL, '2017-03-04 10:14:23', '31', '2011', 'r-N.R.Brothers Indore', '2011', '272', '150', '24', '', '', 'Kamayani mahodaya'),
(24, '', 'Psychiatric nursing', '', NULL, '2017-03-04 10:15:40', '31', '2010', ', Publiser-N.R.Brothers Indore', '2010', '330', '175', '24', '', '', 'R.Baby'),
(25, '', 'Nursing Arts producer-1', '', NULL, '2017-03-04 10:16:39', '31', '2012', 'page no.-714, cost-300, Edi.2012, publiser-N.R.Brothers Indore', '2012', '714', '300', '24', '', '', 'Sr.Nancy'),
(26, '', 'Senior nursing producer-2', '', NULL, '2017-03-04 10:18:15', '31', '2012', ', Publiser-N.R.Brothers Indore', '2012', '648', '290', '24', '', '', 'Sr.Nancy'),
(27, '', 'Microbiology for nurses', '', NULL, '2017-03-04 10:19:41', '31', '2011', ', Publiser-N.R.Brothers Indore', '2011', '313', '175', '24', '', '', 'Jyoty naik shella Rao'),
(28, '', 'Sociology for nurses', '', NULL, '2017-03-04 10:20:48', '31', '2011', 'page no.-268, cost-140, Edi.2011, Publiser-N.R.brothers Indore', '2011', '268', '140', '24', '', '', 'K.p.pothen, S.pothen'),
(29, '', 'Firest Aiod & Emergency care', '', NULL, '2017-03-04 10:22:23', '31', '2011', 'Page,-315 Cost,-130EDn. 2011 Pub,-N.R.Brothers Indore', '2011', '315', '130', '24', '', '', 'Ajay Singh '),
(30, '', 'English for Nurse', '', NULL, '2017-03-07 06:37:33', '31', '2012', 'Pub,-N.R.Brothers .', '2012', '247', '150', '24', '', '', 'Subrato guha'),
(31, '', 'A Habdbook of Midwifery', '', NULL, '2017-03-07 06:38:57', '31', '2012', ',-N.R.Brothers', '2012', '263', '200', '24', '', '', 'C.Berkeley'),
(32, '', 'Biochemistry for Nurse', '', NULL, '2017-03-07 06:40:13', '31', '2012', ' - Pub,- N.R.Brothers', '2012', '263', '200', '24', '', '', 'Ankike Lotra  & Seema kelotra'),
(33, '', 'Paediatric Nursing', '', NULL, '2017-03-07 06:41:14', '31', '2012', 'Pages 561,- Cost 300,- Edn.2012- Pub.-N.R.Brothers.', '2012', '561', '300', '24', '', '', 'Jacob and Singh'),
(34, '', 'Nutrition Essn Nursinh Pra.', '', NULL, '2017-03-07 06:44:20', '31', '2o14', 'N.R.BROTHERS', '2014', '300', '300', '24', '', '', 'Rashmi  Ahuja'),
(35, '', 'fundamental of nursing', '', NULL, '2017-03-07 06:47:32', '31', '2012', 'r-Anmol publication Indore', '2012', '299', '200', '24', '', '', 'sanjeev singh'),
(36, '', 'Human anatomy with 1 cd', '', NULL, '2017-03-07 06:48:31', '31', '', 'CBS publication,', '', '311', '549', '24', '', '', 'B.D. chaurasiya'),
(37, '', 'Manovigyn & samajshatra', '', NULL, '2017-03-07 06:50:00', '31', '', '-prakhar publication', '', '175', '175', '24', '', '', 'Dr.ramnath sharma'),
(38, '', 'Health promation', '', NULL, '2017-03-07 06:51:18', '31', '', 'prakhar publicaton', '', '168', '195', '24', '', '', 'Sister nanncy'),
(39, '', 'Medical sarjical', '', NULL, '2017-03-07 06:52:21', '31', '', 'page no.-231, cost-195, publiser-prakhar publication', '', '231', '195', '24', '', '', 'Sister nanncy'),
(40, '', 'Anatomy,Physiology & Microbiology', '', NULL, '2017-03-07 06:53:18', '31', '', '.-Prakhar Publishers Gwalior', '', '204', '175', '24', '', '', 'Prakhar Quick Review2nd'),
(41, '', 'Mental Health and Psychatric Nursing', '', NULL, '2017-03-07 06:54:13', '31', '', 'Gwalior', '', '188', '175', '24', '', '', 'Prakhar Quick Review'),
(42, '', 'Midwifery', '', NULL, '2017-03-07 06:55:13', '31', '', 'Gwalior Ed.Hindi', '', '310', '240', '24', '', '', 'Prakhar'),
(43, '', 'Pediatric Nursing', '', NULL, '2017-03-07 06:56:09', '31', '', '-Gwalior', '', '200', '195', '24', '', '', 'Prakhar Quick Review'),
(44, '', 'Community Health Nursing', '', NULL, '2017-03-07 06:56:38', '31', '', 'Page194 Cost,- 175,-  Pub Gwalior Ed.-2nd', '', '194', '175', '24', '', '', 'Prakhar '),
(45, '', 'Community Health Nursing', '', NULL, '2017-03-07 06:57:47', '31', '', ' Gwalior ', '', '168', '140', '24', '', '', 'Prakhar uick Review'),
(46, '', 'Medical Surgical Nursingh 11nd', '', NULL, '2017-03-07 06:59:44', '31', '', '. Gwalior  Prakhar Publichan', '', '175', '', '24', '', '', 'Prakhar'),
(47, '', 'Fundamentals of Nursing Hindi 2nd', '', NULL, '2017-03-07 07:00:34', '31', '', '-Gwalior Prakhar quick Review.', '', '190', '175', '24', '', '', 'Prakhar Quick Revieqw'),
(48, '', 'Child Health Nursing', '', NULL, '2017-03-07 07:01:30', '31', '', ' prakhar gwalior.', '', '70', '80', '24', '', '', 'Prakhar Quick Review'),
(49, '', 'Helth Center Manegement', '', NULL, '2017-03-07 07:02:09', '31', '', ',- Gwalior', '', '78', '85', '24', '', '', 'Prakhar Publication'),
(50, '', 'Primari Helth Care', '', NULL, '2017-03-07 07:03:11', '31', '', ',. Gwalior', '', '311', '275', '24', '', '', 'Prakhar '),
(51, '', 'Test Book of  Community Helth', '', NULL, '2017-03-07 07:04:23', '31', '', 'Gwalior', '', '311', '275', '24', '', '', 'PrakharPublication'),
(52, '', 'Kuposhith Balako ka Aahar', '', NULL, '2017-03-07 07:05:14', '31', '', 'N.R.Brothers Indore', '', '42', '75', '24', '', '', 'Sulthana  Khanam'),
(53, '', 'Aayush   for  Helth  worker', '', NULL, '2017-03-07 07:05:50', '31', '', ',.-  Indore', '', '132', '75', '24', '', '', 'N.R.brothers'),
(54, '', 'Applied Physics  for  Nursing', '', NULL, '2017-03-07 07:06:36', '31', '', 'N.R.Nursing for nursing', '', '134', '80', '24', '', '', 'D.R.Sanjeev Naik'),
(55, '', 'Prasav Sambanti Gayan', '', NULL, '2017-03-07 07:07:23', '31', '', '  Pub-N.R.Brathers Indore.', '', '82', '75', '24', '', '', 'Jalet avam Dansan'),
(56, '', 'IMNCI Head Book', '', NULL, '2017-03-07 08:00:54', '31', '', ' N.R.Brothers Indore.', '', '82', '75', '24', '', '', 'N.R.Brothers'),
(57, '', 'Shistachar', '', NULL, '2017-03-07 08:01:45', '31', '', ' N.R.Brothers indore', '', '60', '25', '24', '', '', 'N.R.Brother'),
(58, '', 'Nursing  Prashasan.', '', NULL, '2017-03-07 08:02:56', '31', '', '- N.R.Brothers Indore.', '', '105', '90', '24', '', '', 'H.N. Gojard'),
(59, '', 'Obestetrical  Nursing', '', NULL, '2017-03-07 08:04:20', '31', '', 'Page 120,-  Cost.- 100.  Edn.   Pub- N.R.Brothers Indore.', '', '120', '100', '24', '', '', 'Hiliard  Hutcheson'),
(60, '', 'Theatre  Technique.', '', NULL, '2017-03-07 08:09:35', '31', '', 'Page 294  Cost,- 140.,  Edn.-  Pub- N.R.Brothers indore', '', '294', '140', '24', '', '', 'Eileen  Dixon.'),
(61, '', 'Phychology for Graduate Nurses.', '', NULL, '2017-03-07 08:10:19', '31', '', ',- N.R.Brothers indore.', '', '255', '150', '24', '', '', 'Gita Narhari.'),
(62, '', 'Professional Adjustment and word management.', '', NULL, '2017-03-07 08:10:57', '31', '', 'Page,- 170,  Cost,- 140,.-  Edn.-  2012.  Pub-N.R.Brothers.', '', '170', '140', '24', '', '', 'Zwemer and Finkbiner.'),
(63, '', 'Professional Adjustment and word management.', '', NULL, '2017-03-07 08:13:15', '31', '2012', '-N.R.Brothers.,.-', '2012', '170', '140', '24', '', '', 'Zwemer and Finkbiner.'),
(64, '', 'Communicable Disceses.', '', NULL, '2017-03-07 08:14:08', '31', '2008', 'Pages.- 395, Cost,- 200,- Edn- 2008,  Pub-N.R.Brothers.', '2008', '395', '200', '24', '', '', 'Meenakshi masih.'),
(65, '', 'Manovigan & manoswasth', '', NULL, '2017-03-07 08:20:52', '31', '2012', ', Pub,-N.R.brothers.', '2012', '2014', '150', '24', '', '', 'Dr.Ramnath Sharma.'),
(66, '', 'varthalap karne ke  khala.', '', NULL, '2017-03-07 08:14:55', '31', '2006', ' N.R.Brothers.', '', '78', '25', '24', '', '', 'P.R.Maheshwari'),
(67, '', 'Bhartiya Naruse keliye patpustak.', '', NULL, '2017-03-07 08:16:02', '31', '2011', 'Page.- 300,- Cost,.- 200,- Edn-2011, pub-N.R.Brothers.', '2011', '300', '200', '24', '', '', 'Fitmen avam Jeywar'),
(68, '', 'intership  Nursing.', '', NULL, '2017-03-07 08:16:48', '31', '2012', 'Page,- 408,  Cost, 220,  Edn, 2012  Pub,-N.R.Brothers.', '20`12', '408', '220', '24', '', '', 'Kumar and Thomas.'),
(69, '', 'Text book of Communty Helth.', '', NULL, '2017-03-07 08:17:38', '31', '2012', 'Page,- 408,- Cost,- 220,- Edn. 2012  Pub-N.R.Brothers Indore.', '2012', '408', '220', '24', '', '', 'Ketkar.'),
(70, '', 'Sociology for Graduate Nurses.', '', NULL, '2017-03-07 08:18:51', '31', '2012', '-,N.R.BrothersPage.- ', '2012', '487', '240', '24', '', '', 'S.Pothen.'),
(71, '', 'A Text book for Auxiliary Nurse Midwives.', '', NULL, '2017-03-07 08:19:35', '31', '2004', 'Page,- 436,- Cost,- 240,- Edn. 2004   Pub-N.R.brothers Indore.', '2004', '436', '240', '24', '', '', 'A. M. Chokley.'),
(72, '', 'A Text book  of Helth worker Vol.1st.', '', NULL, '2017-03-07 08:22:16', '31', '1988', 'N.R.BROTHERS INDORE.', '1988', '436', '240', '24', '', '', 'A.M.Chokly'),
(73, '', 'Establishment and Managment of Nursing Homes', '', NULL, '2017-03-07 08:22:56', '31', '1994', '  Pub N.R.Brothers', '', '248', '250', '24', '', '', 'Dr.Rajendra K. Lahoti.'),
(74, '', 'Commonication Technogy for Nursing.', '', NULL, '2017-03-07 08:23:37', '31', '2011', 'Page 496  Cost 280  Edn. 2011  Pub,-N.R,Brothers Indore,', '2011', '496', '280', '24', '', '', 'Anisha Maheswari.'),
(75, '', 'Physics in Nursing ', '', NULL, '2017-03-07 08:24:46', '31', '250', '   Pub-N.R.Brothers.', '', '288', '250', '24', '', '', 'Hessel Howaed Flitter'),
(76, '', 'Medical Nursing.', '', NULL, '2017-03-07 08:25:36', '31', '', '.-  Pub.- N.R.Brothers Indore.', '', '278', '200', '24', '', '', 'by Newton.'),
(77, '', 'medical Surgical Nursing 11nd', '', NULL, '2017-03-07 08:26:18', '31', '', '.R.Brothers Indore.', '', '192', '175', '24', '', '', 'Prakhar.'),
(78, '', 'Human Anotomy Practice Workoer.', '', NULL, '2017-03-07 08:26:59', '31', '2014', 'Pages,- 56.  Cost,- 75,-  Edn,- 2014-15, Pub-Vardhan Publishers Distributres Jaipur.- ', '', '56', '75', '24', '', '', 'Abrar Ahammed.'),
(79, '', 'Sociology and Psychology.', '', NULL, '2017-03-07 08:27:57', '31', '2014', 'Pages,- 208,- Cost,- 250- Edn.2014,- Pub,- Jain Publication Jaipur.', '2014', '208', '250', '24', '', '', 'Preeti Agrawal'),
(80, '', 'Socology and Psychology.', '', NULL, '2017-03-07 08:28:50', '31', '2013', 'Pages.- 203,  cost,- 250,-  Edn,- 2013,- Pub-Vardhan publishers Jaipur.', '2013', '203', '250', '24', '', '', 'R.S.Sharma,'),
(81, '', 'Human Anotomy $ Physiology', '', NULL, '2017-03-07 08:29:57', '31', '2014', 'ain Publication Jaipur.', '', '17-20', '300', '24', '', '', 'Mukesh kumar Chipa'),
(82, '', 'midwifry case record', '', NULL, '2017-03-08 06:31:42', '31', '', 'r-N.R.brothers Indore', '', '', '200', '24', '', '', 'Experienced Nursing Professional'),
(83, '', 'Community health-1st. ', '', NULL, '2017-03-08 06:32:40', '31', '', ', publiser-Jain publication Jaipur, Edi-2014', '', '654', '400', '24', '', '', 'Preety Agarwal'),
(84, '', 'Midwifry (obstericad Gynecological)', '', NULL, '2017-03-08 06:33:34', '31', '2014', 'page no.-17.18, cost-450, Edi.-2014, publiser- Jain pub. Jaipur', '2014', '17-18', '450', '24', '', '', 'Preety Agarwal '),
(85, '', 'Nursing ke mool sithanth', '', NULL, '2017-03-08 06:34:24', '31', '2015', 'page no.-528, cost-350, Edi.-2015, publiser- Jain pud. Jaipur', '2015', '528', '350', '24', '', '', 'Minakshi kubde'),
(86, '', 'Intership book for G.N.M.', '', NULL, '2017-03-08 06:35:07', '31', '2015', 'page no.-376, cost-275, Edi.-2015, publiser-Jain pub. Jaipur', '2015', '376', '275', '24', '', '', 'Govind prasad sharma'),
(87, '', 'Manovigyan & samajsastra', '', NULL, '2017-03-08 06:35:51', '31', '2015', 'page no.-270 ,  cost-300, Edi.-2015, publication- jain pub. Jaipur', '2015', '270', '300', '24', '', '', 'Preety agarwal'),
(88, '', 'Samudaik swasth nursing-1st ', '', NULL, '2017-03-08 06:36:44', '31', '', ', publiser-Jain pub. Jaipur', '2015', '576', '400', '24', '', '', 'Preety agarwal, Vinod gupta, yogesh gupta'),
(89, '', 'Manav sarir rachna & kiryavigyan', '', NULL, '2017-03-08 06:37:44', '31', '2015', 'Cost-520, Edi-2015, publiser-jain pub. Jaipur', '2015', '', '520', '24', '', '', 'Mukesh kumar chipha'),
(90, '', 'Prathmik shayta & sankatkalin dekhbhal', '', NULL, '2017-03-08 06:40:25', '31', '2014', 'page no.-324, cost-160, Edi.-2014, publiser-N.R. Brothers Indore', '2014', '324', '160', '24', '', '', 'Dr. omkrash yadav'),
(91, '', 'Microbiology', '', NULL, '2017-03-08 06:41:20', '31', '2013', 'page no.-189, cost-150, Edi.-2013, publiser- N.R. brothers Indore', '2013', '189', '150', '24', '', '', 'Parker & stak'),
(92, '', 'Baliars nurses dictionary', '', NULL, '2017-03-08 06:42:50', '31', '2012', 'r-N.R. brothers Indore', '2012', '435', '200', '24', '', '', 'Anil kumar'),
(93, '', 'Community health nursing 1st part', '', NULL, '2017-03-08 06:43:39', '31', '2014', 'page no.-622, cost-525, Edi.-2014, pudliser-N.R. brothers Indore', '2014', '622', '525', '24', '', '', 'Keshav swarnkar'),
(94, '', 'Nurses ke liye samaj shastra', '', NULL, '2017-03-08 06:44:30', '31', '2013', 'page no.-243, cost-150, Edi-2013, publiser-N.R. brothers Indore', '2013', '243', '150', '24', '', '', 'Gagan Hinduja'),
(95, '', 'Nurses ke liye manogyan & manoswasth', '', NULL, '2017-03-08 06:45:14', '31', '2014', 'page no.-253, cost-160, Edi.-2014, publiser-N.R. brothers Indore', '2014', '253', '160', '24', '', '', 'Dr.ramnath sharma'),
(96, '', 'Aahar & poshan', '', NULL, '2017-03-08 06:46:30', '31', '2014', 'page no.-368, cost-220, Edi.-2014, publiser-N.R.brothers Indore', '2014', '368', '220', '24', '', '', 'M.Swaminathan'),
(97, '', 'Pharmacology', '', NULL, '2017-03-08 06:47:18', '31', '', 'Pages 188,-  Cost,- 130,- Edn,- 2013 Pub N.R.Brothers', '2013', '188', '130', '24', '', '', 'Dr.K.C.saxena '),
(98, '', 'Nursing ke Mool Sindhanth1st Nursing Arts Progisurces', '', NULL, '2017-03-08 06:48:01', '31', '2015', 'Pages 508,- Cost, 300-, Edn,2015,. Pub. N.R.Brothers', '2015', '508', '300', '24', '', '', 'Sister Nencey.'),
(99, '', 'Entership Book far G.N.M  ', '', NULL, '2017-03-08 06:48:49', '31', '2015', 'Pages- 376  Cost,- 275- Edn,2015 Pub-Jain Publicatiob', '2015', '376', '275', '24', '', '', 'Govind Prased'),
(100, '', 'Mansik Swasth & manorog Nursing.', '', NULL, '2017-03-08 06:49:28', '31', '2014', 'Pages,-326  cost,- 250,-  Edn,. 2014  Pub-Jain publication Jaipur.,- ', '2014', '326', '250', '24', '', '', 'Govind Prasad Sharma.'),
(101, '', 'Medical Surgical Nursing', '', NULL, '2017-03-08 06:50:25', '31', '2013', 'Pages 263  Cost  300  Edn.2013   Pub Jain Publication Jaipur.', '2013', '263', '300', '24', '', '', 'J.M.varana'),
(102, '', 'Nursing dayary', '', NULL, '2017-03-08 06:51:42', '31', '2015', ' Vardhan Publication.', '2015', '284', '', '24', '', '', 'DR.VISHAL TAK'),
(103, '', 'Bal swasth Nursing', '', NULL, '2017-03-08 06:52:26', '31', '2010', 'Pages 47.14  Cost 200,- Edn,- 2010, publiser-vardan pub. Jaipur  ', '', '47.14', '200', '24', '', '', 'Dr.Madan Singh Famediya'),
(104, '', 'Midwaifari prastuti & striroug vigyan.', '', NULL, '2017-03-08 06:53:49', '31', '2013', 'Page, 1514,  Cost,- 350,-  Edn, 2013  Pub Vardan publication Jaipur.', '2013', '1514', '350', '24', '', '', 'surekha kumari meena, Hemnth Kumar Meena,'),
(105, '', 'Community Helth Nursing 1st.', '', NULL, '2017-03-08 06:55:33', '31', '2014', ',- N.R.brothers.', '2014', '622', '525', '24', '', '', 'Keshav Swarnkar '),
(106, '', 'Community Helth Nursing.', '', NULL, NULL, '', '', 'Page 550  Cost 340=00  Edn.2014 Pub N.R.Brothers', '', '', '', '', '', '', 'Keshav Swarnkar'),
(107, '', 'Community Nuring ', '', NULL, '2017-03-08 06:56:37', '31', '2014', 'Pages-, 550,-  Cost,- 340,  Edn, 2014  pub N.R.Brothers.', '2014', '550', '340', '24', '', '', 'Keshav Swarnkar.'),
(108, '', 'Sishu Parichaya ', '', NULL, '2017-03-08 06:57:29', '31', '2015', 'Pages 596  Cost 330 =00 Edn, 2015Pub N.R.brothers.', '2015', '596', '330', '24', '', '', 'dr. Samgram Sangram.'),
(109, '', 'Nursing Arts Progisers', '', NULL, '2017-03-08 06:58:33', '31', '2015', 'Pages 508  Cost 300=00 Edn,- 2015  Pub-N.R.Brothers.', '2015', '508', '300', '24', '', '', 'sister Nency.'),
(110, '', 'Nursing  Arts Procezar.', '', NULL, '2017-03-08 06:59:21', '31', '2015', 'Pages 508 Cost 300=00 Edn-, 2015 Pub-N.R.Brothers.', '2015', '508', '300', '24', '', '', 'sister Nency '),
(111, '', 'Psychiatry', '', NULL, '2017-03-08 07:00:03', '31', '2014', 'Pages 256,- Cost,- 170-, Edn.2014 Pub n.R.Brothers.', '2014', '256', '170', '24', '', '', 'A.Vekorao'),
(112, '', 'Manav Sareer Rachana & Criya Vigan ', '', NULL, '2017-03-08 07:02:35', '31', '2013', '- Sumit Prakashan.', '', '256', '300', '24', '', '', 'dr. Aanand Prakash'),
(113, '', 'Operation theatre Technique and Management.', '', NULL, '2017-03-08 07:03:17', '31', '2015', 'Page, 340,-  Cost-, 390, edn,- 2015 Pub  Medico refeshar.', '2015', '340', '390', '24', '', '', 'Dr. R.K. Sharma .'),
(114, '', 'Operation theater Technique and managment.', '', NULL, '2017-03-08 07:04:10', '31', '', 'l-MedicoRefesher.', '', '411', '415', '24', '', '', 'Dr.G..Sharma.'),
(115, '', 'Medical Laboratory somple volume  ', '', NULL, '2017-03-08 07:05:12', '31', '', ' Lodon Publication Panama Volum !st   NEW DELHI.', '', '808', '', '24', '', '', 'Ramnik Sood'),
(116, '', 'Medical Laboratory Technology Methods and interpretation', '', NULL, '2017-03-08 07:06:28', '31', '', 'Pages, 1670,  Cost,-   Edn,-  Pub,- London Phlielphia Panama Volum- 11nd,  ', '', '1670', '', '24', '', '', 'Sood.'),
(117, '', 'Naidanik chkilsa vigan opayog shala taknik prastuti.', '', NULL, '2017-03-08 07:07:22', '31', '', 'Pub- Deli', '', '343', '', '24', '', '', 'B.S.Talib'),
(118, '', 'Clinical lab0rtatry Science and molecular Diagnosis ', '', NULL, '2017-03-08 07:08:01', '31', '', ',- Mumbai Vol,1st', '', '840', '', '24', '', '', 'Praful B.Godkar Darshan P.Godkar.'),
(119, '', 'Clinical Laboratory Science Diagnosis Volum 2nd.', '', NULL, '2017-03-08 07:08:37', '31', '', 'Page, 1648  Cost,  Edn,-  pub,-  mumbay,', '', '1648', '', '24', '', '', 'Praful B. Godkar Darshan p. Godkar.'),
(120, '', 'Nursing ke Mool Sindhanth ,', '', NULL, '2017-03-08 07:24:38', '31', '2015', ' 2015, Pub,- Jain,pun- Jaipur,', '2015', '8.82', '400', '24', '', '', 'Denesh Sharma,'),
(121, '', 'Community Helth Nursing 2nd.', '', NULL, '2017-03-08 07:26:21', '31', '2016', ' Jaipur.', '2016', '391', '300', '24', '', '', 'Preeti Agrawal,Vinod Gupta,Yogesh Gupta,.'),
(122, '', 'Nusing ke Moolsidanth.', '', NULL, '2017-03-08 07:27:12', '31', '2016', 'Page, 540,  Cost, 350=00,  Edn, 2016,  Pub,  Jaipur ', '2016', '540', '350', '24', '', '', 'Meenakshi Kubade,'),
(123, '', 'Midwaifary .', '', NULL, '2017-03-08 07:28:11', '31', '2016', ',, Pub, Jaipur,', '', '17.16', '450', '24', '', '', 'Preeti Agrawal, Vinod Gupta,Yogesh Gupta,'),
(124, '', 'Community  Helth  Nursing. 1 st.', '', NULL, '2017-03-08 07:29:23', '31', '2016', ', Pub-Jaipur,', '', '576', '400', '24', '', '', 'Preeti Agrawal, Vinod Gupta, Yogesh Gupta,'),
(125, '', 'Manav shareer rachana avam kreya vigan.', '', NULL, '2017-03-08 07:29:52', '31', '', 'Pages,  14.22,  Anatomy References pages-(A1 to (B)4, Microbiology page, 1 to 52. Cost-350=00, Edi.-2016, Pub.-Jaipur.', '', '14.22', '', '24', '', '', 'Mukesh kumar cheepa.'),
(126, '', 'Manovigan avam samaj sastra.', '', NULL, '2017-03-08 07:32:07', '31', '2016', '-, Jain publication.', '', '182', '300', '24', '', '', 'Preeti Agrawal ,Radhey sayam AGRAWAL'),
(127, '', 'Manavshareer Rachana avam kreya vigan', '', NULL, '2017-03-08 07:33:25', '31', '', ', microw bio 1 to 60  Anotamy Reference 1 to 27,  cost 350=00 Edn, 2017 pub Jaipur,', '', '14.24', '', '24', '', '', 'Javed Aktar Nakvi'),
(128, '', 'Medical Surgiical Nursing', '', NULL, '2017-03-08 07:34:52', '31', '2017', 'Page , 655, Cost 700=00, Edn, 2017, Pub  Jaipur,', '2017', '655', '700', '24', '', '', 'Preeti Agrawal vinod Gupta Aajit singh chudari'),
(129, '', 'Bharthiya shiksha ka etihas  B.ED. 20 13-14.', '', NULL, '2017-03-08 07:36:01', '31', '', ' AGRA ', '', '', '160', '24', '', '', 'B.p.johari'),
(130, '', 'Bhartiya shksha our uski samsya  B.ED. 2013-14', '', NULL, NULL, '', '', 'Page No, Price, 250=00, Pub ,-Agra  EDn, No', '', '', '', '', '', '', 'P.D.Patak'),
(131, '', 'Bhartiya shisha ki samayiki samsya', '', NULL, NULL, '', '', 'Page Nil  Price  160=00 Pub-Agra', '', '', '', '', '', '', 'Dr. rampal pande'),
(132, '', 'Rashtra Bhasha ki shiksha . ed 2013-14', '', NULL, NULL, '', '', 'Page No- , Price 100=00, EDn,-  Pub-Agra', '', '', '', '', '', '', 'Dr. N.K.Mukarji'),
(133, '', 'Bharat  may shiksha vyavsta ka vikas', '', NULL, NULL, '', '', 'Page, No. Price 100=00 Endt.  Pub  Agra ', '', '', '', '', '', '', 'Dr. Ram Rawal Pandaya'),
(134, '', 'Bharat may shiksha vyawasta ka vikas wa samasyein', '', NULL, NULL, '', '', 'Page  Edn, Place and pub- Agra Price 100=00', '', '', '', '', '', '', 'poonam Madan'),
(135, '', 'Bharat may shiksha vyavsta ka vikas va samasya', '', NULL, NULL, '', '', 'page ------ price = 160/- PUB - AGRA ED---------', '', '', '', '', '', '', 'Gurusarandas tayagi'),
(136, '', 'BHARAT KA SHEKSHIK VYAVASHTHA KA VIKAS', '', NULL, NULL, '', '', 'PAGE -----------\nPRICE=120.00\nPUB= AGRA \nED = ---------', '', '', '', '', '', '', 'SHIRESH PAL SINGH '),
(137, '', 'BHARATH MAY SHIKSHA KA VIKAS', '', NULL, NULL, '', '', 'PAGE_, RATE,_100=00,  PUB,- AGRA ED,_', '', '', '', '', '', '', 'DR.RAMSHVAL PANDEY'),
(138, '', 'SHIKSHAK TADHA MADHYAMIK SHIKSHA', '', NULL, NULL, '', '', 'PAGE.......\nPRICE, 80=00\nPUBLICAR, AGRAWAL\nPLACE, AGRA\nEDN,.............../', '', '', '', '', '', '', 'S.S.MADHUR'),
(139, '', 'UBHARATHE HUE BHARTIYA SAMAJ MAY SHIKSHA', '', NULL, NULL, '', '', 'PUBLISHER- AGRAWAL\nPLACE         - AGRA\nPRICE           - 250=00\nEDN................../', '', '', '', '', '', '', 'DR.RAMSHAKAL PANDAY'),
(140, '', 'UDHYAN BHARTIYA SAMAJ MAY SHISHAK', '', NULL, NULL, '', '', 'PUBLICARS  AGRAWAL\nPLACE           AGRA\nPRICE             250-00\nEDN................/', '', '', '', '', '', '', 'S.S.MADHUR.'),
(141, '', 'UDHYAN BHARTIYA SAMAJ MAY SHISHAK', '', NULL, '2017-03-09 09:55:01', '31', '', 'PUBLISHERS      AGRAWALPLACE                  AGRAPRICE                    170=00EDN...................../', '', '', '', '24', '', '', 'S.P.RUHELA'),
(142, '', 'UDHYAN BHARIYA SAMAJ MAY SHIKSHA', '', NULL, NULL, '', '', 'PUBLISHERS    AGRAWAL\nPLACE                AGRA\nPRICE                  200=00\nEDN................./', '', '', '', '', '', '', 'J.C.AGRAWAL'),
(143, '', 'Shiksha tadha udiyan Bhartiya samaj', '', NULL, NULL, '', '', 'PUBLISHER  AGRAWAL  PLACE  AGRA  PRICE 100=00   EDN    ', '', '', '', '', '', '', 'Dr. Rampal Singh Varma'),
(144, '', 'BHARATH MAY SHKISHA VYAVSTA KA VIKAS VA ', '0', NULL, '2017-03-01 09:07:01', '20', '0', '    ;   AGRAPRI; ', ' 180=00EDN                    ..........', '   AGRAWALPLANCE      ', 'CE                  PUBLICANCE    ;   ', '24', '34', '34', 'POONAM MADAN'),
(146, '', '', '', '2017-03-07 08:52:45', '2017-03-07 08:52:45', '31', '', '', '', '', '', '24', '', '', ''),
(147, '', 'da', '', '2017-03-27 01:14:28', '2017-03-27 01:14:28', '31', 'dsl', 'mlklk', 'lmklk', 'mlkvlm', 'lmkmlk', '24', '', '', 'lkmvlmk');

-- --------------------------------------------------------

--
-- Table structure for table `lb_category`
--

CREATE TABLE IF NOT EXISTS `lb_category` (
  `id` int(10) unsigned NOT NULL AUTO_INCREMENT,
  `category` varchar(200) COLLATE utf8_unicode_ci NOT NULL,
  `created_at` timestamp NULL DEFAULT NULL,
  `updated_at` timestamp NULL DEFAULT NULL,
  PRIMARY KEY (`id`)
) ENGINE=MyISAM  DEFAULT CHARSET=utf8 COLLATE=utf8_unicode_ci AUTO_INCREMENT=29 ;

--
-- Dumping data for table `lb_category`
--

INSERT INTO `lb_category` (`id`, `category`, `created_at`, `updated_at`) VALUES
(24, 'Politics', '2017-02-19 22:18:57', '2017-02-19 22:18:57'),
(22, 'Computer', '2017-02-19 22:18:41', '2017-02-19 22:18:41'),
(13, '.NET', '2017-02-16 23:56:24', '2017-02-16 23:56:24'),
(12, 'c++', '2017-02-16 23:56:16', '2017-02-16 23:56:16'),
(25, 'geography', '2017-02-19 22:19:10', '2017-02-19 22:19:10'),
(26, 'Geography', '2017-02-22 05:15:39', '2017-02-22 05:15:39');

-- --------------------------------------------------------

--
-- Table structure for table `lb_details`
--

CREATE TABLE IF NOT EXISTS `lb_details` (
  `id` int(10) unsigned NOT NULL AUTO_INCREMENT,
  `name` varchar(255) COLLATE utf8_unicode_ci NOT NULL,
  `enrollname` varchar(255) COLLATE utf8_unicode_ci NOT NULL,
  `branch` varchar(255) COLLATE utf8_unicode_ci NOT NULL,
  `email` varchar(255) COLLATE utf8_unicode_ci NOT NULL,
  `approved` varchar(255) COLLATE utf8_unicode_ci NOT NULL,
  `rejected` varchar(255) COLLATE utf8_unicode_ci NOT NULL,
  `year` varchar(255) COLLATE utf8_unicode_ci NOT NULL,
  `created_at` timestamp NULL DEFAULT NULL,
  `updated_at` timestamp NULL DEFAULT NULL,
  PRIMARY KEY (`id`),
  UNIQUE KEY `details_email_unique` (`email`)
) ENGINE=MyISAM  DEFAULT CHARSET=utf8 COLLATE=utf8_unicode_ci AUTO_INCREMENT=2 ;

--
-- Dumping data for table `lb_details`
--

INSERT INTO `lb_details` (`id`, `name`, `enrollname`, `branch`, `email`, `approved`, `rejected`, `year`, `created_at`, `updated_at`) VALUES
(1, 'kavit', '123456789', 'CS', 'kavita@gmail.com', 'yes', 'yes', '2016', NULL, NULL);

-- --------------------------------------------------------

--
-- Table structure for table `lb_fine`
--

CREATE TABLE IF NOT EXISTS `lb_fine` (
  `id` int(10) unsigned NOT NULL AUTO_INCREMENT,
  `f1` varchar(200) COLLATE utf8_unicode_ci NOT NULL,
  `f2` varchar(200) COLLATE utf8_unicode_ci NOT NULL,
  `created_at` timestamp NULL DEFAULT NULL,
  `updated_at` timestamp NULL DEFAULT NULL,
  PRIMARY KEY (`id`),
  UNIQUE KEY `fine_f1_unique` (`f1`)
) ENGINE=MyISAM  DEFAULT CHARSET=utf8 COLLATE=utf8_unicode_ci AUTO_INCREMENT=3 ;

--
-- Dumping data for table `lb_fine`
--

INSERT INTO `lb_fine` (`id`, `f1`, `f2`, `created_at`, `updated_at`) VALUES
(1, 'days', '15', NULL, '2017-03-01 11:14:45'),
(2, 'fine', '1', NULL, '2017-03-01 11:14:45');

-- --------------------------------------------------------

--
-- Table structure for table `lb_issuelog`
--

CREATE TABLE IF NOT EXISTS `lb_issuelog` (
  `id` int(10) unsigned NOT NULL AUTO_INCREMENT,
  `bookid` varchar(255) COLLATE utf8_unicode_ci NOT NULL,
  `studentid` varchar(255) COLLATE utf8_unicode_ci NOT NULL,
  `issuedby` varchar(255) COLLATE utf8_unicode_ci NOT NULL,
  `status` varchar(255) COLLATE utf8_unicode_ci NOT NULL,
  `returntime` varchar(255) COLLATE utf8_unicode_ci NOT NULL,
  `created_at` timestamp NULL DEFAULT NULL,
  `updated_at` timestamp NULL DEFAULT NULL,
  `writtenid` varchar(200) COLLATE utf8_unicode_ci NOT NULL DEFAULT '0000',
  `damage` varchar(200) COLLATE utf8_unicode_ci NOT NULL DEFAULT 'No Damage',
  PRIMARY KEY (`id`)
) ENGINE=MyISAM  DEFAULT CHARSET=utf8 COLLATE=utf8_unicode_ci AUTO_INCREMENT=43 ;

--
-- Dumping data for table `lb_issuelog`
--

INSERT INTO `lb_issuelog` (`id`, `bookid`, `studentid`, `issuedby`, `status`, `returntime`, `created_at`, `updated_at`, `writtenid`, `damage`) VALUES
(1, '34', '1', '', '0', '', '2017-02-03 23:52:21', '2017-02-03 23:52:21', '0000', 'No Damage'),
(2, '101', '2', '2', '0', '', '2017-02-07 23:56:41', '2017-02-07 23:56:41', '0000', 'No Damage'),
(3, '101', '1', '2', '1', '', '2017-02-07 23:57:05', '2017-02-07 23:57:05', '0000', 'No Damage'),
(4, '102', '1', '2', '0', '', '2017-02-07 23:57:15', '2017-02-07 23:57:15', '0000', 'No Damage'),
(5, '101', '2', '2', '0', '', '2017-02-07 23:57:25', '2017-02-07 23:57:25', '0000', 'No Damage'),
(6, '1', '1', '2', '1', '', '2017-02-17 05:00:15', '2017-02-17 05:00:15', '0000', 'No Damage'),
(7, 'jkk', '101', '2', '0', '', '2017-02-18 01:46:12', '2017-02-18 01:46:12', '0000', 'No Damage'),
(8, '', '1', '2', '0', '', '2017-02-19 23:39:07', '2017-02-19 23:39:07', '0000', 'No Damage'),
(9, '42', '1', '2', '1', '', '2017-02-19 23:39:35', '2017-02-19 23:39:35', '0000', 'No Damage'),
(10, '', '2', '2', '0', '', '2017-02-19 23:39:52', '2017-02-19 23:39:52', '0000', 'No Damage'),
(11, '101', '1', '2', '0', '', '2017-02-20 01:30:17', '2017-02-20 01:30:17', '0000', 'No Damage'),
(12, '42', '1', '2', '1', '', '2017-02-28 06:24:39', '2017-02-28 06:24:39', '0000', 'No Damage'),
(13, '127', '2', '2', '1', '', '2017-02-28 09:47:48', '2017-02-28 09:47:48', '0000', 'No Damage'),
(14, '52', '2', '2', '0', '', '2017-03-01 06:37:06', '2017-03-01 06:37:06', '0000', 'No Damage'),
(15, '776', '62', '2', '0', '', '2017-03-02 06:34:32', '2017-03-02 06:34:32', '0000', 'No Damage'),
(16, '11', '62', '2', '0', '', '2017-03-02 06:34:59', '2017-03-02 06:34:59', '0000', 'No Damage'),
(17, '776', '62', '2', '0', '', '2017-03-02 06:36:06', '2017-03-02 06:36:06', '0000', 'No Damage'),
(18, '11', '26', '2', '0', '', '2017-03-02 06:37:57', '2017-03-02 06:37:57', '0000', 'No Damage'),
(19, '11', '62', '2', '0', '', '2017-03-02 06:38:35', '2017-03-02 06:38:35', '0000', 'No Damage'),
(20, '11', '58', '2', '0', '', '2017-03-02 06:39:10', '2017-03-02 06:39:10', '0000', 'No Damage'),
(21, '11', '40', '2', '0', '', '2017-03-02 06:39:34', '2017-03-02 06:39:34', '0000', 'No Damage'),
(22, '776', '40', '2', '0', '', '2017-03-02 06:42:53', '2017-03-02 06:42:53', '0000', 'No Damage'),
(23, '145', '40', '2', '0', '', '2017-03-02 06:43:07', '2017-03-02 06:43:07', '0000', 'No Damage'),
(24, '11', '40', '2', '0', '', '2017-03-02 07:36:52', '2017-03-02 07:36:52', '0000', 'No Damage'),
(25, '11', '42', '2', '0', '', '2017-03-02 07:40:00', '2017-03-02 07:40:00', '0000', 'No Damage'),
(26, '10', '41', '2', '0', '', '2017-03-02 10:57:37', '2017-03-02 10:57:37', '0000', 'No Damage'),
(27, '55', '5', '2', '1', '', '2017-03-03 07:13:10', '2017-03-03 07:13:10', '0000', 'No Damage'),
(28, '1', '1', '2', '1', '', '2017-03-03 07:42:28', '2017-03-03 07:42:28', '0000', 'No Damage'),
(29, '1', '1', '2', '0', '', '2017-03-03 07:44:57', '2017-03-03 07:44:57', '0000', 'No Damage'),
(30, '29', '61', '2', '0', '', '2017-03-18 03:12:16', '2017-03-18 03:12:16', '9043', 'No Damage'),
(31, '29', '61', '2', '0', '', '2017-03-18 03:12:54', '2017-03-18 03:12:54', '9043', 'No Damage'),
(32, '29', '61', '2', '0', '', '2017-03-18 03:19:28', '2017-03-18 03:19:28', '9043', 'No Damage'),
(33, '29', '61', '2', '0', '', '2017-03-18 03:19:43', '2017-03-18 03:19:43', '9043', 'No Damage'),
(34, '29', '61', '2', '0', '', '2017-03-18 03:20:03', '2017-03-18 03:20:03', '9043', 'No Damage'),
(35, '14', '107', '2', '0', '', '2017-03-18 03:21:27', '2017-03-18 03:21:27', '1122', 'No Damage'),
(36, '17', '77', '2', '1', '2017-03-22 05:22:13', '2017-03-21 21:46:09', '2017-03-21 23:52:13', '908', 'No Damage'),
(37, '17', '77', '2', '1', '2017-03-22 05:22:13', '2017-03-21 23:05:51', '2017-03-21 23:52:13', '17', 'No Damage'),
(38, '17', '77', '2', '1', '2017-03-22 10:43:50', '2017-03-21 23:06:33', '2017-03-22 05:13:50', '21', 'No Damage'),
(39, '7', '56', '2', '1', '2017-03-22 06:47:09', '2017-03-22 01:15:59', '2017-03-22 01:17:09', '304', 'No Damage'),
(40, '1', '56', '2', '1', '2017-03-22 10:39:50', '2017-03-22 05:00:36', '2017-03-22 05:09:50', '103', 'No Damage'),
(41, '1', '77', '2', '1', '2017-03-23 05:54:16', '2017-03-23 00:02:48', '2017-03-23 00:24:16', '111', 'No Damage'),
(42, '7', '77', '2', '1', '2017-03-23 05:55:28', '2017-03-23 00:13:43', '2017-03-23 00:25:28', '203', 'Partial Damage');

-- --------------------------------------------------------

--
-- Table structure for table `lb_type`
--

CREATE TABLE IF NOT EXISTS `lb_type` (
  `id` int(10) unsigned NOT NULL AUTO_INCREMENT,
  `type` varchar(200) CHARACTER SET utf8 NOT NULL,
  `created_at` timestamp NULL DEFAULT NULL,
  `updated_at` timestamp NULL DEFAULT NULL,
  PRIMARY KEY (`id`)
) ENGINE=MyISAM  DEFAULT CHARSET=utf8 COLLATE=utf8_unicode_ci AUTO_INCREMENT=32 ;

--
-- Dumping data for table `lb_type`
--

INSERT INTO `lb_type` (`id`, `type`, `created_at`, `updated_at`) VALUES
(31, 'Magzine', '2017-03-01 11:40:37', '2017-03-01 11:40:37'),
(30, 'NewsPapers', '2017-03-01 11:40:30', '2017-03-01 11:40:30'),
(29, 'Journals', '2017-03-01 11:40:20', '2017-03-01 11:40:20'),
(28, 'Books', '2017-03-01 11:40:11', '2017-03-01 11:40:11'),
(26, 'Computer', '2017-03-01 11:04:58', '2017-03-01 11:04:58');

-- --------------------------------------------------------

--
-- Table structure for table `lb_users`
--

CREATE TABLE IF NOT EXISTS `lb_users` (
  `id` int(10) unsigned NOT NULL AUTO_INCREMENT,
  `name` varchar(255) COLLATE utf8_unicode_ci NOT NULL,
  `email` varchar(255) COLLATE utf8_unicode_ci NOT NULL,
  `password` varchar(255) COLLATE utf8_unicode_ci NOT NULL,
  `role` varchar(255) COLLATE utf8_unicode_ci NOT NULL,
  `remember_token` varchar(100) COLLATE utf8_unicode_ci DEFAULT NULL,
  `created_at` timestamp NULL DEFAULT NULL,
  `updated_at` timestamp NULL DEFAULT NULL,
  PRIMARY KEY (`id`),
  UNIQUE KEY `users_email_unique` (`email`)
) ENGINE=MyISAM  DEFAULT CHARSET=utf8 COLLATE=utf8_unicode_ci AUTO_INCREMENT=3 ;

--
-- Dumping data for table `lb_users`
--

INSERT INTO `lb_users` (`id`, `name`, `email`, `password`, `role`, `remember_token`, `created_at`, `updated_at`) VALUES
(1, 'jitendra', 'jitendra@gmail.com', '$2y$10$p2nBDQNUTQLFxNzh8fTfBuOF.lA92GeCghyr9fc7rjhjrlnGxu50i', '1', NULL, '2017-02-02 04:16:09', '2017-02-02 04:16:09'),
(2, 'pratibha ', 'library@nvm.com', '$2y$10$oUGspAy9kC3LajPlwlD0A.M7mgjAP4Uow.i4HRihHoE6pCet.1GmG', '1', '1GmOJPNlsBFumqdXX1kskPV2wwYYxkMjvLv5JXreLwjFizpaW5DdCn8PjKvP', '2017-02-02 22:39:31', '2017-03-23 01:14:07');

-- --------------------------------------------------------

--
-- Table structure for table `login_details`
--

CREATE TABLE IF NOT EXISTS `login_details` (
  `login_detail_id` int(11) NOT NULL AUTO_INCREMENT,
  `login_user_id` int(11) NOT NULL,
  `login_status` tinyint(1) NOT NULL DEFAULT '0',
  `login_at` datetime NOT NULL,
  `logout_at` datetime DEFAULT NULL,
  `user_ip_address` varchar(16) NOT NULL,
  PRIMARY KEY (`login_detail_id`),
  KEY `login_user_id` (`login_user_id`)
) ENGINE=InnoDB  DEFAULT CHARSET=utf8 AUTO_INCREMENT=142 ;

--
-- Dumping data for table `login_details`
--

INSERT INTO `login_details` (`login_detail_id`, `login_user_id`, `login_status`, `login_at`, `logout_at`, `user_ip_address`) VALUES
(1, 1, 0, '2015-05-27 17:49:43', '2015-05-28 14:53:46', '192.168.1.109'),
(2, 1, 0, '2015-05-28 09:26:49', '2015-05-28 14:53:46', '192.168.1.109'),
(3, 1, 0, '2015-05-28 09:49:52', '2015-05-28 14:53:46', '192.168.1.101'),
(4, 1, 0, '2015-05-28 14:03:14', '2015-05-28 14:53:46', '192.168.1.101'),
(5, 18, 0, '2015-05-28 14:53:54', '2015-05-28 15:01:59', '192.168.1.109'),
(6, 1, 0, '2015-05-28 14:54:21', '2015-05-28 15:06:00', '192.168.1.109'),
(7, 33, 0, '2015-05-28 15:02:07', '2015-05-28 15:09:35', '192.168.1.109'),
(8, 1, 0, '2015-05-28 15:07:23', '2015-05-28 15:08:16', '192.168.1.109'),
(9, 1, 0, '2015-05-28 15:08:56', '2015-05-28 15:10:32', '192.168.1.109'),
(10, 18, 0, '2015-05-28 15:09:44', '2015-05-28 15:10:08', '192.168.1.109'),
(11, 1, 0, '2015-05-28 15:10:29', '2015-05-28 15:10:32', '192.168.1.109'),
(12, 1, 0, '2015-05-28 16:43:52', '2015-05-28 17:06:03', '192.168.1.109'),
(13, 33, 0, '2015-05-28 17:06:12', '2015-05-28 17:07:56', '192.168.1.109'),
(14, 1, 0, '2015-05-28 17:08:13', '2016-12-15 09:16:17', '192.168.1.109'),
(15, 1, 0, '2015-05-28 17:41:47', '2016-12-15 09:16:17', '192.168.1.101'),
(16, 1, 0, '2015-05-28 18:17:21', '2016-12-15 09:16:17', '127.0.0.1'),
(17, 1, 0, '2015-11-16 12:22:54', '2016-12-15 09:16:17', '127.0.0.1'),
(18, 1, 0, '2016-12-15 12:53:22', '2016-12-15 09:16:17', '::1'),
(19, 1, 0, '2016-12-15 09:08:52', '2016-12-15 09:16:17', '122.168.197.234'),
(20, 1, 0, '2016-12-15 09:22:23', '2016-12-15 09:23:53', '114.69.240.250'),
(21, 1, 0, '2016-12-15 09:24:09', '2016-12-15 09:31:31', '114.69.240.250'),
(22, 1, 0, '2016-12-15 10:01:40', '2016-12-15 10:03:41', '114.69.240.250'),
(23, 18, 0, '2016-12-15 11:53:09', '2016-12-15 11:56:08', '122.168.197.234'),
(24, 1, 0, '2016-12-16 06:52:47', '2016-12-16 07:10:40', '122.168.197.234'),
(25, 33, 0, '2016-12-16 07:12:15', '2016-12-16 07:13:12', '122.168.197.234'),
(26, 18, 0, '2016-12-16 07:13:19', '2016-12-22 09:23:06', '122.168.197.234'),
(27, 1, 0, '2016-12-17 08:52:46', '2016-12-17 10:43:11', '114.69.240.250'),
(28, 1, 0, '2016-12-17 08:52:47', '2016-12-17 10:43:11', '114.69.240.250'),
(29, 1, 0, '2016-12-17 10:29:27', '2016-12-17 10:43:11', '122.168.197.234'),
(30, 1, 0, '2016-12-19 06:40:35', '2016-12-19 09:01:43', '114.69.240.250'),
(31, 1, 0, '2016-12-19 09:07:54', '2016-12-19 09:09:58', '122.168.197.234'),
(32, 1, 0, '2016-12-20 05:58:29', '2016-12-20 06:15:40', '114.69.240.250'),
(33, 1, 0, '2016-12-20 06:10:12', '2016-12-20 06:15:40', '122.168.197.234'),
(34, 1, 0, '2016-12-20 08:57:10', '2016-12-20 11:08:09', '114.69.240.250'),
(35, 1, 0, '2016-12-20 08:57:19', '2016-12-20 11:08:09', '114.69.240.250'),
(36, 1, 0, '2016-12-20 11:06:53', '2016-12-20 11:08:09', '122.168.197.234'),
(37, 1, 0, '2016-12-20 16:34:58', '2016-12-21 05:57:07', '47.247.105.164'),
(38, 1, 0, '2016-12-21 05:52:04', '2016-12-21 05:57:07', '114.69.240.250'),
(39, 1, 0, '2016-12-21 18:07:56', '2016-12-22 08:11:24', '47.247.134.182'),
(40, 1, 0, '2016-12-22 05:47:32', '2016-12-22 08:11:24', '114.69.240.250'),
(41, 1, 0, '2016-12-22 09:21:27', '2016-12-22 09:21:59', '122.168.197.234'),
(42, 18, 0, '2016-12-22 09:22:26', '2016-12-22 09:23:06', '122.168.197.234'),
(43, 18, 0, '2016-12-22 09:22:56', '2016-12-22 09:23:06', '114.69.240.250'),
(44, 1, 0, '2016-12-22 09:23:19', '2016-12-23 07:23:53', '122.168.197.234'),
(45, 1, 0, '2016-12-22 09:28:24', '2016-12-23 07:23:53', '114.69.240.250'),
(46, 1, 0, '2016-12-23 07:23:01', '2016-12-23 07:23:53', '122.168.197.234'),
(47, 1, 0, '2016-12-23 07:23:39', '2016-12-23 07:23:53', '122.168.197.234'),
(48, 1, 0, '2016-12-23 09:03:32', '2016-12-23 10:08:08', '114.69.240.250'),
(49, 1, 0, '2016-12-23 10:08:23', '2016-12-23 11:20:01', '114.69.240.250'),
(50, 1, 0, '2016-12-23 12:08:48', '2016-12-23 12:13:24', '122.168.197.234'),
(51, 1, 0, '2016-12-23 13:44:33', '2016-12-23 13:44:43', '122.168.197.234'),
(52, 1, 0, '2016-12-24 06:04:42', '2016-12-24 06:55:07', '114.69.240.250'),
(53, 1, 0, '2016-12-24 06:04:57', '2016-12-24 06:55:07', '114.69.240.250'),
(54, 1, 0, '2016-12-24 06:06:01', '2016-12-24 06:55:07', '114.69.240.250'),
(55, 1, 0, '2016-12-24 06:06:22', '2016-12-24 06:55:07', '114.69.240.250'),
(56, 1, 0, '2016-12-24 06:06:32', '2016-12-24 06:55:07', '114.69.240.250'),
(57, 1, 0, '2016-12-24 06:08:27', '2016-12-24 06:55:07', '114.69.240.250'),
(58, 1, 0, '2016-12-24 06:08:42', '2016-12-24 06:55:07', '114.69.240.250'),
(59, 1, 0, '2016-12-24 06:09:03', '2016-12-24 06:55:07', '114.69.240.250'),
(60, 1, 0, '2016-12-24 06:10:46', '2016-12-24 06:55:07', '114.69.240.250'),
(61, 1, 0, '2016-12-24 06:13:29', '2016-12-24 06:55:07', '114.69.240.250'),
(62, 1, 0, '2016-12-24 06:13:55', '2016-12-24 06:55:07', '47.247.185.208'),
(63, 1, 0, '2016-12-24 06:14:13', '2016-12-24 06:55:07', '47.247.185.208'),
(64, 1, 0, '2016-12-24 06:14:21', '2016-12-24 06:55:07', '114.69.240.250'),
(65, 1, 0, '2016-12-24 06:26:00', '2016-12-24 06:55:07', '114.69.240.250'),
(66, 1, 0, '2016-12-24 06:29:09', '2016-12-24 06:55:07', '114.69.240.250'),
(67, 1, 0, '2016-12-24 06:54:24', '2016-12-24 06:55:07', '47.247.184.254'),
(68, 1, 0, '2016-12-24 06:54:53', '2016-12-24 06:55:07', '47.247.184.254'),
(69, 1, 0, '2016-12-24 07:54:28', '2016-12-26 11:39:47', '114.69.240.250'),
(70, 1, 0, '2016-12-26 06:16:21', '2016-12-26 11:39:47', '114.69.240.250'),
(71, 1, 0, '2016-12-26 08:43:02', '2016-12-26 11:39:47', '114.69.240.250'),
(72, 1, 0, '2016-12-28 05:57:03', '2016-12-28 08:07:45', '114.69.240.250'),
(73, 1, 0, '2016-12-28 08:07:26', '2016-12-28 08:07:45', '122.168.197.234'),
(74, 1, 0, '2016-12-28 10:06:08', '2016-12-28 11:34:07', '122.168.197.234'),
(75, 1, 0, '2016-12-28 10:21:54', '2016-12-28 11:34:07', '114.69.240.250'),
(76, 1, 0, '2016-12-28 11:50:09', '2016-12-28 11:54:46', '122.168.197.234'),
(77, 1, 0, '2016-12-29 07:59:09', '2017-01-19 07:16:49', '114.69.240.250'),
(78, 1, 0, '2016-12-31 05:55:55', '2017-01-19 07:16:49', '114.69.240.250'),
(79, 1, 0, '2017-01-10 06:36:59', '2017-01-19 07:16:49', '114.69.240.250'),
(80, 1, 0, '2017-01-19 07:14:01', '2017-01-19 07:16:49', '122.168.197.234'),
(81, 1, 0, '2017-01-23 06:45:46', '2017-02-03 11:17:05', '114.69.240.250'),
(82, 1, 0, '2017-01-23 06:46:05', '2017-02-03 11:17:05', '114.69.240.250'),
(83, 1, 0, '2017-01-24 09:11:35', '2017-02-03 11:17:05', '122.168.197.234'),
(84, 1, 0, '2017-01-25 10:35:26', '2017-02-03 11:17:05', '114.69.240.250'),
(85, 1, 0, '2017-01-28 05:23:00', '2017-02-03 11:17:05', '114.69.240.250'),
(86, 1, 0, '2017-01-28 05:23:14', '2017-02-03 11:17:05', '114.69.240.250'),
(87, 1, 0, '2017-01-28 07:45:15', '2017-02-03 11:17:05', '114.69.240.250'),
(88, 1, 0, '2017-01-28 08:47:03', '2017-02-03 11:17:05', '114.69.240.250'),
(89, 1, 0, '2017-01-28 10:11:25', '2017-02-03 11:17:05', '114.69.240.250'),
(90, 1, 0, '2017-01-30 06:40:51', '2017-02-03 11:17:05', '122.168.197.234'),
(91, 1, 0, '2017-01-31 05:45:31', '2017-02-03 11:17:05', '114.69.240.250'),
(92, 1, 0, '2017-01-31 05:45:48', '2017-02-03 11:17:05', '114.69.240.250'),
(93, 1, 0, '2017-02-01 06:04:56', '2017-02-03 11:17:05', '122.168.197.234'),
(94, 1, 0, '2017-02-01 10:37:34', '2017-02-03 11:17:05', '114.69.240.250'),
(95, 1, 0, '2017-02-02 06:06:30', '2017-02-03 11:17:05', '114.69.240.250'),
(96, 1, 0, '2017-02-02 06:25:12', '2017-02-03 11:17:05', '122.168.197.234'),
(97, 1, 0, '2017-02-03 04:41:03', '2017-02-03 11:17:05', '122.168.197.234'),
(98, 1, 0, '2017-02-03 06:28:50', '2017-02-03 11:17:05', '114.69.240.250'),
(99, 1, 0, '2017-02-04 04:34:47', '2017-02-15 10:06:03', '122.168.197.234'),
(100, 1, 0, '2017-02-04 08:01:14', '2017-02-15 10:06:03', '114.69.240.250'),
(101, 1, 0, '2017-02-08 08:58:55', '2017-02-15 10:06:03', '122.168.197.234'),
(102, 1, 0, '2017-02-09 05:58:29', '2017-02-15 10:06:03', '114.69.240.250'),
(103, 1, 0, '2017-02-13 09:15:25', '2017-02-15 10:06:03', '122.168.197.234'),
(104, 1, 0, '2017-02-15 09:20:07', '2017-02-15 10:06:03', '114.69.240.250'),
(105, 1, 0, '2017-02-18 05:56:57', '2017-03-01 05:49:36', '114.69.240.250'),
(106, 1, 0, '2017-02-23 05:55:07', '2017-03-01 05:49:36', '114.69.240.250'),
(107, 1, 0, '2017-02-23 05:55:20', '2017-03-01 05:49:36', '114.69.240.250'),
(108, 1, 0, '2017-02-23 05:55:46', '2017-03-01 05:49:36', '114.69.240.250'),
(109, 1, 0, '2017-02-23 06:05:44', '2017-03-01 05:49:36', '114.69.240.250'),
(110, 1, 0, '2017-02-23 06:05:56', '2017-03-01 05:49:36', '114.69.240.250'),
(111, 1, 0, '2017-02-23 06:06:13', '2017-03-01 05:49:36', '114.69.240.250'),
(112, 1, 0, '2017-02-23 06:06:34', '2017-03-01 05:49:36', '114.69.240.250'),
(113, 1, 0, '2017-02-23 06:06:49', '2017-03-01 05:49:36', '114.69.240.250'),
(114, 1, 0, '2017-02-23 06:12:32', '2017-03-01 05:49:36', '114.69.240.250'),
(115, 1, 0, '2017-02-23 06:12:47', '2017-03-01 05:49:36', '114.69.240.250'),
(116, 1, 0, '2017-02-23 06:12:47', '2017-03-01 05:49:36', '114.69.240.250'),
(117, 1, 0, '2017-02-23 06:13:01', '2017-03-01 05:49:36', '114.69.240.250'),
(118, 1, 0, '2017-02-23 06:13:27', '2017-03-01 05:49:36', '114.69.240.250'),
(119, 1, 0, '2017-02-23 06:16:13', '2017-03-01 05:49:36', '114.69.240.250'),
(120, 1, 0, '2017-02-23 06:16:26', '2017-03-01 05:49:36', '114.69.240.250'),
(121, 1, 0, '2017-02-23 06:20:19', '2017-03-01 05:49:36', '114.69.240.250'),
(122, 1, 0, '2017-02-23 06:47:12', '2017-03-01 05:49:36', '114.69.240.250'),
(123, 1, 0, '2017-02-25 05:43:18', '2017-03-01 05:49:36', '114.69.240.250'),
(124, 1, 0, '2017-02-28 07:57:40', '2017-03-01 05:49:36', '114.69.240.250'),
(125, 1, 0, '2017-03-01 05:45:11', '2017-03-01 05:49:36', '114.69.240.250'),
(126, 1, 0, '2017-03-01 05:49:43', '2017-03-14 17:00:15', '114.69.240.250'),
(127, 1, 0, '2017-03-01 09:05:45', '2017-03-14 17:00:15', '114.69.240.250'),
(128, 1, 0, '2017-03-01 09:39:18', '2017-03-14 17:00:15', '114.69.240.250'),
(129, 1, 0, '2017-03-01 10:06:27', '2017-03-14 17:00:15', '114.69.240.250'),
(130, 1, 0, '2017-03-02 06:17:45', '2017-03-14 17:00:15', '114.69.240.250'),
(131, 1, 0, '2017-03-04 05:44:31', '2017-03-14 17:00:15', '114.69.240.250'),
(132, 1, 0, '2017-03-04 07:51:24', '2017-03-14 17:00:15', '114.69.240.250'),
(133, 1, 0, '2017-03-08 05:48:15', '2017-03-14 17:00:15', '114.69.240.250'),
(134, 1, 0, '2017-03-08 06:36:00', '2017-03-14 17:00:15', '114.69.240.250'),
(135, 1, 0, '2017-03-09 10:26:31', '2017-03-14 17:00:15', '122.168.197.234'),
(136, 1, 0, '2017-03-14 16:30:27', '2017-03-14 17:00:15', '::1'),
(137, 1, 0, '2017-03-16 12:05:41', '2017-03-22 12:45:34', '::1'),
(138, 1, 0, '2017-03-17 10:54:57', '2017-03-22 12:45:34', '::1'),
(139, 1, 0, '2017-03-18 11:16:01', '2017-03-22 12:45:34', '::1'),
(140, 1, 0, '2017-03-22 11:57:43', '2017-03-22 12:45:34', '::1'),
(141, 1, 1, '2017-03-27 10:21:19', NULL, '::1');

-- --------------------------------------------------------

--
-- Table structure for table `l_books`
--

CREATE TABLE IF NOT EXISTS `l_books` (
  `book_id` int(11) NOT NULL AUTO_INCREMENT,
  `title` varchar(1000) NOT NULL,
  `author` varchar(1000) NOT NULL,
  `description` text NOT NULL,
  `category_id` int(5) NOT NULL,
  `added_by` int(11) NOT NULL,
  `added_at_timestamp` timestamp NOT NULL DEFAULT CURRENT_TIMESTAMP ON UPDATE CURRENT_TIMESTAMP,
  PRIMARY KEY (`book_id`)
) ENGINE=InnoDB  DEFAULT CHARSET=latin1 AUTO_INCREMENT=195 ;

--
-- Dumping data for table `l_books`
--

INSERT INTO `l_books` (`book_id`, `title`, `author`, `description`, `category_id`, `added_by`, `added_at_timestamp`) VALUES
(1, 'My music My Life', 'Pt Ravishankar', 'My music about Ustad', 2, 1, '2016-12-28 10:00:31'),
(35, 'nurse ke liye physics', 'DR.SUNITA FANNIS', 'PAGE NO.67, COST-75, EDITION-2011, PUBLICATION-N.R.BROTHERS INDORE', 1, 2, '2017-01-20 06:33:00'),
(36, 'NURSE KE LIYE CHEMISTRY', 'DR.SUNITA FUNNIS', 'PAGE NO.115, COST-75, EDI.-2011, PUBLICATION-N.R.BROTHERS INDORE', 1, 2, '2017-01-20 06:37:48'),
(37, 'NURSE KE LIYE SAMAJSASTRA', 'GAGAN HINDUJA', 'PAGE NO.-243, COST-140, EDI.-2013, PUBLISER-N.R .BROTHERS INDORE', 1, 2, '2017-01-20 06:41:10'),
(38, 'NURSE ARTS PROSIGERS', 'SISTER NENSSI', 'PAGE NO.-508, COST-290, EDITION-2013, PUBLISER-N.R.BROTHERS INDORE', 1, 2, '2017-01-20 06:44:13'),
(39, 'AAHAR AND POSHAN', 'DR.SWAMINATHAN', 'PAGE NO.-368, COST-200, EDI.-2012, PUBLISER-N.R.BROTHERS INDORE', 1, 2, '2017-01-20 06:47:29'),
(40, 'Formacology ', 'K.C.Saxena, O.P.Yadav', 'Page No.-188, Cost-120, Edi.-2012, Published-N.R.Brothers Indore ', 1, 2, '2017-01-20 06:51:55'),
(41, 'Nurses Dictonary', 'Balliers', 'Page No.-435, Cost-200, EDI-2012, PUB.-N.R.Brothers Indore', 1, 2, '2017-01-20 06:55:17'),
(42, 'Sarir Sambandhit Gayan', 'Cathrin Armstronge ,Sheela m.jaksan', 'Page No.-274, Cost-175, EDI.-2012, PUB.-N.R.Brothers Indore  ', 1, 2, '2017-01-20 07:00:59'),
(43, 'Community Helth Nursing (first part)', 'Keshav Swarnakar', 'Page No.-982, Cost-460, EDi.-2012 -PUB.-N.R.Brothers Indore', 1, 2, '2017-01-20 07:06:52'),
(44, 'Obstatrical Nursing', 'Vihtier & Hechison', 'Page No.-121, Cost-100, EDI.-2011, PUB.-N.R.Brothers Indore ', 1, 2, '2017-01-20 07:10:19'),
(45, 'Medical SurgicaL nursing', 'Bhateda & Pai', 'page No.-450, Cost-290, EDI.-2012, PUB.-N.R.Brothers indore', 1, 2, '2017-01-20 07:15:06'),
(46, 'nursing ke mool sidthanth senior nursing prosigers ', 'sister nennsi', 'page no.-477, cost-290, edi.-2012, publiser-n.r.brothers indore', 1, 2, '2017-01-20 07:18:46'),
(47, 'manovigyan & manoswasth', 'Dr.ramnath sharma', 'page no.-253, cost-150, Edi.-2012, publiser-n.r.brothers indore', 1, 2, '2017-01-20 07:23:43'),
(48, 'sishu parichariya', 'jekab & singh', 'page no.-596, cost-300, Edi.-2012, publiser-n.r.brothers indore', 1, 2, '2017-01-20 07:26:10'),
(49, 'psychiatry', 'A.bekova Rao', 'page no.-256, cost-160, Edi.-2014, publiser-n.r.brothers indore', 1, 2, '2017-01-20 07:32:19'),
(50, 'prathmik sahayta & sankatkalin dekhbhal ', 'Omprakash yadav', 'page no.-324, cost-150, Edi.-2012, Publiser-N.R.Brothers Indore', 1, 2, '2017-01-20 07:36:21'),
(51, 'Midvailj ke liye pathyakrama', 'Margrent f. mailse', 'page no.-822, cost-450, Edi.-2012, publiser-N.R.Brothers Indore', 1, 2, '2017-01-20 07:41:43'),
(52, 'community helth nursing (second part)', 'keshav swannkar', 'page no.-822, cost-450, Edi.-2012, publiser-N.R.Brothers Indore', 1, 2, '2017-01-20 07:47:46'),
(53, 'community health nursing', 'swankars', 'page no.-991, cost-500,-EDN,2011- PUB,-N.R.Brothers Indore', 1, 2, '2017-01-20 08:00:45'),
(54, 'pharmacology', 'Chandrakant', 'page no.-227, cost-150, Edi-2012, Publiser-N.R.Brothers Indore', 1, 2, '2017-01-20 08:05:40'),
(55, 'Geneties for nurses', 'Dr.Rajesh jain', 'page no.-144, cost-175, Edi.-2010, Publiser-N.R.brothers Indore', 1, 2, '2017-01-20 08:08:32'),
(56, 'Obstetrical nursing', 'whitter & hutcheson', 'page no.-120, cost-100, Edi.-2010, Publiser-N.R.Brothers Indore', 1, 2, '2017-01-20 08:12:37'),
(57, 'Psychology & mental hygien for nurses', 'Kamayani mahodaya', 'page no.-272, cost-150, Edi.-2011, Publiser-N.R.Brothers Indore', 1, 2, '2017-01-20 08:16:43'),
(58, 'Psychiatric nursing', 'R.Baby', 'page no.-330, cost-175, Edi.-2010, Publiser-N.R.Brothers Indore', 1, 2, '2017-01-20 08:20:22'),
(59, 'Nursing Arts producer-1', 'Sr.Nancy', 'page no.-714, cost-300, Edi.2012, publiser-N.R.Brothers Indore', 1, 2, '2017-01-20 08:25:20'),
(60, 'Senior nursing producer-2', 'Sr.Nancy', 'page no.-648, cost-290, Edi.-2012, Publiser-N.R.Brothers Indore', 1, 2, '2017-01-20 08:31:45'),
(61, 'Microbiology for nurses', 'Jyoty naik shella Rao', 'page no.-313, cost-175, Edi.-2011, Publiser-N.R.Brothers Indore', 1, 2, '2017-01-20 08:46:27'),
(62, 'Sociology for nurses', 'K.p.pothen, S.pothen', 'page no.-268, cost-140, Edi.2011, Publiser-N.R.brothers Indore', 1, 2, '2017-01-20 08:52:23'),
(63, 'Firest Aiod & Emergency care', 'Ajay Singh ', 'Page,-315 Cost,-130EDn. 2011 Pub,-N.R.Brothers Indore', 1, 2, '2017-01-20 09:50:00'),
(64, 'English for Nurse', 'Subrato guha', 'Pages 247,-cost,-15o,- Edn.2012,-Pub,-N.R.Brothers .', 1, 2, '2017-01-20 10:01:42'),
(65, 'A Habdbook of Midwifery', 'C.Berkeley', 'Page,263 Cost,200,-Edn,-2012 Pub,-N.R.Brothers', 1, 2, '2017-01-20 10:15:15'),
(66, 'Biochemistry for Nurse', 'Ankike Lotra  & Seema kelotra', 'Page 263,- Cost 200,- Edn. 2012 - Pub,- N.R.Brothers', 1, 2, '2017-01-21 06:33:13'),
(67, 'Paediatric Nursing', 'Jacob and Singh', 'Pages 561,- Cost 300,- Edn.2012- Pub.-N.R.Brothers.', 1, 2, '2017-01-21 06:38:37'),
(68, 'Nutrition Essn Nursinh Pra.', 'Rashmi  Ahuja', 'Page  300,-Cost,-300,- Edn.2014,.- Pub.Anmol Publication', 1, 2, '2017-01-21 07:03:50'),
(69, 'fundamental of nursing', 'sanjeev singh', 'page no.-299, cost-200, Edi.-2012, publiser-Anmol publication Indore', 1, 2, '2017-01-21 07:06:46'),
(70, 'Human anatomy with 1 cd', 'B.D. chaurasiya', 'page no.-311, cost-549, publiser-CBS publication,', 1, 2, '2017-01-21 07:09:34'),
(71, 'Manovigyn & samajshatra', 'Dr.ramnath sharma', 'page no.-175, cost-175, publication-prakhar publication', 1, 2, '2017-01-21 07:20:39'),
(72, 'Health promation', 'Sister nanncy', 'page no.-168, cost-195, publiser-prakhar publicaton', 1, 2, '2017-01-21 07:26:46'),
(74, 'Medical sarjical', 'Sister nanncy', 'page no.-231, cost-195, publiser-prakhar publication', 1, 2, '2017-01-21 08:13:39'),
(75, 'Anatomy,Physiology & Microbiology', 'Prakhar Quick Review2nd', 'pages 204,- Cost 175,- Pub.-Prakhar Publishers Gwalior', 1, 2, '2017-01-23 07:06:33'),
(76, 'Mental Health and Psychatric Nursing', 'Prakhar Quick Review', 'Page,-188 Price,-175 Pub Gwalior', 1, 2, '2017-01-23 07:15:04'),
(77, 'Midwifery', 'Prakhar', 'Page310,- Cost 240 Pub-Gwalior Ed.Hindi', 1, 2, '2017-01-23 07:25:28'),
(78, 'Pediatric Nursing', 'Prakhar Quick Review', 'Page 200,- Cost  -195,- Pub-Gwalior', 1, 2, '2017-01-23 07:31:44'),
(79, 'Community Health Nursing', 'Prakhar ', 'Page194 Cost,- 175,-  Pub Gwalior Ed.-2nd', 1, 2, '2017-01-23 07:42:24'),
(80, 'Community Health Nursing', 'Prakhar uick Review', 'Page 168  Cost - 140  Ed. Gwalior ', 1, 2, '2017-01-23 07:44:33'),
(81, 'Medical Surgical Nursingh 11nd', 'Prakhar', 'page Cost 175 Edn. Gwalior  Prakhar Publichan', 1, 2, '2017-01-23 07:51:20'),
(82, 'Fundamentals of Nursing Hindi 2nd', 'Prakhar Quick Revieqw', 'Pafge- 190,.  Cost,.-  175-  Edn.  Gwalior Prakhar quick Review.', 1, 2, '2017-01-23 08:04:21'),
(83, 'Child Health Nursing', 'Prakhar Quick Review', 'Page  70  Cost 80,- Edn.   Pub - prakhar gwalior.', 1, 2, '2017-01-23 08:12:02'),
(84, 'Helth Center Manegement', 'Prakhar Publication', 'Page  78,-  Cost  85,-  Ed.  pub,- Gwalior', 1, 2, '2017-01-23 08:37:00'),
(85, 'Primari Helth Care', 'Prakhar ', 'Page 311  Cost  275,.- Ed.  Pub,. Gwalior', 1, 2, '2017-01-23 08:39:00'),
(86, 'Test Book of  Community Helth', 'PrakharPublication', 'Page  311  Cost  275  Ed,  Pub  gwalior', 1, 2, '2017-01-23 08:42:42'),
(87, 'Kuposhith Balako ka Aahar', 'Sulthana  Khanam', 'Page - 42  Cost  -75  Ed.-  pub,.- N.R.Brothers Indore', 1, 2, '2017-01-23 08:49:58'),
(88, 'Aayush   for  Helth  worker', 'N.R.brothers', 'Page  132   Cost  75  Ed.  pub,.-  Indore', 1, 2, '2017-01-23 08:59:46'),
(89, 'Applied Physics  for  Nursing', 'D.R.Sanjeev Naik', 'Page 134  Cost  80,.- Ed,.-  Pub-. N.R.Nursing for nursing', 1, 2, '2017-01-23 09:03:40'),
(90, 'Prasav Sambanti Gayan', 'Jalet avam Dansan', 'Page,.- 82  Cost.,-  75  Ed,.- 15th  Pub-N.R.Brathers Indore.', 1, 2, '2017-01-23 09:07:26'),
(91, 'IMNCI Head Book', 'N.R.Brothers', 'Page,- 82  Cost,.-  75  Ed.  Pub- N.R.Brothers Indore.', 1, 2, '2017-01-23 09:11:04'),
(92, 'Shistachar', 'N.R.Brother', 'Page  60  Cost  25,-  ED.-  Pub- N.R.Brothers indore', 1, 2, '2017-01-23 09:17:13'),
(93, 'Nursing  Prashasan.', 'H.N. Gojard', 'Page 105 Cost  90  Edn.-  Pub- N.R.Brothers Indore.', 1, 2, '2017-01-23 09:20:15'),
(94, 'Obestetrical  Nursing', 'Hiliard  Hutcheson', 'Page 120,-  Cost.- 100.  Edn.   Pub- N.R.Brothers Indore.', 1, 2, '2017-01-23 09:26:48'),
(95, 'Theatre  Technique.', 'Eileen  Dixon.', 'Page 294  Cost,- 140.,  Edn.-  Pub- N.R.Brothers indore', 1, 2, '2017-01-23 09:32:21'),
(96, 'Phychology for Graduate Nurses.', 'Gita Narhari.', 'Pages,-255, Cost-150,-  Edn. Pub,- N.R.Brothers indore.', 1, 2, '2017-01-23 09:35:33'),
(97, 'Professional Adjustment and word management.', 'Zwemer and Finkbiner.', 'Page,- 170,  Cost,- 140,.-  Edn.-  2012.  Pub-N.R.Brothers.', 1, 2, '2017-01-24 06:04:23'),
(98, 'Professional Adjustment and word management.', 'Zwemer and Finkbiner.', 'Page,- 170,  Cost,- 140,.-  Edn.-  2012.  Pub-N.R.Brothers.', 1, 2, '2017-01-24 06:04:49'),
(99, 'Communicable Disceses.', 'Meenakshi masih.', 'Pages.- 395, Cost,- 200,- Edn- 2008,  Pub-N.R.Brothers.', 1, 2, '2017-01-24 06:11:25'),
(100, 'Manovigan & manoswasth', 'Dr.Ramnath Sharma.', 'Page,- 2014,  Cost,-  150,  Edn,- 2012, Pub,-N.R.brothers.', 1, 2, '2017-01-24 06:14:35'),
(101, 'varthalap karne ke  khala.', 'P.R.Maheshwari', 'Page, 78,. Cost., 25,- Edn.2006, N.R.Brothers.', 1, 2, '2017-01-24 06:30:35'),
(102, 'Bhartiya Naruse keliye patpustak.', 'Fitmen avam Jeywar', 'Page.- 300,- Cost,.- 200,- Edn-2011, pub-N.R.Brothers.', 1, 2, '2017-01-24 06:35:05'),
(103, 'intership  Nursing.', 'Kumar and Thomas.', 'Page,- 408,  Cost, 220,  Edn, 2012  Pub,-N.R.Brothers.', 1, 2, '2017-01-24 06:58:26'),
(104, 'Text book of Communty Helth.', 'Ketkar.', 'Page,- 408,- Cost,- 220,- Edn. 2012  Pub-N.R.Brothers Indore.', 1, 2, '2017-01-24 08:02:49'),
(105, 'Sociology for Graduate Nurses.', 'S.Pothen.', 'Page.- 487,- Cost,- 240-  Edn.- 2012- Pub-,N.R.Brothers.', 1, 2, '2017-01-24 08:05:44'),
(106, 'A Text book for Auxiliary Nurse Midwives.', 'A. M. Chokley.', 'Page,- 436,- Cost,- 240,- Edn. 2004   Pub-N.R.brothers Indore.', 1, 2, '2017-01-24 08:11:49'),
(107, 'A Text book  of Helth worker Vol.1st.', 'A.M.Chokly', 'Page,- 436,- Cost,- 240- Edn.1988  Pub-N.R.Brothers Indore.', 1, 2, '2017-01-24 08:16:07'),
(109, 'Establishment and Managment of Nursing Homes', 'Dr.Rajendra K. Lahoti.', 'Page  248  Cost 250  Edn. 1994  Pub N.R.Brothers', 1, 2, '2017-01-25 07:23:18'),
(111, 'Commonication Technogy for Nursing.', 'Anisha Maheswari.', 'Page 496  Cost 280  Edn. 2011  Pub,-N.R,Brothers Indore,', 1, 2, '2017-01-25 07:30:52'),
(112, 'Physics in Nursing ', 'Hessel Howaed Flitter', 'Pages 288  cost 250  Edn ,   Pub-N.R.Brothers.', 1, 2, '2017-01-25 09:49:08'),
(113, 'Medical Nursing.', 'by Newton.', 'Pafges ,- 278, Cost,-  200.  Edn.-  Pub.- N.R.Brothers Indore.', 1, 2, '2017-01-27 06:30:10'),
(114, 'medical Surgical Nursing 11nd', 'Prakhar.', 'Pages 192  Cost,- 175,-  Edn.,  pub,- n.R.Brothers Indore.', 1, 2, '2017-01-27 06:32:46'),
(115, 'Human Anotomy Practice Workoer.', 'Abrar Ahammed.', 'Pages,- 56.  Cost,- 75,-  Edn,- 2014-15, Pub-Vardhan Publishers Distributres Jaipur.- ', 1, 2, '2017-01-27 06:40:07'),
(116, 'Sociology and Psychology.', 'Preeti Agrawal', 'Pages,- 208,- Cost,- 250- Edn.2014,- Pub,- Jain Publication Jaipur.', 1, 2, '2017-01-27 06:42:33'),
(117, 'Socology and Psychology.', 'R.S.Sharma,', 'Pages.- 203,  cost,- 250,-  Edn,- 2013,- Pub-Vardhan publishers Jaipur.', 1, 2, '2017-01-27 06:45:50'),
(118, 'Human Anotomy $ Physiology', 'Mukesh kumar Chipa', 'Pages,- 17.20,- Cost,- 300,- Edn,- 2014,- Pub-Jain Publication Jaipur.', 1, 2, '2017-01-27 06:49:23'),
(120, 'midwifry case record', 'Experienced Nursing Professional', 'cost-200, Edi...., Publiser-N.R.brothers Indore', 1, 2, '2017-01-27 07:01:38'),
(121, 'Community health-1st. ', 'Preety Agarwal', 'page no.-654, cost-400, publiser-Jain publication Jaipur, Edi-2014', 1, 2, '2017-01-27 07:04:55'),
(122, 'Midwifry (obstericad Gynecological)', 'Preety Agarwal ', 'page no.-17.18, cost-450, Edi.-2014, publiser- Jain pub. Jaipur', 1, 2, '2017-01-27 07:10:03'),
(123, 'Nursing ke mool sithanth', 'Minakshi kubde', 'page no.-528, cost-350, Edi.-2015, publiser- Jain pud. Jaipur', 1, 2, '2017-01-27 07:12:06'),
(124, 'Intership book for G.N.M.', 'Govind prasad sharma', 'page no.-376, cost-275, Edi.-2015, publiser-Jain pub. Jaipur', 1, 2, '2017-01-27 07:14:02'),
(125, 'Manovigyan & samajsastra', 'Preety agarwal', 'page no.-270 ,  cost-300, Edi.-2015, publication- jain pub. Jaipur', 1, 2, '2017-01-27 07:19:23'),
(126, 'Samudaik swasth nursing-1st ', 'Preety agarwal, Vinod gupta, yogesh gupta', 'page no.-576, cost-400, Edi.-2015, publiser-Jain pub. Jaipur', 1, 2, '2017-01-27 07:22:48'),
(127, 'Manav sarir rachna & kiryavigyan', 'Mukesh kumar chipha', 'Cost-520, Edi-2015, publiser-jain pub. Jaipur', 1, 2, '2017-01-27 07:25:23'),
(128, 'Prathmik shayta & sankatkalin dekhbhal', 'Dr. omkrash yadav', 'page no.-324, cost-160, Edi.-2014, publiser-N.R. Brothers Indore', 1, 2, '2017-01-27 07:33:51'),
(129, 'Microbiology', 'Parker & stak', 'page no.-189, cost-150, Edi.-2013, publiser- N.R. brothers Indore', 1, 2, '2017-01-27 07:36:27'),
(130, 'Baliars nurses dictionary', 'Anil kumar', 'page no.-435, cost-200, Edi.-2012, publiser-N.R. brothers Indore', 1, 2, '2017-01-27 07:40:20'),
(131, 'Community health nursing 1st part', 'Keshav swarnkar', 'page no.-622, cost-525, Edi.-2014, pudliser-N.R. brothers Indore', 1, 2, '2017-01-27 07:42:36'),
(132, 'Nurses ke liye samaj shastra', 'Gagan Hinduja', 'page no.-243, cost-150, Edi-2013, publiser-N.R. brothers Indore', 1, 2, '2017-01-27 07:45:28'),
(133, 'Nurses ke liye manogyan & manoswasth', 'Dr.ramnath sharma', 'page no.-253, cost-160, Edi.-2014, publiser-N.R. brothers Indore', 1, 2, '2017-01-27 07:49:55'),
(134, 'Aahar & poshan', 'M.Swaminathan', 'page no.-368, cost-220, Edi.-2014, publiser-N.R.brothers Indore', 1, 2, '2017-01-27 07:53:50'),
(135, 'Pharmacology', 'Dr.K.C.saxena ', 'Pages 188,-  Cost,- 130,- Edn,- 2013 Pub N.R.Brothers', 1, 2, '2017-01-27 07:58:29'),
(136, 'Nursing ke Mool Sindhanth1st Nursing Arts Progisurces', 'Sister Nencey.', 'Pages 508,- Cost, 300-, Edn,2015,. Pub. N.R.Brothers', 1, 2, '2017-01-27 08:03:06'),
(137, 'Entership Book far G.N.M  ', 'Govind Prased', 'Pages- 376  Cost,- 275- Edn,2015 Pub-Jain Publicatiob', 1, 2, '2017-01-27 08:07:12'),
(138, 'Mansik Swasth & manorog Nursing.', 'Govind Prasad Sharma.', 'Pages,-326  cost,- 250,-  Edn,. 2014  Pub-Jain publication Jaipur.,- ', 1, 2, '2017-01-27 08:12:28'),
(139, 'Medical Surgical Nursing', 'J.M.varana', 'Pages 263  Cost  300  Edn.2013   Pub Jain Publication Jaipur.', 1, 2, '2017-01-27 08:14:25'),
(140, 'Nursing dayary', 'DR.VISHAL TAK', 'Pages 284  Cost 225,- Edn.2015Pub Vardhan Publication.', 1, 2, '2017-01-27 08:31:46'),
(141, 'Bal swasth Nursing', 'Dr.Madan Singh Famediya', 'Pages 47.14  Cost 200,- Edn,- 2010, publiser-vardan pub. Jaipur  ', 1, 2, '2017-01-27 09:05:31'),
(142, 'Midwaifari prastuti & striroug vigyan.', 'surekha kumari meena, Hemnth Kumar Meena,', 'Page, 1514,  Cost,- 350,-  Edn, 2013  Pub Vardan publication Jaipur.', 1, 2, '2017-01-30 07:29:19'),
(144, 'Community Helth Nursing 1st.', 'Keshav Swarnkar ', 'Pages,- 622  Cost  525=00  Edn,- 2014. Pub- N.R.brothers.', 1, 2, '2017-01-30 07:39:48'),
(145, 'Community Helth Nursing.', 'Keshav Swarnkar', 'Page 550  Cost 340=00  Edn.2014 Pub N.R.Brothers', 1, 2, '2017-01-30 07:43:26'),
(146, 'Community Nuring ', 'Keshav Swarnkar.', 'Pages-, 550,-  Cost,- 340,  Edn, 2014  pub N.R.Brothers.', 1, 2, '2017-01-30 07:47:22'),
(147, 'Sishu Parichaya ', 'dr. Samgram Sangram.', 'Pages 596  Cost 330 =00 Edn, 2015Pub N.R.brothers.', 1, 2, '2017-01-30 07:54:44'),
(148, 'Nursing Arts Progisers', 'sister Nency.', 'Pages 508  Cost 300=00 Edn,- 2015  Pub-N.R.Brothers.', 1, 2, '2017-01-30 07:57:54'),
(149, 'Nursing  Arts Procezar.', 'sister Nency ', 'Pages 508 Cost 300=00 Edn-, 2015 Pub-N.R.Brothers.', 1, 2, '2017-01-30 08:01:14'),
(151, 'Psychiatry', 'A.Vekorao', 'Pages 256,- Cost,- 170-, Edn.2014 Pub n.R.Brothers.', 1, 2, '2017-01-30 08:31:11'),
(152, 'Manav Sareer Rachana & Criya Vigan ', 'dr. Aanand Prakash', 'Pages,- 256,  Cost, 300=00 Edn-2013 pub Sumit Prakashan.', 1, 2, '2017-01-30 08:34:07'),
(155, 'Operation theatre Technique and Management.', 'Dr. R.K. Sharma .', 'Page, 340,-  Cost-, 390, edn,- 2015 Pub  Medico refeshar.', 1, 2, '2017-01-30 09:57:29'),
(156, 'Operation theater Technique and managment.', 'Dr.G..Sharma.', 'Pages. 411,- cost,- 415,  Edn,  publ-MedicoRefesher.', 1, 2, '2017-01-30 10:05:08'),
(157, 'Medical Laboratory somple volume  ', 'Ramnik Sood', 'Page 808  Cost -  Edn-,  Pub,- Lodon Publication Panama Volum !st   NEW DELHI.', 1, 2, '2017-01-31 06:47:37'),
(158, 'Medical Laboratory Technology Methods and interpretation', 'Sood.', 'Pages, 1670,  Cost,-   Edn,-  Pub,- London Phlielphia Panama Volum- 11nd,  ', 1, 2, '2017-01-31 06:51:44'),
(159, 'Naidanik chkilsa vigan opayog shala taknik prastuti.', 'B.S.Talib', 'Page 343.  Cost,-  Edn,-  Pub- Deli', 1, 2, '2017-01-31 06:59:34'),
(160, 'Clinical lab0rtatry Science and molecular Diagnosis ', 'Praful B.Godkar Darshan P.Godkar.', 'Page 840,  Cost,-   Endn,- pub,- Mumbai Vol,1st', 1, 2, '2017-01-31 07:02:54'),
(161, 'Clinical Laboratory Science Diagnosis Volum 2nd.', 'Praful B. Godkar Darshan p. Godkar.', 'Page, 1648  Cost,  Edn,-  pub,-  mumbay,', 1, 2, '2017-01-31 07:07:18'),
(162, 'Nursing ke Mool Sindhanth ,', 'Denesh Sharma,', 'Page,- 8.82  Cost, 400=00,  Edn, 2015, Pub,- Jain,pun- Jaipur,', 1, 2, '2017-01-31 07:31:17'),
(163, 'Community Helth Nursing 2nd.', 'Preeti Agrawal,Vinod Gupta,Yogesh Gupta,.', 'Page,,- 391,  Cost, 300=00, Edn, 2016, Pub Jaipur.', 1, 2, '2017-01-31 07:39:55'),
(170, 'Nusing ke Moolsidanth.', 'Meenakshi Kubade,', 'Page, 540,  Cost, 350=00,  Edn, 2016,  Pub,  Jaipur ', 1, 2, '2017-02-01 06:20:53'),
(171, 'Midwaifary .', 'Preeti Agrawal, Vinod Gupta,Yogesh Gupta,', 'Page,  17.16,  Cost,-  450=00, Edn, 2016, Pub, Jaipur,', 1, 2, '2017-02-01 06:24:21'),
(172, 'Community  Helth  Nursing. 1 st.', 'Preeti Agrawal, Vinod Gupta, Yogesh Gupta,', 'Page s, 576,  Cost, 400=00  Edn, 2016, Pub-Jaipur,', 1, 2, '2017-02-01 06:36:03'),
(173, 'Manav shareer rachana avam kreya vigan.', 'Mukesh kumar cheepa.', 'Pages,  14.22,  Anatomy References pages-(A1 to (B)4, Microbiology page, 1 to 52. Cost-350=00, Edi.-2016, Pub.-Jaipur.', 1, 2, '2017-02-01 06:46:45'),
(174, 'Manovigan avam samaj sastra.', 'Preeti Agrawal ,Radhey sayam AGRAWAL', 'pAGES, 182,  cOST, 300=00,  End,- 2016 Pub-, Jain publication.', 1, 2, '2017-02-04 08:10:12'),
(175, 'Manavshareer Rachana avam kreya vigan', 'Javed Aktar Nakvi', 'Pages,- 14.24, microw bio 1 to 60  Anotamy Reference 1 to 27,  cost 350=00 Edn, 2017 pub Jaipur,', 1, 2, '2017-02-04 08:23:28'),
(176, 'Medical Surgiical Nursing', 'Preeti Agrawal vinod Gupta Aajit singh chudari', 'Page , 655, Cost 700=00, Edn, 2017, Pub  Jaipur,', 1, 2, '2017-02-04 08:54:08'),
(177, 'Bharthiya shiksha ka etihas  B.ED. 20 13-14.', 'B.p.johari', 'Page.No.  Price 160=00  PUB.Name AGRA ', 1, 2, '2017-02-22 07:59:43'),
(178, 'Bhartiya shksha our uski samsya  B.ED. 2013-14', 'P.D.Patak', 'Page No, Price, 250=00, Pub ,-Agra  EDn, No', 1, 2, '2017-02-22 08:04:33'),
(179, 'Bhartiya shisha ki samayiki samsya', 'Dr. rampal pande', 'Page Nil  Price  160=00 Pub-Agra', 1, 2, '2017-02-22 08:26:00'),
(181, 'Rashtra Bhasha ki shiksha . ed 2013-14', 'Dr. N.K.Mukarji', 'Page No- , Price 100=00, EDn,-  Pub-Agra', 1, 2, '2017-02-22 08:36:22'),
(182, 'Bharat  may shiksha vyavsta ka vikas', 'Dr. Ram Rawal Pandaya', 'Page, No. Price 100=00 Endt.  Pub  Agra ', 1, 2, '2017-02-22 08:42:35'),
(184, 'Bharat may shiksha vyawasta ka vikas wa samasyein', 'poonam Madan', 'Page  Edn, Place and pub- Agra Price 100=00', 1, 2, '2017-02-23 09:36:55'),
(185, 'Bharat may shiksha vyavsta ka vikas va samasya', 'Gurusarandas tayagi', 'page ------ price = 160/- PUB - AGRA ED---------', 1, 2, '2017-02-25 06:54:07'),
(186, 'BHARAT KA SHEKSHIK VYAVASHTHA KA VIKAS', 'SHIRESH PAL SINGH ', 'PAGE -----------\nPRICE=120.00\nPUB= AGRA \nED = ---------', 1, 2, '2017-02-25 06:59:02'),
(187, 'BHARATH MAY SHIKSHA KA VIKAS', 'DR.RAMSHVAL PANDEY', 'PAGE_, RATE,_100=00,  PUB,- AGRA ED,_', 2, 2, '2017-02-25 07:18:18'),
(188, 'SHIKSHAK TADHA MADHYAMIK SHIKSHA', 'S.S.MADHUR', 'PAGE.......\nPRICE, 80=00\nPUBLICAR, AGRAWAL\nPLACE, AGRA\nEDN,.............../', 1, 2, '2017-02-25 08:06:19'),
(189, 'UBHARATHE HUE BHARTIYA SAMAJ MAY SHIKSHA', 'DR.RAMSHAKAL PANDAY', 'PUBLISHER- AGRAWAL\nPLACE         - AGRA\nPRICE           - 250=00\nEDN................../', 1, 2, '2017-02-25 08:25:42'),
(190, 'UDHYAN BHARTIYA SAMAJ MAY SHISHAK', 'S.S.MADHUR.', 'PUBLICARS  AGRAWAL\nPLACE           AGRA\nPRICE             250-00\nEDN................/', 1, 2, '2017-02-25 08:28:19'),
(191, 'UDHYAN BHARTIYA SAMAJ MAY SHISHAK', 'S.P.RUHELA', 'PUBLISHERS      AGRAWAL\nPLACE                  AGRA\nPRICE                    170=00\nEDN...................../', 1, 2, '2017-02-25 08:31:59'),
(192, 'UDHYAN BHARIYA SAMAJ MAY SHIKSHA', 'J.C.AGRAWAL', 'PUBLISHERS    AGRAWAL\nPLACE                AGRA\nPRICE                  200=00\nEDN................./', 1, 2, '2017-02-25 08:35:49'),
(193, 'Shiksha tadha udiyan Bhartiya samaj', 'Dr. Rampal Singh Varma', 'PUBLISHER  AGRAWAL  PLACE  AGRA  PRICE 100=00   EDN    ', 1, 2, '2017-02-27 10:21:22'),
(194, 'BHARATH MAY SHKISHA VYAVSTA KA VIKAS VA ', 'POONAM MADAN', 'PUBLICANCE    ;   AGRAWAL\nPLANCE             ;   AGRA\nPRICE                  ;  180=00\nEDN                    ................', 1, 2, '2017-02-27 10:26:53');

-- --------------------------------------------------------

--
-- Table structure for table `l_book_categories`
--

CREATE TABLE IF NOT EXISTS `l_book_categories` (
  `id` int(5) NOT NULL AUTO_INCREMENT,
  `category` varchar(255) NOT NULL,
  PRIMARY KEY (`id`)
) ENGINE=InnoDB  DEFAULT CHARSET=latin1 AUTO_INCREMENT=3 ;

--
-- Dumping data for table `l_book_categories`
--

INSERT INTO `l_book_categories` (`id`, `category`) VALUES
(1, 'Journals'),
(2, 'Nobels');

-- --------------------------------------------------------

--
-- Table structure for table `l_book_issue`
--

CREATE TABLE IF NOT EXISTS `l_book_issue` (
  `issue_id` int(11) NOT NULL AUTO_INCREMENT,
  `book_id` int(11) NOT NULL,
  `available_status` tinyint(1) NOT NULL DEFAULT '1',
  `added_by` int(11) NOT NULL,
  `added_at_timestamp` timestamp NOT NULL DEFAULT CURRENT_TIMESTAMP ON UPDATE CURRENT_TIMESTAMP,
  PRIMARY KEY (`issue_id`)
) ENGINE=InnoDB  DEFAULT CHARSET=latin1 AUTO_INCREMENT=2152 ;

--
-- Dumping data for table `l_book_issue`
--

INSERT INTO `l_book_issue` (`issue_id`, `book_id`, `available_status`, `added_by`, `added_at_timestamp`) VALUES
(1, 1, 1, 1, '2016-12-28 10:14:05'),
(2, 1, 0, 1, '2016-12-28 10:10:48'),
(3, 1, 1, 1, '2016-12-28 10:00:31'),
(4, 1, 1, 1, '2016-12-28 10:00:31'),
(5, 1, 1, 1, '2016-12-28 10:00:31'),
(6, 1, 1, 1, '2016-12-28 10:00:31'),
(7, 1, 1, 1, '2016-12-28 10:00:31'),
(8, 1, 1, 1, '2016-12-28 10:00:31'),
(9, 1, 1, 1, '2016-12-28 10:00:31'),
(10, 1, 1, 1, '2016-12-28 10:00:31'),
(11, 1, 1, 1, '2016-12-28 10:00:31'),
(12, 1, 1, 1, '2016-12-28 10:00:31'),
(13, 1, 1, 1, '2016-12-28 10:00:31'),
(14, 1, 1, 1, '2016-12-28 10:00:31'),
(15, 1, 1, 1, '2016-12-28 10:00:31'),
(16, 1, 1, 1, '2016-12-28 10:00:31'),
(17, 1, 1, 1, '2016-12-28 10:00:31'),
(18, 1, 1, 1, '2016-12-28 10:00:31'),
(19, 1, 1, 1, '2016-12-28 10:00:31'),
(20, 1, 1, 1, '2016-12-28 10:00:31'),
(21, 2, 1, 1, '2016-12-28 10:10:31'),
(22, 2, 1, 1, '2016-12-28 10:10:31'),
(23, 2, 1, 1, '2016-12-28 10:10:31'),
(24, 2, 1, 1, '2016-12-28 10:10:31'),
(25, 2, 1, 1, '2016-12-28 10:10:31'),
(26, 2, 1, 1, '2016-12-28 10:10:31'),
(27, 2, 1, 1, '2016-12-28 10:10:31'),
(28, 2, 1, 1, '2016-12-28 10:10:31'),
(29, 2, 1, 1, '2016-12-28 10:10:31'),
(30, 2, 1, 1, '2016-12-28 10:10:31'),
(31, 2, 1, 1, '2016-12-28 10:10:31'),
(32, 2, 1, 1, '2016-12-28 10:10:31'),
(33, 2, 1, 1, '2016-12-28 10:10:31'),
(34, 2, 1, 1, '2016-12-28 10:10:31'),
(35, 2, 1, 1, '2016-12-28 10:10:31'),
(36, 2, 1, 1, '2016-12-28 10:10:31'),
(37, 2, 1, 1, '2016-12-28 10:10:31'),
(38, 2, 1, 1, '2016-12-28 10:10:31'),
(39, 2, 1, 1, '2016-12-28 10:10:31'),
(40, 2, 1, 1, '2016-12-28 10:10:31'),
(41, 3, 1, 2, '2016-12-29 05:57:33'),
(42, 3, 1, 2, '2016-12-29 05:57:33'),
(43, 3, 1, 2, '2016-12-29 05:57:33'),
(44, 4, 1, 2, '2016-12-31 08:10:11'),
(45, 4, 1, 2, '2016-12-31 08:10:11'),
(46, 4, 1, 2, '2016-12-31 08:10:11'),
(47, 4, 1, 2, '2016-12-31 08:10:11'),
(48, 4, 1, 2, '2016-12-31 08:10:11'),
(49, 4, 1, 2, '2016-12-31 08:10:11'),
(50, 4, 1, 2, '2016-12-31 08:10:11'),
(51, 4, 1, 2, '2016-12-31 08:10:11'),
(52, 4, 1, 2, '2016-12-31 08:10:11'),
(53, 4, 1, 2, '2016-12-31 08:10:11'),
(54, 5, 1, 2, '2017-01-03 08:24:27'),
(55, 5, 1, 2, '2017-01-03 08:24:27'),
(56, 5, 1, 2, '2017-01-03 08:24:27'),
(57, 5, 1, 2, '2017-01-03 08:24:27'),
(58, 5, 1, 2, '2017-01-03 08:24:27'),
(59, 5, 1, 2, '2017-01-03 08:24:27'),
(60, 5, 1, 2, '2017-01-03 08:24:27'),
(61, 5, 1, 2, '2017-01-03 08:24:27'),
(62, 5, 1, 2, '2017-01-03 08:24:27'),
(63, 5, 1, 2, '2017-01-03 08:24:27'),
(64, 5, 1, 2, '2017-01-03 08:24:27'),
(65, 5, 1, 2, '2017-01-03 08:24:27'),
(66, 5, 1, 2, '2017-01-03 08:24:27'),
(67, 5, 1, 2, '2017-01-03 08:24:27'),
(68, 5, 1, 2, '2017-01-03 08:24:27'),
(69, 5, 1, 2, '2017-01-03 08:24:27'),
(70, 5, 1, 2, '2017-01-03 08:24:27'),
(71, 5, 1, 2, '2017-01-03 08:24:27'),
(72, 5, 1, 2, '2017-01-03 08:24:27'),
(73, 5, 1, 2, '2017-01-03 08:24:27'),
(74, 5, 1, 2, '2017-01-03 08:24:27'),
(75, 5, 1, 2, '2017-01-03 08:24:27'),
(76, 5, 1, 2, '2017-01-03 08:24:27'),
(77, 5, 1, 2, '2017-01-03 08:24:27'),
(78, 5, 1, 2, '2017-01-03 08:24:27'),
(79, 5, 1, 2, '2017-01-03 08:24:27'),
(80, 5, 1, 2, '2017-01-03 08:24:27'),
(81, 5, 1, 2, '2017-01-03 08:24:27'),
(82, 5, 1, 2, '2017-01-03 08:24:27'),
(83, 5, 1, 2, '2017-01-03 08:24:27'),
(84, 5, 1, 2, '2017-01-03 08:24:27'),
(85, 5, 1, 2, '2017-01-03 08:24:27'),
(86, 5, 1, 2, '2017-01-03 08:24:27'),
(87, 5, 1, 2, '2017-01-03 08:24:27'),
(88, 5, 1, 2, '2017-01-03 08:24:27'),
(89, 5, 1, 2, '2017-01-03 08:24:27'),
(90, 5, 1, 2, '2017-01-03 08:24:27'),
(91, 5, 1, 2, '2017-01-03 08:24:27'),
(92, 5, 1, 2, '2017-01-03 08:24:27'),
(93, 5, 1, 2, '2017-01-03 08:24:27'),
(94, 5, 1, 2, '2017-01-03 08:24:27'),
(95, 5, 1, 2, '2017-01-03 08:24:27'),
(96, 5, 1, 2, '2017-01-03 08:24:27'),
(97, 5, 1, 2, '2017-01-03 08:24:27'),
(98, 5, 1, 2, '2017-01-03 08:24:27'),
(99, 5, 1, 2, '2017-01-03 08:24:27'),
(100, 5, 1, 2, '2017-01-03 08:24:27'),
(101, 5, 1, 2, '2017-01-03 08:24:27'),
(102, 5, 1, 2, '2017-01-03 08:24:27'),
(103, 5, 1, 2, '2017-01-03 08:24:27'),
(104, 5, 1, 2, '2017-01-03 08:24:27'),
(105, 5, 1, 2, '2017-01-03 08:24:27'),
(106, 5, 1, 2, '2017-01-03 08:24:27'),
(107, 5, 1, 2, '2017-01-03 08:24:27'),
(108, 5, 1, 2, '2017-01-03 08:24:27'),
(109, 5, 1, 2, '2017-01-03 08:24:27'),
(110, 5, 1, 2, '2017-01-03 08:24:27'),
(111, 5, 1, 2, '2017-01-03 08:24:27'),
(112, 5, 1, 2, '2017-01-03 08:24:27'),
(113, 5, 1, 2, '2017-01-03 08:24:27'),
(114, 5, 1, 2, '2017-01-03 08:24:27'),
(115, 5, 1, 2, '2017-01-03 08:24:27'),
(116, 5, 1, 2, '2017-01-03 08:24:27'),
(117, 5, 1, 2, '2017-01-03 08:24:27'),
(118, 5, 1, 2, '2017-01-03 08:24:27'),
(119, 5, 1, 2, '2017-01-03 08:24:27'),
(120, 5, 1, 2, '2017-01-03 08:24:27'),
(121, 5, 1, 2, '2017-01-03 08:24:27'),
(122, 5, 1, 2, '2017-01-03 08:24:27'),
(123, 5, 1, 2, '2017-01-03 08:24:27'),
(124, 5, 1, 2, '2017-01-03 08:24:27'),
(125, 5, 1, 2, '2017-01-03 08:24:27'),
(126, 5, 1, 2, '2017-01-03 08:24:27'),
(127, 5, 1, 2, '2017-01-03 08:24:27'),
(128, 5, 1, 2, '2017-01-03 08:24:27'),
(129, 5, 1, 2, '2017-01-03 08:24:27'),
(130, 5, 1, 2, '2017-01-03 08:24:27'),
(131, 5, 1, 2, '2017-01-03 08:24:27'),
(132, 5, 1, 2, '2017-01-03 08:24:27'),
(133, 5, 1, 2, '2017-01-03 08:24:27'),
(134, 5, 1, 2, '2017-01-03 08:24:27'),
(135, 5, 1, 2, '2017-01-03 08:24:27'),
(136, 5, 1, 2, '2017-01-03 08:24:27'),
(137, 5, 1, 2, '2017-01-03 08:24:27'),
(138, 5, 1, 2, '2017-01-03 08:24:27'),
(139, 5, 1, 2, '2017-01-03 08:24:27'),
(140, 5, 1, 2, '2017-01-03 08:24:27'),
(141, 6, 1, 2, '2017-01-03 10:12:40'),
(142, 6, 1, 2, '2017-01-03 10:12:40'),
(143, 6, 1, 2, '2017-01-03 10:12:40'),
(144, 7, 1, 2, '2017-01-03 10:12:45'),
(145, 7, 1, 2, '2017-01-03 10:12:45'),
(146, 7, 1, 2, '2017-01-03 10:12:45'),
(147, 9, 1, 2, '2017-01-11 06:25:08'),
(148, 9, 1, 2, '2017-01-11 06:25:08'),
(149, 9, 1, 2, '2017-01-11 06:25:08'),
(150, 9, 1, 2, '2017-01-11 06:25:08'),
(151, 9, 1, 2, '2017-01-11 06:25:08'),
(152, 10, 1, 2, '2017-01-11 06:26:22'),
(153, 10, 1, 2, '2017-01-11 06:26:22'),
(154, 10, 1, 2, '2017-01-11 06:26:22'),
(155, 10, 1, 2, '2017-01-11 06:26:22'),
(156, 10, 1, 2, '2017-01-11 06:26:22'),
(157, 10, 1, 2, '2017-01-11 06:26:22'),
(158, 10, 1, 2, '2017-01-11 06:26:22'),
(159, 10, 1, 2, '2017-01-11 06:26:22'),
(160, 10, 1, 2, '2017-01-11 06:26:22'),
(161, 11, 1, 2, '2017-01-11 06:53:54'),
(162, 12, 1, 2, '2017-01-11 06:54:41'),
(163, 13, 1, 2, '2017-01-11 06:54:47'),
(164, 14, 1, 2, '2017-01-11 06:54:51'),
(165, 14, 1, 2, '2017-01-11 06:54:51'),
(166, 15, 1, 2, '2017-01-11 06:54:56'),
(167, 15, 1, 2, '2017-01-11 06:54:56'),
(168, 15, 1, 2, '2017-01-11 06:54:56'),
(169, 16, 1, 2, '2017-01-11 06:55:01'),
(170, 16, 1, 2, '2017-01-11 06:55:01'),
(171, 16, 1, 2, '2017-01-11 06:55:01'),
(172, 16, 1, 2, '2017-01-11 06:55:01'),
(173, 17, 1, 2, '2017-01-11 06:56:14'),
(174, 17, 1, 2, '2017-01-11 06:56:14'),
(175, 17, 1, 2, '2017-01-11 06:56:14'),
(176, 17, 1, 2, '2017-01-11 06:56:14'),
(177, 17, 1, 2, '2017-01-11 06:56:14'),
(178, 18, 1, 2, '2017-01-11 06:59:04'),
(179, 18, 1, 2, '2017-01-11 06:59:04'),
(180, 18, 1, 2, '2017-01-11 06:59:04'),
(181, 18, 1, 2, '2017-01-11 06:59:04'),
(182, 18, 1, 2, '2017-01-11 06:59:04'),
(183, 18, 1, 2, '2017-01-11 06:59:04'),
(184, 18, 1, 2, '2017-01-11 06:59:04'),
(185, 19, 1, 2, '2017-01-11 09:21:07'),
(186, 19, 1, 2, '2017-01-11 09:21:07'),
(187, 19, 1, 2, '2017-01-11 09:21:07'),
(188, 19, 1, 2, '2017-01-11 09:21:07'),
(189, 19, 1, 2, '2017-01-11 09:21:07'),
(190, 19, 1, 2, '2017-01-11 09:21:07'),
(191, 19, 1, 2, '2017-01-11 09:21:07'),
(192, 19, 1, 2, '2017-01-11 09:21:07'),
(193, 19, 1, 2, '2017-01-11 09:21:07'),
(194, 19, 1, 2, '2017-01-11 09:21:07'),
(195, 19, 1, 2, '2017-01-11 09:21:07'),
(196, 19, 1, 2, '2017-01-11 09:21:07'),
(197, 19, 1, 2, '2017-01-11 09:21:07'),
(198, 19, 1, 2, '2017-01-11 09:21:07'),
(199, 19, 1, 2, '2017-01-11 09:21:07'),
(200, 19, 1, 2, '2017-01-11 09:21:07'),
(201, 19, 1, 2, '2017-01-11 09:21:07'),
(202, 19, 1, 2, '2017-01-11 09:21:07'),
(203, 19, 1, 2, '2017-01-11 09:21:07'),
(204, 19, 1, 2, '2017-01-11 09:21:07'),
(205, 19, 1, 2, '2017-01-11 09:21:07'),
(206, 19, 1, 2, '2017-01-11 09:21:07'),
(207, 19, 1, 2, '2017-01-11 09:21:07'),
(208, 19, 1, 2, '2017-01-11 09:21:07'),
(209, 19, 1, 2, '2017-01-11 09:21:07'),
(210, 19, 1, 2, '2017-01-11 09:21:07'),
(211, 19, 1, 2, '2017-01-11 09:21:07'),
(212, 19, 1, 2, '2017-01-11 09:21:07'),
(213, 19, 1, 2, '2017-01-11 09:21:07'),
(214, 19, 1, 2, '2017-01-11 09:21:07'),
(215, 19, 1, 2, '2017-01-11 09:21:07'),
(216, 19, 1, 2, '2017-01-11 09:21:07'),
(217, 19, 1, 2, '2017-01-11 09:21:07'),
(218, 19, 1, 2, '2017-01-11 09:21:07'),
(219, 19, 1, 2, '2017-01-11 09:21:07'),
(220, 19, 1, 2, '2017-01-11 09:21:07'),
(221, 19, 1, 2, '2017-01-11 09:21:07'),
(222, 19, 1, 2, '2017-01-11 09:21:07'),
(223, 19, 1, 2, '2017-01-11 09:21:07'),
(224, 19, 1, 2, '2017-01-11 09:21:07'),
(225, 19, 1, 2, '2017-01-11 09:21:07'),
(226, 19, 1, 2, '2017-01-11 09:21:07'),
(227, 19, 1, 2, '2017-01-11 09:21:07'),
(228, 19, 1, 2, '2017-01-11 09:21:07'),
(229, 19, 1, 2, '2017-01-11 09:21:07'),
(230, 19, 1, 2, '2017-01-11 09:21:07'),
(231, 19, 1, 2, '2017-01-11 09:21:07'),
(232, 19, 1, 2, '2017-01-11 09:21:07'),
(233, 19, 1, 2, '2017-01-11 09:21:07'),
(234, 19, 1, 2, '2017-01-11 09:21:07'),
(235, 19, 1, 2, '2017-01-11 09:21:07'),
(236, 19, 1, 2, '2017-01-11 09:21:07'),
(237, 19, 1, 2, '2017-01-11 09:21:07'),
(238, 19, 1, 2, '2017-01-11 09:21:07'),
(239, 19, 1, 2, '2017-01-11 09:21:07'),
(240, 19, 1, 2, '2017-01-11 09:21:07'),
(241, 19, 1, 2, '2017-01-11 09:21:07'),
(242, 19, 1, 2, '2017-01-11 09:21:07'),
(243, 19, 1, 2, '2017-01-11 09:21:07'),
(244, 19, 1, 2, '2017-01-11 09:21:07'),
(245, 19, 1, 2, '2017-01-11 09:21:07'),
(246, 19, 1, 2, '2017-01-11 09:21:07'),
(247, 19, 1, 2, '2017-01-11 09:21:07'),
(248, 19, 1, 2, '2017-01-11 09:21:07'),
(249, 19, 1, 2, '2017-01-11 09:21:07'),
(250, 19, 1, 2, '2017-01-11 09:21:07'),
(251, 19, 1, 2, '2017-01-11 09:21:07'),
(252, 19, 1, 2, '2017-01-11 09:21:07'),
(253, 19, 1, 2, '2017-01-11 09:21:07'),
(254, 19, 1, 2, '2017-01-11 09:21:07'),
(255, 19, 1, 2, '2017-01-11 09:21:07'),
(256, 19, 1, 2, '2017-01-11 09:21:07'),
(257, 19, 1, 2, '2017-01-11 09:21:07'),
(258, 19, 1, 2, '2017-01-11 09:21:07'),
(259, 19, 1, 2, '2017-01-11 09:21:07'),
(260, 19, 1, 2, '2017-01-11 09:21:07'),
(261, 19, 1, 2, '2017-01-11 09:21:07'),
(262, 19, 1, 2, '2017-01-11 09:21:07'),
(263, 19, 1, 2, '2017-01-11 09:21:07'),
(264, 19, 1, 2, '2017-01-11 09:21:07'),
(265, 19, 1, 2, '2017-01-11 09:21:07'),
(266, 19, 1, 2, '2017-01-11 09:21:07'),
(267, 19, 1, 2, '2017-01-11 09:21:07'),
(268, 19, 1, 2, '2017-01-11 09:21:07'),
(269, 19, 1, 2, '2017-01-11 09:21:07'),
(270, 19, 1, 2, '2017-01-11 09:21:07'),
(271, 19, 1, 2, '2017-01-11 09:21:07'),
(272, 19, 1, 2, '2017-01-11 09:21:07'),
(273, 19, 1, 2, '2017-01-11 09:21:07'),
(274, 19, 1, 2, '2017-01-11 09:21:07'),
(275, 19, 1, 2, '2017-01-11 09:21:07'),
(276, 19, 1, 2, '2017-01-11 09:21:07'),
(277, 19, 1, 2, '2017-01-11 09:21:07'),
(278, 19, 1, 2, '2017-01-11 09:21:07'),
(279, 19, 1, 2, '2017-01-11 09:21:07'),
(280, 19, 1, 2, '2017-01-11 09:21:07'),
(281, 19, 1, 2, '2017-01-11 09:21:07'),
(282, 19, 1, 2, '2017-01-11 09:21:07'),
(283, 19, 1, 2, '2017-01-11 09:21:07'),
(284, 19, 1, 2, '2017-01-11 09:21:07'),
(285, 19, 1, 2, '2017-01-11 09:21:07'),
(286, 19, 1, 2, '2017-01-11 09:21:07'),
(287, 19, 1, 2, '2017-01-11 09:21:07'),
(288, 19, 1, 2, '2017-01-11 09:21:07'),
(289, 19, 1, 2, '2017-01-11 09:21:07'),
(290, 19, 1, 2, '2017-01-11 09:21:07'),
(291, 19, 1, 2, '2017-01-11 09:21:07'),
(292, 19, 1, 2, '2017-01-11 09:21:07'),
(293, 19, 1, 2, '2017-01-11 09:21:07'),
(294, 19, 1, 2, '2017-01-11 09:21:07'),
(295, 19, 1, 2, '2017-01-11 09:21:07'),
(296, 19, 1, 2, '2017-01-11 09:21:07'),
(297, 19, 1, 2, '2017-01-11 09:21:07'),
(298, 19, 1, 2, '2017-01-11 09:21:07'),
(299, 19, 1, 2, '2017-01-11 09:21:07'),
(300, 19, 1, 2, '2017-01-11 09:21:07'),
(301, 19, 1, 2, '2017-01-11 09:21:07'),
(302, 19, 1, 2, '2017-01-11 09:21:07'),
(303, 19, 1, 2, '2017-01-11 09:21:07'),
(304, 19, 1, 2, '2017-01-11 09:21:07'),
(305, 19, 1, 2, '2017-01-11 09:21:07'),
(306, 19, 1, 2, '2017-01-11 09:21:07'),
(307, 19, 1, 2, '2017-01-11 09:21:07'),
(308, 19, 1, 2, '2017-01-11 09:21:07'),
(309, 19, 1, 2, '2017-01-11 09:21:07'),
(310, 19, 1, 2, '2017-01-11 09:21:07'),
(311, 19, 1, 2, '2017-01-11 09:21:07'),
(312, 19, 1, 2, '2017-01-11 09:21:07'),
(313, 19, 1, 2, '2017-01-11 09:21:07'),
(314, 19, 1, 2, '2017-01-11 09:21:07'),
(315, 19, 1, 2, '2017-01-11 09:21:07'),
(316, 19, 1, 2, '2017-01-11 09:21:07'),
(317, 19, 1, 2, '2017-01-11 09:21:07'),
(318, 19, 1, 2, '2017-01-11 09:21:07'),
(319, 19, 1, 2, '2017-01-11 09:21:07'),
(320, 19, 1, 2, '2017-01-11 09:21:07'),
(321, 19, 1, 2, '2017-01-11 09:21:07'),
(322, 19, 1, 2, '2017-01-11 09:21:07'),
(323, 19, 1, 2, '2017-01-11 09:21:07'),
(324, 19, 1, 2, '2017-01-11 09:21:07'),
(325, 19, 1, 2, '2017-01-11 09:21:07'),
(326, 19, 1, 2, '2017-01-11 09:21:07'),
(327, 19, 1, 2, '2017-01-11 09:21:07'),
(328, 19, 1, 2, '2017-01-11 09:21:07'),
(329, 19, 1, 2, '2017-01-11 09:21:07'),
(330, 19, 1, 2, '2017-01-11 09:21:07'),
(331, 19, 1, 2, '2017-01-11 09:21:07'),
(332, 19, 1, 2, '2017-01-11 09:21:07'),
(333, 19, 1, 2, '2017-01-11 09:21:07'),
(334, 19, 1, 2, '2017-01-11 09:21:07'),
(335, 19, 1, 2, '2017-01-11 09:21:07'),
(336, 19, 1, 2, '2017-01-11 09:21:07'),
(337, 19, 1, 2, '2017-01-11 09:21:07'),
(338, 19, 1, 2, '2017-01-11 09:21:07'),
(339, 19, 1, 2, '2017-01-11 09:21:07'),
(340, 19, 1, 2, '2017-01-11 09:21:07'),
(341, 19, 1, 2, '2017-01-11 09:21:07'),
(342, 19, 1, 2, '2017-01-11 09:21:07'),
(343, 19, 1, 2, '2017-01-11 09:21:07'),
(344, 19, 1, 2, '2017-01-11 09:21:07'),
(345, 19, 1, 2, '2017-01-11 09:21:07'),
(346, 19, 1, 2, '2017-01-11 09:21:07'),
(347, 19, 1, 2, '2017-01-11 09:21:07'),
(348, 19, 1, 2, '2017-01-11 09:21:07'),
(349, 19, 1, 2, '2017-01-11 09:21:07'),
(350, 19, 1, 2, '2017-01-11 09:21:07'),
(351, 19, 1, 2, '2017-01-11 09:21:07'),
(352, 19, 1, 2, '2017-01-11 09:21:07'),
(353, 19, 1, 2, '2017-01-11 09:21:07'),
(354, 19, 1, 2, '2017-01-11 09:21:07'),
(355, 19, 1, 2, '2017-01-11 09:21:07'),
(356, 19, 1, 2, '2017-01-11 09:21:07'),
(357, 19, 1, 2, '2017-01-11 09:21:07'),
(358, 19, 1, 2, '2017-01-11 09:21:07'),
(359, 19, 1, 2, '2017-01-11 09:21:07'),
(360, 19, 1, 2, '2017-01-11 09:21:07'),
(361, 19, 1, 2, '2017-01-11 09:21:07'),
(362, 19, 1, 2, '2017-01-11 09:21:07'),
(363, 19, 1, 2, '2017-01-11 09:21:07'),
(364, 19, 1, 2, '2017-01-11 09:21:07'),
(365, 19, 1, 2, '2017-01-11 09:21:07'),
(366, 19, 1, 2, '2017-01-11 09:21:07'),
(367, 19, 1, 2, '2017-01-11 09:21:07'),
(368, 19, 1, 2, '2017-01-11 09:21:07'),
(369, 19, 1, 2, '2017-01-11 09:21:07'),
(370, 19, 1, 2, '2017-01-11 09:21:07'),
(371, 19, 1, 2, '2017-01-11 09:21:07'),
(372, 19, 1, 2, '2017-01-11 09:21:07'),
(373, 19, 1, 2, '2017-01-11 09:21:07'),
(374, 19, 1, 2, '2017-01-11 09:21:07'),
(375, 19, 1, 2, '2017-01-11 09:21:07'),
(376, 19, 1, 2, '2017-01-11 09:21:07'),
(377, 19, 1, 2, '2017-01-11 09:21:07'),
(378, 19, 1, 2, '2017-01-11 09:21:07'),
(379, 19, 1, 2, '2017-01-11 09:21:07'),
(380, 19, 1, 2, '2017-01-11 09:21:07'),
(381, 19, 1, 2, '2017-01-11 09:21:07'),
(382, 19, 1, 2, '2017-01-11 09:21:07'),
(383, 19, 1, 2, '2017-01-11 09:21:07'),
(384, 19, 1, 2, '2017-01-11 09:21:07'),
(385, 19, 1, 2, '2017-01-11 09:21:07'),
(386, 19, 1, 2, '2017-01-11 09:21:07'),
(387, 19, 1, 2, '2017-01-11 09:21:07'),
(388, 19, 1, 2, '2017-01-11 09:21:07'),
(389, 19, 1, 2, '2017-01-11 09:21:07'),
(390, 19, 1, 2, '2017-01-11 09:21:07'),
(391, 19, 1, 2, '2017-01-11 09:21:07'),
(392, 19, 1, 2, '2017-01-11 09:21:07'),
(393, 19, 1, 2, '2017-01-11 09:21:07'),
(394, 19, 1, 2, '2017-01-11 09:21:07'),
(395, 19, 1, 2, '2017-01-11 09:21:07'),
(396, 19, 1, 2, '2017-01-11 09:21:07'),
(397, 19, 1, 2, '2017-01-11 09:21:07'),
(398, 19, 1, 2, '2017-01-11 09:21:07'),
(399, 19, 1, 2, '2017-01-11 09:21:07'),
(400, 19, 1, 2, '2017-01-11 09:21:07'),
(401, 19, 1, 2, '2017-01-11 09:21:07'),
(402, 19, 1, 2, '2017-01-11 09:21:07'),
(403, 19, 1, 2, '2017-01-11 09:21:07'),
(404, 19, 1, 2, '2017-01-11 09:21:07'),
(405, 19, 1, 2, '2017-01-11 09:21:07'),
(406, 19, 1, 2, '2017-01-11 09:21:07'),
(407, 19, 1, 2, '2017-01-11 09:21:07'),
(408, 19, 1, 2, '2017-01-11 09:21:07'),
(409, 19, 1, 2, '2017-01-11 09:21:07'),
(410, 19, 1, 2, '2017-01-11 09:21:07'),
(411, 19, 1, 2, '2017-01-11 09:21:07'),
(412, 19, 1, 2, '2017-01-11 09:21:07'),
(413, 19, 1, 2, '2017-01-11 09:21:07'),
(414, 19, 1, 2, '2017-01-11 09:21:07'),
(415, 19, 1, 2, '2017-01-11 09:21:07'),
(416, 19, 1, 2, '2017-01-11 09:21:07'),
(417, 19, 1, 2, '2017-01-11 09:21:07'),
(418, 19, 1, 2, '2017-01-11 09:21:07'),
(419, 19, 1, 2, '2017-01-11 09:21:07'),
(420, 19, 1, 2, '2017-01-11 09:21:07'),
(421, 19, 1, 2, '2017-01-11 09:21:07'),
(422, 19, 1, 2, '2017-01-11 09:21:07'),
(423, 19, 1, 2, '2017-01-11 09:21:07'),
(424, 19, 1, 2, '2017-01-11 09:21:07'),
(425, 19, 1, 2, '2017-01-11 09:21:07'),
(426, 19, 1, 2, '2017-01-11 09:21:07'),
(427, 19, 1, 2, '2017-01-11 09:21:07'),
(428, 19, 1, 2, '2017-01-11 09:21:07'),
(429, 19, 1, 2, '2017-01-11 09:21:07'),
(430, 19, 1, 2, '2017-01-11 09:21:07'),
(431, 19, 1, 2, '2017-01-11 09:21:07'),
(432, 19, 1, 2, '2017-01-11 09:21:07'),
(433, 19, 1, 2, '2017-01-11 09:21:07'),
(434, 19, 1, 2, '2017-01-11 09:21:07'),
(435, 19, 1, 2, '2017-01-11 09:21:07'),
(436, 19, 1, 2, '2017-01-11 09:21:07'),
(437, 19, 1, 2, '2017-01-11 09:21:07'),
(438, 19, 1, 2, '2017-01-11 09:21:07'),
(439, 19, 1, 2, '2017-01-11 09:21:07'),
(440, 19, 1, 2, '2017-01-11 09:21:07'),
(441, 19, 1, 2, '2017-01-11 09:21:07'),
(442, 19, 1, 2, '2017-01-11 09:21:07'),
(443, 19, 1, 2, '2017-01-11 09:21:07'),
(444, 19, 1, 2, '2017-01-11 09:21:07'),
(445, 19, 1, 2, '2017-01-11 09:21:07'),
(446, 19, 1, 2, '2017-01-11 09:21:07'),
(447, 19, 1, 2, '2017-01-11 09:21:07'),
(448, 19, 1, 2, '2017-01-11 09:21:07'),
(449, 19, 1, 2, '2017-01-11 09:21:07'),
(450, 19, 1, 2, '2017-01-11 09:21:07'),
(451, 19, 1, 2, '2017-01-11 09:21:07'),
(452, 19, 1, 2, '2017-01-11 09:21:07'),
(453, 19, 1, 2, '2017-01-11 09:21:07'),
(454, 19, 1, 2, '2017-01-11 09:21:07'),
(455, 19, 1, 2, '2017-01-11 09:21:07'),
(456, 19, 1, 2, '2017-01-11 09:21:07'),
(457, 19, 1, 2, '2017-01-11 09:21:07'),
(458, 19, 1, 2, '2017-01-11 09:21:07'),
(459, 19, 1, 2, '2017-01-11 09:21:07'),
(460, 19, 1, 2, '2017-01-11 09:21:07'),
(461, 19, 1, 2, '2017-01-11 09:21:07'),
(462, 19, 1, 2, '2017-01-11 09:21:07'),
(463, 19, 1, 2, '2017-01-11 09:21:07'),
(464, 19, 1, 2, '2017-01-11 09:21:07'),
(465, 19, 1, 2, '2017-01-11 09:21:07'),
(466, 19, 1, 2, '2017-01-11 09:21:07'),
(467, 19, 1, 2, '2017-01-11 09:21:07'),
(468, 19, 1, 2, '2017-01-11 09:21:07'),
(469, 19, 1, 2, '2017-01-11 09:21:07'),
(470, 19, 1, 2, '2017-01-11 09:21:07'),
(471, 19, 1, 2, '2017-01-11 09:21:07'),
(472, 19, 1, 2, '2017-01-11 09:21:07'),
(473, 19, 1, 2, '2017-01-11 09:21:07'),
(474, 19, 1, 2, '2017-01-11 09:21:07'),
(475, 19, 1, 2, '2017-01-11 09:21:07'),
(476, 19, 1, 2, '2017-01-11 09:21:07'),
(477, 19, 1, 2, '2017-01-11 09:21:07'),
(478, 19, 1, 2, '2017-01-11 09:21:07'),
(479, 19, 1, 2, '2017-01-11 09:21:07'),
(480, 19, 1, 2, '2017-01-11 09:21:07'),
(481, 19, 1, 2, '2017-01-11 09:21:07'),
(482, 19, 1, 2, '2017-01-11 09:21:07'),
(483, 19, 1, 2, '2017-01-11 09:21:07'),
(484, 19, 1, 2, '2017-01-11 09:21:07'),
(485, 19, 1, 2, '2017-01-11 09:21:07'),
(486, 19, 1, 2, '2017-01-11 09:21:07'),
(487, 19, 1, 2, '2017-01-11 09:21:07'),
(488, 19, 1, 2, '2017-01-11 09:21:07'),
(489, 19, 1, 2, '2017-01-11 09:21:07'),
(490, 19, 1, 2, '2017-01-11 09:21:07'),
(491, 19, 1, 2, '2017-01-11 09:21:07'),
(492, 19, 1, 2, '2017-01-11 09:21:07'),
(493, 19, 1, 2, '2017-01-11 09:21:07'),
(494, 19, 1, 2, '2017-01-11 09:21:07'),
(495, 19, 1, 2, '2017-01-11 09:21:07'),
(496, 19, 1, 2, '2017-01-11 09:21:07'),
(497, 19, 1, 2, '2017-01-11 09:21:07'),
(498, 19, 1, 2, '2017-01-11 09:21:07'),
(499, 19, 1, 2, '2017-01-11 09:21:07'),
(500, 19, 1, 2, '2017-01-11 09:21:07'),
(501, 19, 1, 2, '2017-01-11 09:21:07'),
(502, 19, 1, 2, '2017-01-11 09:21:07'),
(503, 19, 1, 2, '2017-01-11 09:21:07'),
(504, 19, 1, 2, '2017-01-11 09:21:07'),
(505, 19, 1, 2, '2017-01-11 09:21:07'),
(506, 19, 1, 2, '2017-01-11 09:21:07'),
(507, 19, 1, 2, '2017-01-11 09:21:07'),
(508, 19, 1, 2, '2017-01-11 09:21:07'),
(509, 19, 1, 2, '2017-01-11 09:21:07'),
(510, 19, 1, 2, '2017-01-11 09:21:07'),
(511, 19, 1, 2, '2017-01-11 09:21:07'),
(512, 19, 1, 2, '2017-01-11 09:21:07'),
(513, 19, 1, 2, '2017-01-11 09:21:07'),
(514, 19, 1, 2, '2017-01-11 09:21:07'),
(515, 19, 1, 2, '2017-01-11 09:21:07'),
(516, 19, 1, 2, '2017-01-11 09:21:07'),
(517, 19, 1, 2, '2017-01-11 09:21:07'),
(518, 19, 1, 2, '2017-01-11 09:21:07'),
(519, 19, 1, 2, '2017-01-11 09:21:07'),
(520, 19, 1, 2, '2017-01-11 09:21:07'),
(521, 19, 1, 2, '2017-01-11 09:21:07'),
(522, 19, 1, 2, '2017-01-11 09:21:07'),
(523, 19, 1, 2, '2017-01-11 09:21:07'),
(524, 19, 1, 2, '2017-01-11 09:21:07'),
(525, 19, 1, 2, '2017-01-11 09:21:07'),
(526, 19, 1, 2, '2017-01-11 09:21:07'),
(527, 19, 1, 2, '2017-01-11 09:21:07'),
(528, 19, 1, 2, '2017-01-11 09:21:07'),
(529, 19, 1, 2, '2017-01-11 09:21:07'),
(530, 19, 1, 2, '2017-01-11 09:21:07'),
(531, 19, 1, 2, '2017-01-11 09:21:07'),
(532, 19, 1, 2, '2017-01-11 09:21:07'),
(533, 19, 1, 2, '2017-01-11 09:21:07'),
(534, 19, 1, 2, '2017-01-11 09:21:07'),
(535, 19, 1, 2, '2017-01-11 09:21:07'),
(536, 19, 1, 2, '2017-01-11 09:21:07'),
(537, 19, 1, 2, '2017-01-11 09:21:07'),
(538, 19, 1, 2, '2017-01-11 09:21:07'),
(539, 19, 1, 2, '2017-01-11 09:21:07'),
(540, 19, 1, 2, '2017-01-11 09:21:07'),
(541, 19, 1, 2, '2017-01-11 09:21:07'),
(542, 19, 1, 2, '2017-01-11 09:21:07'),
(543, 19, 1, 2, '2017-01-11 09:21:07'),
(544, 19, 1, 2, '2017-01-11 09:21:07'),
(545, 19, 1, 2, '2017-01-11 09:21:07'),
(546, 19, 1, 2, '2017-01-11 09:21:07'),
(547, 19, 1, 2, '2017-01-11 09:21:07'),
(548, 19, 1, 2, '2017-01-11 09:21:07'),
(549, 19, 1, 2, '2017-01-11 09:21:07'),
(550, 19, 1, 2, '2017-01-11 09:21:07'),
(551, 19, 1, 2, '2017-01-11 09:21:07'),
(552, 19, 1, 2, '2017-01-11 09:21:07'),
(553, 19, 1, 2, '2017-01-11 09:21:07'),
(554, 19, 1, 2, '2017-01-11 09:21:07'),
(555, 19, 1, 2, '2017-01-11 09:21:07'),
(556, 19, 1, 2, '2017-01-11 09:21:07'),
(557, 19, 1, 2, '2017-01-11 09:21:07'),
(558, 19, 1, 2, '2017-01-11 09:21:07'),
(559, 19, 1, 2, '2017-01-11 09:21:07'),
(560, 19, 1, 2, '2017-01-11 09:21:07'),
(561, 19, 1, 2, '2017-01-11 09:21:07'),
(562, 19, 1, 2, '2017-01-11 09:21:07'),
(563, 19, 1, 2, '2017-01-11 09:21:07'),
(564, 19, 1, 2, '2017-01-11 09:21:07'),
(565, 19, 1, 2, '2017-01-11 09:21:07'),
(566, 19, 1, 2, '2017-01-11 09:21:07'),
(567, 19, 1, 2, '2017-01-11 09:21:07'),
(568, 19, 1, 2, '2017-01-11 09:21:07'),
(569, 19, 1, 2, '2017-01-11 09:21:07'),
(570, 19, 1, 2, '2017-01-11 09:21:07'),
(571, 19, 1, 2, '2017-01-11 09:21:07'),
(572, 19, 1, 2, '2017-01-11 09:21:07'),
(573, 19, 1, 2, '2017-01-11 09:21:07'),
(574, 19, 1, 2, '2017-01-11 09:21:07'),
(575, 19, 1, 2, '2017-01-11 09:21:07'),
(576, 19, 1, 2, '2017-01-11 09:21:07'),
(577, 19, 1, 2, '2017-01-11 09:21:07'),
(578, 19, 1, 2, '2017-01-11 09:21:07'),
(579, 19, 1, 2, '2017-01-11 09:21:07'),
(580, 19, 1, 2, '2017-01-11 09:21:07'),
(581, 19, 1, 2, '2017-01-11 09:21:07'),
(582, 19, 1, 2, '2017-01-11 09:21:07'),
(583, 19, 1, 2, '2017-01-11 09:21:07'),
(584, 19, 1, 2, '2017-01-11 09:21:07'),
(585, 19, 1, 2, '2017-01-11 09:21:07'),
(586, 19, 1, 2, '2017-01-11 09:21:07'),
(587, 19, 1, 2, '2017-01-11 09:21:07'),
(588, 19, 1, 2, '2017-01-11 09:21:07'),
(589, 19, 1, 2, '2017-01-11 09:21:07'),
(590, 20, 1, 2, '2017-01-13 10:03:42'),
(591, 20, 1, 2, '2017-01-13 10:03:42'),
(592, 20, 1, 2, '2017-01-13 10:03:42'),
(593, 20, 1, 2, '2017-01-13 10:03:42'),
(594, 20, 1, 2, '2017-01-13 10:03:42'),
(595, 20, 1, 2, '2017-01-13 10:03:42'),
(596, 20, 1, 2, '2017-01-13 10:03:42'),
(597, 20, 1, 2, '2017-01-13 10:03:42'),
(598, 20, 1, 2, '2017-01-13 10:03:42'),
(599, 20, 1, 2, '2017-01-13 10:03:42'),
(600, 21, 1, 2, '2017-01-13 10:12:22'),
(601, 21, 1, 2, '2017-01-13 10:12:22'),
(602, 21, 1, 2, '2017-01-13 10:12:22'),
(603, 21, 1, 2, '2017-01-13 10:12:22'),
(604, 21, 1, 2, '2017-01-13 10:12:22'),
(605, 21, 1, 2, '2017-01-13 10:12:22'),
(606, 21, 1, 2, '2017-01-13 10:12:22'),
(607, 21, 1, 2, '2017-01-13 10:12:22'),
(608, 21, 1, 2, '2017-01-13 10:12:22'),
(609, 21, 1, 2, '2017-01-13 10:12:22'),
(610, 22, 1, 2, '2017-01-13 10:17:22'),
(611, 22, 1, 2, '2017-01-13 10:17:22'),
(612, 22, 1, 2, '2017-01-13 10:17:22'),
(613, 22, 1, 2, '2017-01-13 10:17:22'),
(614, 22, 1, 2, '2017-01-13 10:17:22'),
(615, 22, 1, 2, '2017-01-13 10:17:22'),
(616, 22, 1, 2, '2017-01-13 10:17:22'),
(617, 22, 1, 2, '2017-01-13 10:17:22'),
(618, 22, 1, 2, '2017-01-13 10:17:22'),
(619, 22, 1, 2, '2017-01-13 10:17:22'),
(620, 23, 1, 2, '2017-01-13 10:29:04'),
(621, 23, 1, 2, '2017-01-13 10:29:04'),
(622, 23, 1, 2, '2017-01-13 10:29:04'),
(623, 23, 1, 2, '2017-01-13 10:29:04'),
(624, 23, 1, 2, '2017-01-13 10:29:04'),
(625, 23, 1, 2, '2017-01-13 10:29:04'),
(626, 23, 1, 2, '2017-01-13 10:29:04'),
(627, 23, 1, 2, '2017-01-13 10:29:04'),
(628, 23, 1, 2, '2017-01-13 10:29:04'),
(629, 23, 1, 2, '2017-01-13 10:29:04'),
(630, 33, 1, 2, '2017-01-16 08:11:40'),
(631, 33, 1, 2, '2017-01-16 08:11:40'),
(632, 33, 1, 2, '2017-01-16 08:11:40'),
(633, 33, 1, 2, '2017-01-16 08:11:40'),
(634, 33, 1, 2, '2017-01-16 08:11:40'),
(635, 33, 1, 2, '2017-01-16 08:11:40'),
(636, 33, 1, 2, '2017-01-16 08:11:40'),
(637, 33, 1, 2, '2017-01-16 08:11:40'),
(638, 33, 1, 2, '2017-01-16 08:11:40'),
(639, 33, 1, 2, '2017-01-16 08:11:40'),
(640, 35, 1, 2, '2017-01-20 06:33:00'),
(641, 35, 1, 2, '2017-01-20 06:33:00'),
(642, 35, 1, 2, '2017-01-20 06:33:00'),
(643, 35, 1, 2, '2017-01-20 06:33:00'),
(644, 35, 1, 2, '2017-01-20 06:33:00'),
(645, 35, 1, 2, '2017-01-20 06:33:00'),
(646, 35, 1, 2, '2017-01-20 06:33:00'),
(647, 35, 1, 2, '2017-01-20 06:33:00'),
(648, 35, 1, 2, '2017-01-20 06:33:00'),
(649, 35, 1, 2, '2017-01-20 06:33:00'),
(650, 36, 1, 2, '2017-01-20 06:37:48'),
(651, 36, 1, 2, '2017-01-20 06:37:48'),
(652, 36, 1, 2, '2017-01-20 06:37:48'),
(653, 36, 1, 2, '2017-01-20 06:37:48'),
(654, 36, 1, 2, '2017-01-20 06:37:48'),
(655, 36, 1, 2, '2017-01-20 06:37:48'),
(656, 36, 1, 2, '2017-01-20 06:37:48'),
(657, 36, 1, 2, '2017-01-20 06:37:48'),
(658, 36, 1, 2, '2017-01-20 06:37:48'),
(659, 36, 1, 2, '2017-01-20 06:37:48'),
(660, 37, 1, 2, '2017-01-20 06:41:10'),
(661, 37, 1, 2, '2017-01-20 06:41:10'),
(662, 37, 1, 2, '2017-01-20 06:41:10'),
(663, 37, 1, 2, '2017-01-20 06:41:10'),
(664, 37, 1, 2, '2017-01-20 06:41:10'),
(665, 37, 1, 2, '2017-01-20 06:41:10'),
(666, 37, 1, 2, '2017-01-20 06:41:10'),
(667, 37, 1, 2, '2017-01-20 06:41:10'),
(668, 37, 1, 2, '2017-01-20 06:41:10'),
(669, 37, 1, 2, '2017-01-20 06:41:10'),
(670, 38, 1, 2, '2017-01-20 06:44:13'),
(671, 38, 1, 2, '2017-01-20 06:44:13'),
(672, 38, 1, 2, '2017-01-20 06:44:13'),
(673, 38, 1, 2, '2017-01-20 06:44:13'),
(674, 38, 1, 2, '2017-01-20 06:44:13'),
(675, 38, 1, 2, '2017-01-20 06:44:13'),
(676, 38, 1, 2, '2017-01-20 06:44:13'),
(677, 38, 1, 2, '2017-01-20 06:44:13'),
(678, 38, 1, 2, '2017-01-20 06:44:13'),
(679, 38, 1, 2, '2017-01-20 06:44:13'),
(680, 39, 1, 2, '2017-01-20 06:47:29'),
(681, 39, 1, 2, '2017-01-20 06:47:29'),
(682, 39, 1, 2, '2017-01-20 06:47:29'),
(683, 39, 1, 2, '2017-01-20 06:47:29'),
(684, 39, 1, 2, '2017-01-20 06:47:29'),
(685, 39, 1, 2, '2017-01-20 06:47:29'),
(686, 39, 1, 2, '2017-01-20 06:47:29'),
(687, 39, 1, 2, '2017-01-20 06:47:29'),
(688, 39, 1, 2, '2017-01-20 06:47:29'),
(689, 39, 1, 2, '2017-01-20 06:47:29'),
(690, 40, 1, 2, '2017-01-20 06:51:55'),
(691, 40, 1, 2, '2017-01-20 06:51:55'),
(692, 40, 1, 2, '2017-01-20 06:51:55'),
(693, 40, 1, 2, '2017-01-20 06:51:55'),
(694, 40, 1, 2, '2017-01-20 06:51:55'),
(695, 40, 1, 2, '2017-01-20 06:51:55'),
(696, 40, 1, 2, '2017-01-20 06:51:55'),
(697, 40, 1, 2, '2017-01-20 06:51:55'),
(698, 40, 1, 2, '2017-01-20 06:51:55'),
(699, 40, 1, 2, '2017-01-20 06:51:55'),
(700, 41, 1, 2, '2017-01-20 06:55:17'),
(701, 41, 1, 2, '2017-01-20 06:55:17'),
(702, 41, 1, 2, '2017-01-20 06:55:17'),
(703, 41, 1, 2, '2017-01-20 06:55:17'),
(704, 41, 1, 2, '2017-01-20 06:55:17'),
(705, 41, 1, 2, '2017-01-20 06:55:17'),
(706, 41, 1, 2, '2017-01-20 06:55:17'),
(707, 41, 1, 2, '2017-01-20 06:55:17'),
(708, 41, 1, 2, '2017-01-20 06:55:17'),
(709, 41, 1, 2, '2017-01-20 06:55:17'),
(710, 42, 1, 2, '2017-01-20 07:00:59'),
(711, 42, 1, 2, '2017-01-20 07:00:59'),
(712, 42, 1, 2, '2017-01-20 07:00:59'),
(713, 42, 1, 2, '2017-01-20 07:00:59'),
(714, 42, 1, 2, '2017-01-20 07:00:59'),
(715, 42, 1, 2, '2017-01-20 07:00:59'),
(716, 42, 1, 2, '2017-01-20 07:00:59'),
(717, 42, 1, 2, '2017-01-20 07:00:59'),
(718, 42, 1, 2, '2017-01-20 07:00:59'),
(719, 42, 1, 2, '2017-01-20 07:00:59'),
(720, 43, 1, 2, '2017-01-20 07:06:52'),
(721, 43, 1, 2, '2017-01-20 07:06:52'),
(722, 43, 1, 2, '2017-01-20 07:06:52'),
(723, 43, 1, 2, '2017-01-20 07:06:52'),
(724, 43, 1, 2, '2017-01-20 07:06:52'),
(725, 44, 1, 2, '2017-01-20 07:10:19'),
(726, 44, 1, 2, '2017-01-20 07:10:19'),
(727, 44, 1, 2, '2017-01-20 07:10:19'),
(728, 44, 1, 2, '2017-01-20 07:10:19'),
(729, 44, 1, 2, '2017-01-20 07:10:19'),
(730, 44, 1, 2, '2017-01-20 07:10:19'),
(731, 44, 1, 2, '2017-01-20 07:10:19'),
(732, 44, 1, 2, '2017-01-20 07:10:19'),
(733, 44, 1, 2, '2017-01-20 07:10:19'),
(734, 44, 1, 2, '2017-01-20 07:10:19'),
(735, 45, 1, 2, '2017-01-20 07:15:06'),
(736, 45, 1, 2, '2017-01-20 07:15:06'),
(737, 45, 1, 2, '2017-01-20 07:15:06'),
(738, 45, 1, 2, '2017-01-20 07:15:06'),
(739, 45, 1, 2, '2017-01-20 07:15:06'),
(740, 45, 1, 2, '2017-01-20 07:15:06'),
(741, 45, 1, 2, '2017-01-20 07:15:06'),
(742, 45, 1, 2, '2017-01-20 07:15:06'),
(743, 45, 1, 2, '2017-01-20 07:15:06'),
(744, 45, 1, 2, '2017-01-20 07:15:06'),
(745, 46, 1, 2, '2017-01-20 07:18:46'),
(746, 46, 1, 2, '2017-01-20 07:18:46'),
(747, 46, 1, 2, '2017-01-20 07:18:46'),
(748, 46, 1, 2, '2017-01-20 07:18:46'),
(749, 46, 1, 2, '2017-01-20 07:18:46'),
(750, 46, 1, 2, '2017-01-20 07:18:46'),
(751, 46, 1, 2, '2017-01-20 07:18:46'),
(752, 46, 1, 2, '2017-01-20 07:18:46'),
(753, 47, 1, 2, '2017-01-20 07:23:43'),
(754, 47, 1, 2, '2017-01-20 07:23:43'),
(755, 47, 1, 2, '2017-01-20 07:23:43'),
(756, 47, 1, 2, '2017-01-20 07:23:43'),
(757, 47, 1, 2, '2017-01-20 07:23:43'),
(758, 47, 1, 2, '2017-01-20 07:23:43'),
(759, 47, 1, 2, '2017-01-20 07:23:43'),
(760, 47, 1, 2, '2017-01-20 07:23:43'),
(761, 47, 1, 2, '2017-01-20 07:23:43'),
(762, 47, 1, 2, '2017-01-20 07:23:43'),
(763, 48, 1, 2, '2017-01-20 07:26:10'),
(764, 48, 1, 2, '2017-01-20 07:26:10'),
(765, 48, 1, 2, '2017-01-20 07:26:10'),
(766, 48, 1, 2, '2017-01-20 07:26:10'),
(767, 48, 1, 2, '2017-01-20 07:26:10'),
(768, 48, 1, 2, '2017-01-20 07:26:10'),
(769, 48, 1, 2, '2017-01-20 07:26:10'),
(770, 48, 1, 2, '2017-01-20 07:26:10'),
(771, 48, 1, 2, '2017-01-20 07:26:10'),
(772, 48, 1, 2, '2017-01-20 07:26:10'),
(773, 49, 1, 2, '2017-01-20 07:32:19'),
(774, 49, 1, 2, '2017-01-20 07:32:19'),
(775, 49, 1, 2, '2017-01-20 07:32:19'),
(776, 49, 1, 2, '2017-01-20 07:32:19'),
(777, 49, 1, 2, '2017-01-20 07:32:19'),
(778, 49, 1, 2, '2017-01-20 07:32:19'),
(779, 49, 1, 2, '2017-01-20 07:32:19'),
(780, 49, 1, 2, '2017-01-20 07:32:19'),
(781, 49, 1, 2, '2017-01-20 07:32:19'),
(782, 49, 1, 2, '2017-01-20 07:32:19'),
(783, 50, 1, 2, '2017-01-20 07:36:21'),
(784, 50, 1, 2, '2017-01-20 07:36:21'),
(785, 50, 1, 2, '2017-01-20 07:36:21'),
(786, 50, 1, 2, '2017-01-20 07:36:21'),
(787, 50, 1, 2, '2017-01-20 07:36:21'),
(788, 50, 1, 2, '2017-01-20 07:36:21'),
(789, 50, 1, 2, '2017-01-20 07:36:21'),
(790, 50, 1, 2, '2017-01-20 07:36:21'),
(791, 50, 1, 2, '2017-01-20 07:36:21'),
(792, 50, 1, 2, '2017-01-20 07:36:21'),
(793, 51, 1, 2, '2017-01-20 07:41:43'),
(794, 51, 1, 2, '2017-01-20 07:41:43'),
(795, 51, 1, 2, '2017-01-20 07:41:43'),
(796, 51, 1, 2, '2017-01-20 07:41:43'),
(797, 51, 1, 2, '2017-01-20 07:41:43'),
(798, 52, 1, 2, '2017-01-20 07:47:46'),
(799, 52, 1, 2, '2017-01-20 07:47:46'),
(800, 52, 1, 2, '2017-01-20 07:47:46'),
(801, 52, 1, 2, '2017-01-20 07:47:46'),
(802, 52, 1, 2, '2017-01-20 07:47:46'),
(803, 52, 1, 2, '2017-01-20 07:47:46'),
(804, 52, 1, 2, '2017-01-20 07:47:46'),
(805, 52, 1, 2, '2017-01-20 07:47:46'),
(806, 52, 1, 2, '2017-01-20 07:47:46'),
(807, 52, 1, 2, '2017-01-20 07:47:46'),
(808, 53, 1, 2, '2017-01-20 08:00:45'),
(809, 54, 1, 2, '2017-01-20 08:05:40'),
(810, 54, 1, 2, '2017-01-20 08:05:40'),
(811, 54, 1, 2, '2017-01-20 08:05:40'),
(812, 55, 1, 2, '2017-01-20 08:08:32'),
(813, 55, 1, 2, '2017-01-20 08:08:32'),
(814, 55, 1, 2, '2017-01-20 08:08:32'),
(815, 56, 1, 2, '2017-01-20 08:12:37'),
(816, 56, 1, 2, '2017-01-20 08:12:37'),
(817, 57, 1, 2, '2017-01-20 08:16:43'),
(818, 57, 1, 2, '2017-01-20 08:16:43'),
(819, 57, 1, 2, '2017-01-20 08:16:43'),
(820, 58, 1, 2, '2017-01-20 08:20:22'),
(821, 58, 1, 2, '2017-01-20 08:20:22'),
(822, 58, 1, 2, '2017-01-20 08:20:22'),
(823, 59, 1, 2, '2017-01-20 08:25:20'),
(824, 59, 1, 2, '2017-01-20 08:25:20'),
(825, 60, 1, 2, '2017-01-20 08:31:45'),
(826, 60, 1, 2, '2017-01-20 08:31:45'),
(827, 61, 1, 2, '2017-01-20 08:46:27'),
(828, 61, 1, 2, '2017-01-20 08:46:27'),
(829, 61, 1, 2, '2017-01-20 08:46:27'),
(830, 62, 1, 2, '2017-01-20 08:52:23'),
(831, 62, 1, 2, '2017-01-20 08:52:23'),
(832, 62, 1, 2, '2017-01-20 08:52:23'),
(833, 63, 1, 2, '2017-01-20 09:50:00'),
(834, 63, 1, 2, '2017-01-20 09:50:00'),
(835, 63, 1, 2, '2017-01-20 09:50:00'),
(836, 64, 1, 2, '2017-01-20 10:01:42'),
(837, 64, 1, 2, '2017-01-20 10:01:42'),
(838, 64, 1, 2, '2017-01-20 10:01:42'),
(839, 65, 1, 2, '2017-01-20 10:15:15'),
(840, 65, 1, 2, '2017-01-20 10:15:15'),
(841, 65, 1, 2, '2017-01-20 10:15:15'),
(842, 66, 1, 2, '2017-01-21 06:33:13'),
(843, 66, 1, 2, '2017-01-21 06:33:13'),
(844, 66, 1, 2, '2017-01-21 06:33:13'),
(845, 67, 1, 2, '2017-01-21 06:38:37'),
(846, 67, 1, 2, '2017-01-21 06:38:37'),
(847, 67, 1, 2, '2017-01-21 06:38:37'),
(848, 68, 1, 2, '2017-01-21 07:03:50'),
(849, 68, 1, 2, '2017-01-21 07:03:50'),
(850, 68, 1, 2, '2017-01-21 07:03:50'),
(851, 68, 1, 2, '2017-01-21 07:03:50'),
(852, 68, 1, 2, '2017-01-21 07:03:50'),
(853, 69, 1, 2, '2017-01-21 07:06:46'),
(854, 69, 1, 2, '2017-01-21 07:06:46'),
(855, 69, 1, 2, '2017-01-21 07:06:46'),
(856, 69, 1, 2, '2017-01-21 07:06:46'),
(857, 69, 1, 2, '2017-01-21 07:06:46'),
(858, 70, 1, 2, '2017-01-21 07:09:34'),
(859, 70, 1, 2, '2017-01-21 07:09:34'),
(860, 70, 1, 2, '2017-01-21 07:09:34'),
(861, 70, 1, 2, '2017-01-21 07:09:34'),
(862, 70, 1, 2, '2017-01-21 07:09:34'),
(863, 70, 1, 2, '2017-01-21 07:09:34'),
(864, 71, 1, 2, '2017-01-21 07:20:39'),
(865, 71, 1, 2, '2017-01-21 07:20:39'),
(866, 71, 1, 2, '2017-01-21 07:20:39'),
(867, 71, 1, 2, '2017-01-21 07:20:39'),
(868, 72, 1, 2, '2017-01-21 07:26:46'),
(869, 72, 1, 2, '2017-01-21 07:26:46'),
(870, 72, 1, 2, '2017-01-21 07:26:46'),
(871, 72, 1, 2, '2017-01-21 07:26:46'),
(872, 72, 1, 2, '2017-01-21 07:26:46'),
(873, 73, 1, 2, '2017-01-21 08:00:33'),
(874, 73, 1, 2, '2017-01-21 08:00:33'),
(875, 73, 1, 2, '2017-01-21 08:00:33'),
(876, 73, 1, 2, '2017-01-21 08:00:33'),
(877, 73, 1, 2, '2017-01-21 08:00:33'),
(878, 74, 1, 2, '2017-01-21 08:13:39'),
(879, 74, 1, 2, '2017-01-21 08:13:39'),
(880, 74, 1, 2, '2017-01-21 08:13:39'),
(881, 74, 1, 2, '2017-01-21 08:13:39'),
(882, 74, 1, 2, '2017-01-21 08:13:39'),
(883, 75, 1, 2, '2017-01-23 07:06:33'),
(884, 75, 1, 2, '2017-01-23 07:06:33'),
(885, 75, 1, 2, '2017-01-23 07:06:33'),
(886, 75, 1, 2, '2017-01-23 07:06:33'),
(887, 75, 1, 2, '2017-01-23 07:06:33'),
(888, 76, 1, 2, '2017-01-23 07:15:04'),
(889, 76, 1, 2, '2017-01-23 07:15:04'),
(890, 76, 1, 2, '2017-01-23 07:15:04'),
(891, 76, 1, 2, '2017-01-23 07:15:04'),
(892, 76, 1, 2, '2017-01-23 07:15:04'),
(893, 77, 1, 2, '2017-01-23 07:25:28'),
(894, 77, 1, 2, '2017-01-23 07:25:28'),
(895, 77, 1, 2, '2017-01-23 07:25:28'),
(896, 77, 1, 2, '2017-01-23 07:25:28'),
(897, 78, 1, 2, '2017-01-23 07:31:44'),
(898, 78, 1, 2, '2017-01-23 07:31:44'),
(899, 78, 1, 2, '2017-01-23 07:31:44'),
(900, 78, 1, 2, '2017-01-23 07:31:44'),
(901, 78, 1, 2, '2017-01-23 07:31:44'),
(902, 79, 1, 2, '2017-01-23 07:42:24'),
(903, 79, 1, 2, '2017-01-23 07:42:24'),
(904, 79, 1, 2, '2017-01-23 07:42:24'),
(905, 79, 1, 2, '2017-01-23 07:42:24'),
(906, 79, 1, 2, '2017-01-23 07:42:24'),
(907, 80, 1, 2, '2017-01-23 07:44:33'),
(908, 80, 1, 2, '2017-01-23 07:44:33'),
(909, 80, 1, 2, '2017-01-23 07:44:33'),
(910, 80, 1, 2, '2017-01-23 07:44:33'),
(911, 80, 1, 2, '2017-01-23 07:44:33'),
(912, 81, 1, 2, '2017-01-23 07:51:20'),
(913, 81, 1, 2, '2017-01-23 07:51:20'),
(914, 81, 1, 2, '2017-01-23 07:51:20'),
(915, 81, 1, 2, '2017-01-23 07:51:20'),
(916, 81, 1, 2, '2017-01-23 07:51:20'),
(917, 82, 1, 2, '2017-01-23 08:04:21'),
(918, 82, 1, 2, '2017-01-23 08:04:21'),
(919, 82, 1, 2, '2017-01-23 08:04:21'),
(920, 82, 1, 2, '2017-01-23 08:04:21'),
(921, 82, 1, 2, '2017-01-23 08:04:21'),
(922, 83, 1, 2, '2017-01-23 08:12:02'),
(923, 83, 1, 2, '2017-01-23 08:12:02'),
(924, 83, 1, 2, '2017-01-23 08:12:02'),
(925, 83, 1, 2, '2017-01-23 08:12:02'),
(926, 83, 1, 2, '2017-01-23 08:12:02'),
(927, 84, 1, 2, '2017-01-23 08:37:00'),
(928, 84, 1, 2, '2017-01-23 08:37:00'),
(929, 84, 1, 2, '2017-01-23 08:37:00'),
(930, 84, 1, 2, '2017-01-23 08:37:00'),
(931, 84, 1, 2, '2017-01-23 08:37:00'),
(932, 85, 1, 2, '2017-01-23 08:39:00'),
(933, 85, 1, 2, '2017-01-23 08:39:00'),
(934, 85, 1, 2, '2017-01-23 08:39:00'),
(935, 85, 1, 2, '2017-01-23 08:39:00'),
(936, 85, 1, 2, '2017-01-23 08:39:00'),
(937, 86, 1, 2, '2017-01-23 08:42:42'),
(938, 86, 1, 2, '2017-01-23 08:42:42'),
(939, 86, 1, 2, '2017-01-23 08:42:42'),
(940, 86, 1, 2, '2017-01-23 08:42:42'),
(941, 86, 1, 2, '2017-01-23 08:42:42'),
(942, 87, 1, 2, '2017-01-23 08:49:58'),
(943, 87, 1, 2, '2017-01-23 08:49:58'),
(944, 87, 1, 2, '2017-01-23 08:49:58'),
(945, 87, 1, 2, '2017-01-23 08:49:58'),
(946, 87, 1, 2, '2017-01-23 08:49:58'),
(947, 87, 1, 2, '2017-01-23 08:49:58'),
(948, 87, 1, 2, '2017-01-23 08:49:58'),
(949, 87, 1, 2, '2017-01-23 08:49:58'),
(950, 87, 1, 2, '2017-01-23 08:49:58'),
(951, 87, 1, 2, '2017-01-23 08:49:58'),
(952, 88, 1, 2, '2017-01-23 08:59:46'),
(953, 88, 1, 2, '2017-01-23 08:59:46'),
(954, 88, 1, 2, '2017-01-23 08:59:46'),
(955, 88, 1, 2, '2017-01-23 08:59:46'),
(956, 88, 1, 2, '2017-01-23 08:59:46'),
(957, 88, 1, 2, '2017-01-23 08:59:46'),
(958, 88, 1, 2, '2017-01-23 08:59:46'),
(959, 88, 1, 2, '2017-01-23 08:59:46'),
(960, 88, 1, 2, '2017-01-23 08:59:46'),
(961, 88, 1, 2, '2017-01-23 08:59:46'),
(962, 89, 1, 2, '2017-01-23 09:03:40'),
(963, 89, 1, 2, '2017-01-23 09:03:40'),
(964, 89, 1, 2, '2017-01-23 09:03:40'),
(965, 89, 1, 2, '2017-01-23 09:03:40'),
(966, 89, 1, 2, '2017-01-23 09:03:40'),
(967, 89, 1, 2, '2017-01-23 09:03:40'),
(968, 89, 1, 2, '2017-01-23 09:03:40'),
(969, 89, 1, 2, '2017-01-23 09:03:40'),
(970, 89, 1, 2, '2017-01-23 09:03:40'),
(971, 89, 1, 2, '2017-01-23 09:03:40'),
(972, 90, 1, 2, '2017-01-23 09:07:26'),
(973, 90, 1, 2, '2017-01-23 09:07:26'),
(974, 90, 1, 2, '2017-01-23 09:07:26'),
(975, 90, 1, 2, '2017-01-23 09:07:26'),
(976, 90, 1, 2, '2017-01-23 09:07:26'),
(977, 91, 1, 2, '2017-01-23 09:11:04'),
(978, 91, 1, 2, '2017-01-23 09:11:04'),
(979, 91, 1, 2, '2017-01-23 09:11:04'),
(980, 91, 1, 2, '2017-01-23 09:11:04'),
(981, 91, 1, 2, '2017-01-23 09:11:04'),
(982, 91, 1, 2, '2017-01-23 09:11:04'),
(983, 91, 1, 2, '2017-01-23 09:11:04'),
(984, 91, 1, 2, '2017-01-23 09:11:04'),
(985, 91, 1, 2, '2017-01-23 09:11:04'),
(986, 91, 1, 2, '2017-01-23 09:11:04'),
(987, 92, 1, 2, '2017-01-23 09:17:13'),
(988, 92, 1, 2, '2017-01-23 09:17:13'),
(989, 92, 1, 2, '2017-01-23 09:17:13'),
(990, 92, 1, 2, '2017-01-23 09:17:13'),
(991, 92, 1, 2, '2017-01-23 09:17:13'),
(992, 92, 1, 2, '2017-01-23 09:17:13'),
(993, 92, 1, 2, '2017-01-23 09:17:13'),
(994, 93, 1, 2, '2017-01-23 09:20:15'),
(995, 93, 1, 2, '2017-01-23 09:20:15'),
(996, 93, 1, 2, '2017-01-23 09:20:15'),
(997, 93, 1, 2, '2017-01-23 09:20:15'),
(998, 93, 1, 2, '2017-01-23 09:20:15'),
(999, 93, 1, 2, '2017-01-23 09:20:15'),
(1000, 93, 1, 2, '2017-01-23 09:20:15'),
(1001, 93, 1, 2, '2017-01-23 09:20:15'),
(1002, 93, 1, 2, '2017-01-23 09:20:15'),
(1003, 93, 1, 2, '2017-01-23 09:20:15'),
(1004, 94, 1, 2, '2017-01-23 09:26:48'),
(1005, 94, 1, 2, '2017-01-23 09:26:48'),
(1006, 94, 1, 2, '2017-01-23 09:26:48'),
(1007, 94, 1, 2, '2017-01-23 09:26:48'),
(1008, 94, 1, 2, '2017-01-23 09:26:48'),
(1009, 94, 1, 2, '2017-01-23 09:26:48'),
(1010, 94, 1, 2, '2017-01-23 09:26:48'),
(1011, 94, 1, 2, '2017-01-23 09:26:48'),
(1012, 94, 1, 2, '2017-01-23 09:26:48'),
(1013, 94, 1, 2, '2017-01-23 09:26:48'),
(1014, 95, 1, 2, '2017-01-23 09:32:21'),
(1015, 95, 1, 2, '2017-01-23 09:32:21'),
(1016, 95, 1, 2, '2017-01-23 09:32:21'),
(1017, 95, 1, 2, '2017-01-23 09:32:21'),
(1018, 95, 1, 2, '2017-01-23 09:32:21'),
(1019, 95, 1, 2, '2017-01-23 09:32:21'),
(1020, 95, 1, 2, '2017-01-23 09:32:21'),
(1021, 95, 1, 2, '2017-01-23 09:32:21'),
(1022, 95, 1, 2, '2017-01-23 09:32:21'),
(1023, 95, 1, 2, '2017-01-23 09:32:21'),
(1024, 96, 1, 2, '2017-01-23 09:35:33'),
(1025, 96, 1, 2, '2017-01-23 09:35:33'),
(1026, 96, 1, 2, '2017-01-23 09:35:33'),
(1027, 96, 1, 2, '2017-01-23 09:35:33'),
(1028, 96, 1, 2, '2017-01-23 09:35:33'),
(1029, 96, 1, 2, '2017-01-23 09:35:33'),
(1030, 96, 1, 2, '2017-01-23 09:35:33'),
(1031, 96, 1, 2, '2017-01-23 09:35:33'),
(1032, 96, 1, 2, '2017-01-23 09:35:33'),
(1033, 96, 1, 2, '2017-01-23 09:35:33'),
(1034, 98, 1, 2, '2017-01-24 06:04:49'),
(1035, 98, 1, 2, '2017-01-24 06:04:49'),
(1036, 98, 1, 2, '2017-01-24 06:04:49'),
(1037, 98, 1, 2, '2017-01-24 06:04:49'),
(1038, 98, 1, 2, '2017-01-24 06:04:49'),
(1039, 98, 1, 2, '2017-01-24 06:04:49'),
(1040, 98, 1, 2, '2017-01-24 06:04:49'),
(1041, 98, 1, 2, '2017-01-24 06:04:49'),
(1042, 98, 1, 2, '2017-01-24 06:04:49'),
(1043, 98, 1, 2, '2017-01-24 06:04:49'),
(1044, 99, 1, 2, '2017-01-24 06:11:25'),
(1045, 99, 1, 2, '2017-01-24 06:11:25'),
(1046, 99, 1, 2, '2017-01-24 06:11:25'),
(1047, 100, 1, 2, '2017-01-24 06:14:35'),
(1048, 100, 1, 2, '2017-01-24 06:14:35'),
(1049, 100, 1, 2, '2017-01-24 06:14:35'),
(1050, 100, 1, 2, '2017-01-24 06:14:35'),
(1051, 100, 1, 2, '2017-01-24 06:14:35'),
(1052, 100, 1, 2, '2017-01-24 06:14:35'),
(1053, 100, 1, 2, '2017-01-24 06:14:35'),
(1054, 100, 1, 2, '2017-01-24 06:14:35'),
(1055, 100, 1, 2, '2017-01-24 06:14:35'),
(1056, 100, 1, 2, '2017-01-24 06:14:35'),
(1057, 101, 1, 2, '2017-01-24 06:30:35'),
(1058, 101, 1, 2, '2017-01-24 06:30:35'),
(1059, 101, 1, 2, '2017-01-24 06:30:35'),
(1060, 101, 1, 2, '2017-01-24 06:30:35'),
(1061, 101, 1, 2, '2017-01-24 06:30:35'),
(1062, 101, 1, 2, '2017-01-24 06:30:35'),
(1063, 101, 1, 2, '2017-01-24 06:30:35'),
(1064, 101, 1, 2, '2017-01-24 06:30:35'),
(1065, 101, 1, 2, '2017-01-24 06:30:35'),
(1066, 101, 1, 2, '2017-01-24 06:30:35'),
(1067, 101, 1, 2, '2017-01-24 06:30:35'),
(1068, 101, 1, 2, '2017-01-24 06:30:35'),
(1069, 102, 1, 2, '2017-01-24 06:35:05'),
(1070, 102, 1, 2, '2017-01-24 06:35:05'),
(1071, 102, 1, 2, '2017-01-24 06:35:05'),
(1072, 102, 1, 2, '2017-01-24 06:35:05'),
(1073, 102, 1, 2, '2017-01-24 06:35:05'),
(1074, 103, 1, 2, '2017-01-24 06:58:26'),
(1075, 103, 1, 2, '2017-01-24 06:58:26'),
(1076, 103, 1, 2, '2017-01-24 06:58:26'),
(1077, 103, 1, 2, '2017-01-24 06:58:26'),
(1078, 103, 1, 2, '2017-01-24 06:58:26'),
(1079, 104, 1, 2, '2017-01-24 08:02:49'),
(1080, 104, 1, 2, '2017-01-24 08:02:49'),
(1081, 104, 1, 2, '2017-01-24 08:02:49'),
(1082, 104, 1, 2, '2017-01-24 08:02:49'),
(1083, 104, 1, 2, '2017-01-24 08:02:49'),
(1084, 106, 1, 2, '2017-01-24 08:11:49'),
(1085, 106, 1, 2, '2017-01-24 08:11:49'),
(1086, 106, 1, 2, '2017-01-24 08:11:49'),
(1087, 106, 1, 2, '2017-01-24 08:11:49'),
(1088, 106, 1, 2, '2017-01-24 08:11:49'),
(1089, 107, 1, 2, '2017-01-24 08:16:07'),
(1090, 107, 1, 2, '2017-01-24 08:16:07'),
(1091, 107, 1, 2, '2017-01-24 08:16:07'),
(1092, 107, 1, 2, '2017-01-24 08:16:07'),
(1093, 107, 1, 2, '2017-01-24 08:16:07'),
(1094, 109, 1, 2, '2017-01-25 07:23:18'),
(1095, 109, 1, 2, '2017-01-25 07:23:18'),
(1096, 109, 1, 2, '2017-01-25 07:23:18'),
(1097, 109, 1, 2, '2017-01-25 07:23:18'),
(1098, 109, 1, 2, '2017-01-25 07:23:18'),
(1099, 109, 1, 2, '2017-01-25 07:23:18'),
(1100, 109, 1, 2, '2017-01-25 07:23:18'),
(1101, 110, 1, 2, '2017-01-25 07:26:55'),
(1102, 110, 1, 2, '2017-01-25 07:26:55'),
(1103, 110, 1, 2, '2017-01-25 07:26:55'),
(1104, 110, 1, 2, '2017-01-25 07:26:55'),
(1105, 110, 1, 2, '2017-01-25 07:26:55'),
(1106, 111, 1, 2, '2017-01-25 07:30:52'),
(1107, 111, 1, 2, '2017-01-25 07:30:52'),
(1108, 111, 1, 2, '2017-01-25 07:30:52'),
(1109, 111, 1, 2, '2017-01-25 07:30:52'),
(1110, 111, 1, 2, '2017-01-25 07:30:52'),
(1111, 112, 1, 2, '2017-01-25 09:49:08'),
(1112, 112, 1, 2, '2017-01-25 09:49:08'),
(1113, 112, 1, 2, '2017-01-25 09:49:08'),
(1114, 112, 1, 2, '2017-01-25 09:49:08'),
(1115, 112, 1, 2, '2017-01-25 09:49:08'),
(1116, 113, 1, 2, '2017-01-27 06:30:10'),
(1117, 113, 1, 2, '2017-01-27 06:30:10'),
(1118, 113, 1, 2, '2017-01-27 06:30:10'),
(1119, 113, 1, 2, '2017-01-27 06:30:10'),
(1120, 113, 1, 2, '2017-01-27 06:30:10'),
(1121, 114, 1, 2, '2017-01-27 06:32:46'),
(1122, 114, 1, 2, '2017-01-27 06:32:46'),
(1123, 114, 1, 2, '2017-01-27 06:32:46'),
(1124, 114, 1, 2, '2017-01-27 06:32:46'),
(1125, 115, 1, 2, '2017-01-27 06:40:07'),
(1126, 116, 1, 2, '2017-01-27 06:42:33'),
(1127, 117, 1, 2, '2017-01-27 06:45:50'),
(1128, 118, 1, 2, '2017-01-27 06:49:23'),
(1129, 119, 1, 2, '2017-01-27 07:00:56'),
(1130, 119, 1, 2, '2017-01-27 07:00:56'),
(1131, 119, 1, 2, '2017-01-27 07:00:56'),
(1132, 119, 1, 2, '2017-01-27 07:00:56'),
(1133, 119, 1, 2, '2017-01-27 07:00:56'),
(1134, 119, 1, 2, '2017-01-27 07:00:56'),
(1135, 119, 1, 2, '2017-01-27 07:00:56'),
(1136, 119, 1, 2, '2017-01-27 07:00:56'),
(1137, 119, 1, 2, '2017-01-27 07:00:56'),
(1138, 119, 1, 2, '2017-01-27 07:00:56'),
(1139, 119, 1, 2, '2017-01-27 07:00:56'),
(1140, 119, 1, 2, '2017-01-27 07:00:56'),
(1141, 119, 1, 2, '2017-01-27 07:00:56'),
(1142, 119, 1, 2, '2017-01-27 07:00:56'),
(1143, 119, 1, 2, '2017-01-27 07:00:56'),
(1144, 119, 1, 2, '2017-01-27 07:00:56'),
(1145, 119, 1, 2, '2017-01-27 07:00:56'),
(1146, 119, 1, 2, '2017-01-27 07:00:56'),
(1147, 119, 1, 2, '2017-01-27 07:00:56'),
(1148, 119, 1, 2, '2017-01-27 07:00:56'),
(1149, 120, 1, 2, '2017-01-27 07:01:38'),
(1150, 120, 1, 2, '2017-01-27 07:01:38'),
(1151, 120, 1, 2, '2017-01-27 07:01:38'),
(1152, 120, 1, 2, '2017-01-27 07:01:38'),
(1153, 120, 1, 2, '2017-01-27 07:01:38'),
(1154, 120, 1, 2, '2017-01-27 07:01:38'),
(1155, 120, 1, 2, '2017-01-27 07:01:38'),
(1156, 120, 1, 2, '2017-01-27 07:01:38'),
(1157, 120, 1, 2, '2017-01-27 07:01:38'),
(1158, 120, 1, 2, '2017-01-27 07:01:38'),
(1159, 120, 1, 2, '2017-01-27 07:01:38'),
(1160, 120, 1, 2, '2017-01-27 07:01:38'),
(1161, 120, 1, 2, '2017-01-27 07:01:38'),
(1162, 120, 1, 2, '2017-01-27 07:01:38'),
(1163, 120, 1, 2, '2017-01-27 07:01:38'),
(1164, 120, 1, 2, '2017-01-27 07:01:38'),
(1165, 120, 1, 2, '2017-01-27 07:01:38'),
(1166, 120, 1, 2, '2017-01-27 07:01:38'),
(1167, 120, 1, 2, '2017-01-27 07:01:38'),
(1168, 120, 1, 2, '2017-01-27 07:01:38'),
(1169, 121, 1, 2, '2017-01-27 07:04:55'),
(1170, 122, 1, 2, '2017-01-27 07:10:03'),
(1171, 123, 1, 2, '2017-01-27 07:12:06'),
(1172, 124, 1, 2, '2017-01-27 07:14:02'),
(1173, 125, 1, 2, '2017-01-27 07:19:23'),
(1174, 126, 1, 2, '2017-01-27 07:22:48'),
(1175, 127, 1, 2, '2017-01-27 07:25:23'),
(1176, 128, 1, 2, '2017-01-27 07:33:51'),
(1177, 128, 1, 2, '2017-01-27 07:33:51'),
(1178, 128, 1, 2, '2017-01-27 07:33:51'),
(1179, 128, 1, 2, '2017-01-27 07:33:51'),
(1180, 128, 1, 2, '2017-01-27 07:33:51'),
(1181, 128, 1, 2, '2017-01-27 07:33:51'),
(1182, 128, 1, 2, '2017-01-27 07:33:51'),
(1183, 128, 1, 2, '2017-01-27 07:33:51'),
(1184, 128, 1, 2, '2017-01-27 07:33:51'),
(1185, 128, 1, 2, '2017-01-27 07:33:51'),
(1186, 128, 1, 2, '2017-01-27 07:33:51'),
(1187, 128, 1, 2, '2017-01-27 07:33:51'),
(1188, 128, 1, 2, '2017-01-27 07:33:51'),
(1189, 128, 1, 2, '2017-01-27 07:33:51'),
(1190, 128, 1, 2, '2017-01-27 07:33:51'),
(1191, 129, 1, 2, '2017-01-27 07:36:27'),
(1192, 129, 1, 2, '2017-01-27 07:36:27'),
(1193, 129, 1, 2, '2017-01-27 07:36:27'),
(1194, 129, 1, 2, '2017-01-27 07:36:27'),
(1195, 129, 1, 2, '2017-01-27 07:36:27'),
(1196, 129, 1, 2, '2017-01-27 07:36:27'),
(1197, 129, 1, 2, '2017-01-27 07:36:27'),
(1198, 129, 1, 2, '2017-01-27 07:36:27'),
(1199, 129, 1, 2, '2017-01-27 07:36:27'),
(1200, 129, 1, 2, '2017-01-27 07:36:27'),
(1201, 129, 1, 2, '2017-01-27 07:36:27'),
(1202, 129, 1, 2, '2017-01-27 07:36:27'),
(1203, 129, 1, 2, '2017-01-27 07:36:27'),
(1204, 129, 1, 2, '2017-01-27 07:36:27'),
(1205, 129, 1, 2, '2017-01-27 07:36:27'),
(1206, 129, 1, 2, '2017-01-27 07:36:27'),
(1207, 129, 1, 2, '2017-01-27 07:36:27'),
(1208, 130, 1, 2, '2017-01-27 07:40:20'),
(1209, 130, 1, 2, '2017-01-27 07:40:20'),
(1210, 130, 1, 2, '2017-01-27 07:40:20'),
(1211, 130, 1, 2, '2017-01-27 07:40:20'),
(1212, 130, 1, 2, '2017-01-27 07:40:20'),
(1213, 130, 1, 2, '2017-01-27 07:40:20'),
(1214, 130, 1, 2, '2017-01-27 07:40:20'),
(1215, 130, 1, 2, '2017-01-27 07:40:20'),
(1216, 130, 1, 2, '2017-01-27 07:40:20'),
(1217, 130, 1, 2, '2017-01-27 07:40:20'),
(1218, 130, 1, 2, '2017-01-27 07:40:20'),
(1219, 130, 1, 2, '2017-01-27 07:40:20'),
(1220, 130, 1, 2, '2017-01-27 07:40:20'),
(1221, 130, 1, 2, '2017-01-27 07:40:20'),
(1222, 130, 1, 2, '2017-01-27 07:40:20'),
(1223, 130, 1, 2, '2017-01-27 07:40:20'),
(1224, 130, 1, 2, '2017-01-27 07:40:20'),
(1225, 130, 1, 2, '2017-01-27 07:40:20'),
(1226, 130, 1, 2, '2017-01-27 07:40:20'),
(1227, 130, 1, 2, '2017-01-27 07:40:20'),
(1228, 131, 1, 2, '2017-01-27 07:42:36'),
(1229, 131, 1, 2, '2017-01-27 07:42:36'),
(1230, 131, 1, 2, '2017-01-27 07:42:36'),
(1231, 131, 1, 2, '2017-01-27 07:42:36'),
(1232, 131, 1, 2, '2017-01-27 07:42:36'),
(1233, 131, 1, 2, '2017-01-27 07:42:36'),
(1234, 131, 1, 2, '2017-01-27 07:42:36'),
(1235, 131, 1, 2, '2017-01-27 07:42:36'),
(1236, 131, 1, 2, '2017-01-27 07:42:36'),
(1237, 131, 1, 2, '2017-01-27 07:42:36'),
(1238, 131, 1, 2, '2017-01-27 07:42:36'),
(1239, 131, 1, 2, '2017-01-27 07:42:36'),
(1240, 131, 1, 2, '2017-01-27 07:42:36'),
(1241, 131, 1, 2, '2017-01-27 07:42:36'),
(1242, 131, 1, 2, '2017-01-27 07:42:36'),
(1243, 131, 1, 2, '2017-01-27 07:42:36'),
(1244, 131, 1, 2, '2017-01-27 07:42:36'),
(1245, 131, 1, 2, '2017-01-27 07:42:36'),
(1246, 131, 1, 2, '2017-01-27 07:42:36'),
(1247, 131, 1, 2, '2017-01-27 07:42:36'),
(1248, 131, 1, 2, '2017-01-27 07:42:36'),
(1249, 131, 1, 2, '2017-01-27 07:42:36'),
(1250, 131, 1, 2, '2017-01-27 07:42:36'),
(1251, 131, 1, 2, '2017-01-27 07:42:36'),
(1252, 131, 1, 2, '2017-01-27 07:42:36'),
(1253, 132, 1, 2, '2017-01-27 07:45:28'),
(1254, 132, 1, 2, '2017-01-27 07:45:28'),
(1255, 132, 1, 2, '2017-01-27 07:45:28'),
(1256, 132, 1, 2, '2017-01-27 07:45:28'),
(1257, 132, 1, 2, '2017-01-27 07:45:28'),
(1258, 132, 1, 2, '2017-01-27 07:45:28'),
(1259, 132, 1, 2, '2017-01-27 07:45:28'),
(1260, 132, 1, 2, '2017-01-27 07:45:28'),
(1261, 132, 1, 2, '2017-01-27 07:45:28'),
(1262, 132, 1, 2, '2017-01-27 07:45:28'),
(1263, 132, 1, 2, '2017-01-27 07:45:28'),
(1264, 132, 1, 2, '2017-01-27 07:45:28'),
(1265, 132, 1, 2, '2017-01-27 07:45:28'),
(1266, 132, 1, 2, '2017-01-27 07:45:28'),
(1267, 132, 1, 2, '2017-01-27 07:45:28'),
(1268, 132, 1, 2, '2017-01-27 07:45:28'),
(1269, 132, 1, 2, '2017-01-27 07:45:28'),
(1270, 132, 1, 2, '2017-01-27 07:45:28'),
(1271, 132, 1, 2, '2017-01-27 07:45:28'),
(1272, 132, 1, 2, '2017-01-27 07:45:28'),
(1273, 133, 1, 2, '2017-01-27 07:49:55'),
(1274, 133, 1, 2, '2017-01-27 07:49:55'),
(1275, 133, 1, 2, '2017-01-27 07:49:55'),
(1276, 133, 1, 2, '2017-01-27 07:49:55'),
(1277, 133, 1, 2, '2017-01-27 07:49:55'),
(1278, 133, 1, 2, '2017-01-27 07:49:55'),
(1279, 133, 1, 2, '2017-01-27 07:49:55'),
(1280, 133, 1, 2, '2017-01-27 07:49:55'),
(1281, 133, 1, 2, '2017-01-27 07:49:55'),
(1282, 133, 1, 2, '2017-01-27 07:49:55'),
(1283, 133, 1, 2, '2017-01-27 07:49:55'),
(1284, 133, 1, 2, '2017-01-27 07:49:55'),
(1285, 133, 1, 2, '2017-01-27 07:49:55'),
(1286, 133, 1, 2, '2017-01-27 07:49:55'),
(1287, 133, 1, 2, '2017-01-27 07:49:55'),
(1288, 133, 1, 2, '2017-01-27 07:49:55'),
(1289, 133, 1, 2, '2017-01-27 07:49:55'),
(1290, 133, 1, 2, '2017-01-27 07:49:55'),
(1291, 133, 1, 2, '2017-01-27 07:49:55'),
(1292, 133, 1, 2, '2017-01-27 07:49:55'),
(1293, 134, 1, 2, '2017-01-27 07:53:50'),
(1294, 134, 1, 2, '2017-01-27 07:53:50'),
(1295, 134, 1, 2, '2017-01-27 07:53:50'),
(1296, 134, 1, 2, '2017-01-27 07:53:50'),
(1297, 134, 1, 2, '2017-01-27 07:53:50'),
(1298, 134, 1, 2, '2017-01-27 07:53:50'),
(1299, 134, 1, 2, '2017-01-27 07:53:50'),
(1300, 134, 1, 2, '2017-01-27 07:53:50'),
(1301, 134, 1, 2, '2017-01-27 07:53:50'),
(1302, 134, 1, 2, '2017-01-27 07:53:50'),
(1303, 134, 1, 2, '2017-01-27 07:53:50'),
(1304, 134, 1, 2, '2017-01-27 07:53:50');
INSERT INTO `l_book_issue` (`issue_id`, `book_id`, `available_status`, `added_by`, `added_at_timestamp`) VALUES
(1305, 134, 1, 2, '2017-01-27 07:53:50'),
(1306, 134, 1, 2, '2017-01-27 07:53:50'),
(1307, 134, 1, 2, '2017-01-27 07:53:50'),
(1308, 135, 1, 2, '2017-01-27 07:58:29'),
(1309, 135, 1, 2, '2017-01-27 07:58:29'),
(1310, 135, 1, 2, '2017-01-27 07:58:29'),
(1311, 135, 1, 2, '2017-01-27 07:58:29'),
(1312, 135, 1, 2, '2017-01-27 07:58:29'),
(1313, 135, 1, 2, '2017-01-27 07:58:29'),
(1314, 135, 1, 2, '2017-01-27 07:58:29'),
(1315, 135, 1, 2, '2017-01-27 07:58:29'),
(1316, 135, 1, 2, '2017-01-27 07:58:29'),
(1317, 135, 1, 2, '2017-01-27 07:58:29'),
(1318, 135, 1, 2, '2017-01-27 07:58:29'),
(1319, 135, 1, 2, '2017-01-27 07:58:29'),
(1320, 135, 1, 2, '2017-01-27 07:58:29'),
(1321, 135, 1, 2, '2017-01-27 07:58:29'),
(1322, 135, 1, 2, '2017-01-27 07:58:29'),
(1323, 135, 1, 2, '2017-01-27 07:58:29'),
(1324, 135, 1, 2, '2017-01-27 07:58:29'),
(1325, 135, 1, 2, '2017-01-27 07:58:29'),
(1326, 135, 1, 2, '2017-01-27 07:58:29'),
(1327, 135, 1, 2, '2017-01-27 07:58:29'),
(1328, 136, 1, 2, '2017-01-27 08:03:06'),
(1329, 136, 1, 2, '2017-01-27 08:03:06'),
(1330, 136, 1, 2, '2017-01-27 08:03:06'),
(1331, 136, 1, 2, '2017-01-27 08:03:06'),
(1332, 136, 1, 2, '2017-01-27 08:03:06'),
(1333, 136, 1, 2, '2017-01-27 08:03:06'),
(1334, 136, 1, 2, '2017-01-27 08:03:06'),
(1335, 136, 1, 2, '2017-01-27 08:03:06'),
(1336, 136, 1, 2, '2017-01-27 08:03:06'),
(1337, 136, 1, 2, '2017-01-27 08:03:06'),
(1338, 136, 1, 2, '2017-01-27 08:03:06'),
(1339, 136, 1, 2, '2017-01-27 08:03:06'),
(1340, 136, 1, 2, '2017-01-27 08:03:06'),
(1341, 136, 1, 2, '2017-01-27 08:03:06'),
(1342, 136, 1, 2, '2017-01-27 08:03:06'),
(1343, 136, 1, 2, '2017-01-27 08:03:06'),
(1344, 136, 1, 2, '2017-01-27 08:03:06'),
(1345, 136, 1, 2, '2017-01-27 08:03:06'),
(1346, 136, 1, 2, '2017-01-27 08:03:06'),
(1347, 136, 1, 2, '2017-01-27 08:03:06'),
(1348, 137, 1, 2, '2017-01-27 08:07:12'),
(1349, 137, 1, 2, '2017-01-27 08:07:12'),
(1350, 137, 1, 2, '2017-01-27 08:07:12'),
(1351, 137, 1, 2, '2017-01-27 08:07:12'),
(1352, 137, 1, 2, '2017-01-27 08:07:12'),
(1353, 137, 1, 2, '2017-01-27 08:07:12'),
(1354, 137, 1, 2, '2017-01-27 08:07:12'),
(1355, 137, 1, 2, '2017-01-27 08:07:12'),
(1356, 137, 1, 2, '2017-01-27 08:07:12'),
(1357, 137, 1, 2, '2017-01-27 08:07:12'),
(1358, 137, 1, 2, '2017-01-27 08:07:12'),
(1359, 137, 1, 2, '2017-01-27 08:07:12'),
(1360, 137, 1, 2, '2017-01-27 08:07:12'),
(1361, 137, 1, 2, '2017-01-27 08:07:12'),
(1362, 137, 1, 2, '2017-01-27 08:07:12'),
(1363, 137, 1, 2, '2017-01-27 08:07:12'),
(1364, 137, 1, 2, '2017-01-27 08:07:12'),
(1365, 137, 1, 2, '2017-01-27 08:07:12'),
(1366, 137, 1, 2, '2017-01-27 08:07:12'),
(1367, 137, 1, 2, '2017-01-27 08:07:12'),
(1368, 137, 1, 2, '2017-01-27 08:07:12'),
(1369, 137, 1, 2, '2017-01-27 08:07:12'),
(1370, 137, 1, 2, '2017-01-27 08:07:12'),
(1371, 137, 1, 2, '2017-01-27 08:07:12'),
(1372, 137, 1, 2, '2017-01-27 08:07:12'),
(1373, 137, 1, 2, '2017-01-27 08:07:12'),
(1374, 137, 1, 2, '2017-01-27 08:07:12'),
(1375, 137, 1, 2, '2017-01-27 08:07:12'),
(1376, 137, 1, 2, '2017-01-27 08:07:12'),
(1377, 137, 1, 2, '2017-01-27 08:07:12'),
(1378, 138, 1, 2, '2017-01-27 08:12:28'),
(1379, 140, 1, 2, '2017-01-27 08:31:46'),
(1380, 141, 1, 2, '2017-01-27 09:05:31'),
(1381, 141, 1, 2, '2017-01-27 09:05:31'),
(1382, 143, 1, 2, '2017-01-30 07:37:22'),
(1383, 143, 1, 2, '2017-01-30 07:37:22'),
(1384, 143, 1, 2, '2017-01-30 07:37:22'),
(1385, 143, 1, 2, '2017-01-30 07:37:22'),
(1386, 143, 1, 2, '2017-01-30 07:37:22'),
(1387, 143, 1, 2, '2017-01-30 07:37:22'),
(1388, 143, 1, 2, '2017-01-30 07:37:22'),
(1389, 143, 1, 2, '2017-01-30 07:37:22'),
(1390, 143, 1, 2, '2017-01-30 07:37:22'),
(1391, 143, 1, 2, '2017-01-30 07:37:22'),
(1392, 144, 1, 2, '2017-01-30 07:39:48'),
(1393, 144, 1, 2, '2017-01-30 07:39:48'),
(1394, 144, 1, 2, '2017-01-30 07:39:48'),
(1395, 144, 1, 2, '2017-01-30 07:39:48'),
(1396, 144, 1, 2, '2017-01-30 07:39:48'),
(1397, 144, 1, 2, '2017-01-30 07:39:48'),
(1398, 144, 1, 2, '2017-01-30 07:39:48'),
(1399, 144, 1, 2, '2017-01-30 07:39:48'),
(1400, 144, 1, 2, '2017-01-30 07:39:48'),
(1401, 144, 1, 2, '2017-01-30 07:39:48'),
(1402, 145, 1, 2, '2017-01-30 07:43:26'),
(1403, 145, 1, 2, '2017-01-30 07:43:26'),
(1404, 145, 1, 2, '2017-01-30 07:43:26'),
(1405, 145, 1, 2, '2017-01-30 07:43:26'),
(1406, 145, 1, 2, '2017-01-30 07:43:26'),
(1407, 145, 1, 2, '2017-01-30 07:43:26'),
(1408, 145, 1, 2, '2017-01-30 07:43:26'),
(1409, 145, 1, 2, '2017-01-30 07:43:26'),
(1410, 145, 1, 2, '2017-01-30 07:43:26'),
(1411, 145, 1, 2, '2017-01-30 07:43:26'),
(1412, 146, 1, 2, '2017-01-30 07:47:22'),
(1413, 146, 1, 2, '2017-01-30 07:47:22'),
(1414, 146, 1, 2, '2017-01-30 07:47:22'),
(1415, 146, 1, 2, '2017-01-30 07:47:22'),
(1416, 146, 1, 2, '2017-01-30 07:47:22'),
(1417, 146, 1, 2, '2017-01-30 07:47:22'),
(1418, 146, 1, 2, '2017-01-30 07:47:22'),
(1419, 146, 1, 2, '2017-01-30 07:47:22'),
(1420, 146, 1, 2, '2017-01-30 07:47:22'),
(1421, 146, 1, 2, '2017-01-30 07:47:22'),
(1422, 147, 1, 2, '2017-01-30 07:54:44'),
(1423, 147, 1, 2, '2017-01-30 07:54:44'),
(1424, 147, 1, 2, '2017-01-30 07:54:44'),
(1425, 147, 1, 2, '2017-01-30 07:54:44'),
(1426, 147, 1, 2, '2017-01-30 07:54:44'),
(1427, 147, 1, 2, '2017-01-30 07:54:44'),
(1428, 147, 1, 2, '2017-01-30 07:54:44'),
(1429, 147, 1, 2, '2017-01-30 07:54:44'),
(1430, 147, 1, 2, '2017-01-30 07:54:44'),
(1431, 147, 1, 2, '2017-01-30 07:54:44'),
(1432, 148, 1, 2, '2017-01-30 07:57:54'),
(1433, 148, 1, 2, '2017-01-30 07:57:54'),
(1434, 148, 1, 2, '2017-01-30 07:57:54'),
(1435, 148, 1, 2, '2017-01-30 07:57:54'),
(1436, 148, 1, 2, '2017-01-30 07:57:54'),
(1437, 148, 1, 2, '2017-01-30 07:57:54'),
(1438, 148, 1, 2, '2017-01-30 07:57:54'),
(1439, 148, 1, 2, '2017-01-30 07:57:54'),
(1440, 148, 1, 2, '2017-01-30 07:57:54'),
(1441, 148, 1, 2, '2017-01-30 07:57:54'),
(1442, 149, 1, 2, '2017-01-30 08:01:14'),
(1443, 149, 1, 2, '2017-01-30 08:01:14'),
(1444, 149, 1, 2, '2017-01-30 08:01:14'),
(1445, 149, 1, 2, '2017-01-30 08:01:14'),
(1446, 149, 1, 2, '2017-01-30 08:01:14'),
(1447, 149, 1, 2, '2017-01-30 08:01:14'),
(1448, 149, 1, 2, '2017-01-30 08:01:14'),
(1449, 149, 1, 2, '2017-01-30 08:01:14'),
(1450, 149, 1, 2, '2017-01-30 08:01:14'),
(1451, 149, 1, 2, '2017-01-30 08:01:14'),
(1452, 150, 1, 2, '2017-01-30 08:06:48'),
(1453, 150, 1, 2, '2017-01-30 08:06:48'),
(1454, 150, 1, 2, '2017-01-30 08:06:48'),
(1455, 150, 1, 2, '2017-01-30 08:06:48'),
(1456, 150, 1, 2, '2017-01-30 08:06:48'),
(1457, 150, 1, 2, '2017-01-30 08:06:48'),
(1458, 150, 1, 2, '2017-01-30 08:06:48'),
(1459, 150, 1, 2, '2017-01-30 08:06:48'),
(1460, 150, 1, 2, '2017-01-30 08:06:48'),
(1461, 150, 1, 2, '2017-01-30 08:06:48'),
(1462, 151, 1, 2, '2017-01-30 08:31:11'),
(1463, 151, 1, 2, '2017-01-30 08:31:11'),
(1464, 151, 1, 2, '2017-01-30 08:31:11'),
(1465, 151, 1, 2, '2017-01-30 08:31:11'),
(1466, 151, 1, 2, '2017-01-30 08:31:11'),
(1467, 151, 1, 2, '2017-01-30 08:31:11'),
(1468, 151, 1, 2, '2017-01-30 08:31:11'),
(1469, 151, 1, 2, '2017-01-30 08:31:11'),
(1470, 151, 1, 2, '2017-01-30 08:31:11'),
(1471, 151, 1, 2, '2017-01-30 08:31:11'),
(1472, 151, 1, 2, '2017-01-30 08:31:11'),
(1473, 151, 1, 2, '2017-01-30 08:31:11'),
(1474, 151, 1, 2, '2017-01-30 08:31:11'),
(1475, 151, 1, 2, '2017-01-30 08:31:11'),
(1476, 151, 1, 2, '2017-01-30 08:31:11'),
(1477, 151, 1, 2, '2017-01-30 08:31:11'),
(1478, 151, 1, 2, '2017-01-30 08:31:11'),
(1479, 151, 1, 2, '2017-01-30 08:31:11'),
(1480, 151, 1, 2, '2017-01-30 08:31:11'),
(1481, 151, 1, 2, '2017-01-30 08:31:11'),
(1482, 152, 1, 2, '2017-01-30 08:34:07'),
(1483, 152, 1, 2, '2017-01-30 08:34:07'),
(1484, 152, 1, 2, '2017-01-30 08:34:07'),
(1485, 152, 1, 2, '2017-01-30 08:34:07'),
(1486, 152, 1, 2, '2017-01-30 08:34:07'),
(1487, 152, 1, 2, '2017-01-30 08:34:07'),
(1488, 152, 1, 2, '2017-01-30 08:34:07'),
(1489, 152, 1, 2, '2017-01-30 08:34:07'),
(1490, 152, 1, 2, '2017-01-30 08:34:07'),
(1491, 152, 1, 2, '2017-01-30 08:34:07'),
(1492, 152, 1, 2, '2017-01-30 08:34:07'),
(1493, 152, 1, 2, '2017-01-30 08:34:07'),
(1494, 152, 1, 2, '2017-01-30 08:34:07'),
(1495, 152, 1, 2, '2017-01-30 08:34:07'),
(1496, 152, 1, 2, '2017-01-30 08:34:07'),
(1497, 152, 1, 2, '2017-01-30 08:34:07'),
(1498, 152, 1, 2, '2017-01-30 08:34:07'),
(1499, 152, 1, 2, '2017-01-30 08:34:07'),
(1500, 152, 1, 2, '2017-01-30 08:34:07'),
(1501, 152, 1, 2, '2017-01-30 08:34:07'),
(1502, 152, 1, 2, '2017-01-30 08:34:07'),
(1503, 152, 1, 2, '2017-01-30 08:34:07'),
(1504, 152, 1, 2, '2017-01-30 08:34:07'),
(1505, 152, 1, 2, '2017-01-30 08:34:07'),
(1506, 152, 1, 2, '2017-01-30 08:34:07'),
(1507, 152, 1, 2, '2017-01-30 08:34:07'),
(1508, 152, 1, 2, '2017-01-30 08:34:07'),
(1509, 152, 1, 2, '2017-01-30 08:34:07'),
(1510, 152, 1, 2, '2017-01-30 08:34:07'),
(1511, 152, 1, 2, '2017-01-30 08:34:07'),
(1512, 155, 1, 2, '2017-01-30 09:57:29'),
(1513, 155, 1, 2, '2017-01-30 09:57:29'),
(1514, 155, 1, 2, '2017-01-30 09:57:29'),
(1515, 155, 1, 2, '2017-01-30 09:57:29'),
(1516, 155, 1, 2, '2017-01-30 09:57:29'),
(1517, 155, 1, 2, '2017-01-30 09:57:29'),
(1518, 155, 1, 2, '2017-01-30 09:57:29'),
(1519, 155, 1, 2, '2017-01-30 09:57:29'),
(1520, 155, 1, 2, '2017-01-30 09:57:29'),
(1521, 155, 1, 2, '2017-01-30 09:57:29'),
(1522, 155, 1, 2, '2017-01-30 09:57:29'),
(1523, 155, 1, 2, '2017-01-30 09:57:29'),
(1524, 155, 1, 2, '2017-01-30 09:57:29'),
(1525, 155, 1, 2, '2017-01-30 09:57:29'),
(1526, 155, 1, 2, '2017-01-30 09:57:29'),
(1527, 155, 1, 2, '2017-01-30 09:57:29'),
(1528, 155, 1, 2, '2017-01-30 09:57:29'),
(1529, 155, 1, 2, '2017-01-30 09:57:29'),
(1530, 155, 1, 2, '2017-01-30 09:57:29'),
(1531, 155, 1, 2, '2017-01-30 09:57:29'),
(1532, 155, 1, 2, '2017-01-30 09:57:29'),
(1533, 155, 1, 2, '2017-01-30 09:57:29'),
(1534, 155, 1, 2, '2017-01-30 09:57:29'),
(1535, 155, 1, 2, '2017-01-30 09:57:29'),
(1536, 155, 1, 2, '2017-01-30 09:57:29'),
(1537, 155, 1, 2, '2017-01-30 09:57:29'),
(1538, 155, 1, 2, '2017-01-30 09:57:29'),
(1539, 155, 1, 2, '2017-01-30 09:57:29'),
(1540, 155, 1, 2, '2017-01-30 09:57:29'),
(1541, 155, 1, 2, '2017-01-30 09:57:29'),
(1542, 155, 1, 2, '2017-01-30 09:57:29'),
(1543, 155, 1, 2, '2017-01-30 09:57:29'),
(1544, 155, 1, 2, '2017-01-30 09:57:29'),
(1545, 155, 1, 2, '2017-01-30 09:57:29'),
(1546, 155, 1, 2, '2017-01-30 09:57:29'),
(1547, 155, 1, 2, '2017-01-30 09:57:29'),
(1548, 155, 1, 2, '2017-01-30 09:57:29'),
(1549, 155, 1, 2, '2017-01-30 09:57:29'),
(1550, 155, 1, 2, '2017-01-30 09:57:29'),
(1551, 155, 1, 2, '2017-01-30 09:57:29'),
(1552, 155, 1, 2, '2017-01-30 09:57:29'),
(1553, 155, 1, 2, '2017-01-30 09:57:29'),
(1554, 155, 1, 2, '2017-01-30 09:57:29'),
(1555, 155, 1, 2, '2017-01-30 09:57:29'),
(1556, 155, 1, 2, '2017-01-30 09:57:29'),
(1557, 155, 1, 2, '2017-01-30 09:57:29'),
(1558, 155, 1, 2, '2017-01-30 09:57:29'),
(1559, 155, 1, 2, '2017-01-30 09:57:29'),
(1560, 155, 1, 2, '2017-01-30 09:57:29'),
(1561, 155, 1, 2, '2017-01-30 09:57:29'),
(1562, 155, 1, 2, '2017-01-30 09:57:29'),
(1563, 155, 1, 2, '2017-01-30 09:57:29'),
(1564, 155, 1, 2, '2017-01-30 09:57:29'),
(1565, 155, 1, 2, '2017-01-30 09:57:29'),
(1566, 155, 1, 2, '2017-01-30 09:57:29'),
(1567, 155, 1, 2, '2017-01-30 09:57:29'),
(1568, 155, 1, 2, '2017-01-30 09:57:29'),
(1569, 155, 1, 2, '2017-01-30 09:57:29'),
(1570, 155, 1, 2, '2017-01-30 09:57:29'),
(1571, 155, 1, 2, '2017-01-30 09:57:29'),
(1572, 155, 1, 2, '2017-01-30 09:57:29'),
(1573, 155, 1, 2, '2017-01-30 09:57:29'),
(1574, 155, 1, 2, '2017-01-30 09:57:29'),
(1575, 155, 1, 2, '2017-01-30 09:57:29'),
(1576, 155, 1, 2, '2017-01-30 09:57:29'),
(1577, 155, 1, 2, '2017-01-30 09:57:29'),
(1578, 155, 1, 2, '2017-01-30 09:57:29'),
(1579, 155, 1, 2, '2017-01-30 09:57:29'),
(1580, 155, 1, 2, '2017-01-30 09:57:29'),
(1581, 155, 1, 2, '2017-01-30 09:57:29'),
(1582, 155, 1, 2, '2017-01-30 09:57:29'),
(1583, 155, 1, 2, '2017-01-30 09:57:29'),
(1584, 155, 1, 2, '2017-01-30 09:57:29'),
(1585, 155, 1, 2, '2017-01-30 09:57:29'),
(1586, 155, 1, 2, '2017-01-30 09:57:29'),
(1587, 155, 1, 2, '2017-01-30 09:57:29'),
(1588, 155, 1, 2, '2017-01-30 09:57:29'),
(1589, 155, 1, 2, '2017-01-30 09:57:29'),
(1590, 155, 1, 2, '2017-01-30 09:57:29'),
(1591, 155, 1, 2, '2017-01-30 09:57:29'),
(1592, 155, 1, 2, '2017-01-30 09:57:29'),
(1593, 155, 1, 2, '2017-01-30 09:57:29'),
(1594, 155, 1, 2, '2017-01-30 09:57:29'),
(1595, 155, 1, 2, '2017-01-30 09:57:29'),
(1596, 155, 1, 2, '2017-01-30 09:57:29'),
(1597, 155, 1, 2, '2017-01-30 09:57:29'),
(1598, 155, 1, 2, '2017-01-30 09:57:29'),
(1599, 155, 1, 2, '2017-01-30 09:57:29'),
(1600, 155, 1, 2, '2017-01-30 09:57:29'),
(1601, 155, 1, 2, '2017-01-30 09:57:29'),
(1602, 155, 1, 2, '2017-01-30 09:57:29'),
(1603, 155, 1, 2, '2017-01-30 09:57:29'),
(1604, 155, 1, 2, '2017-01-30 09:57:29'),
(1605, 155, 1, 2, '2017-01-30 09:57:29'),
(1606, 155, 1, 2, '2017-01-30 09:57:29'),
(1607, 155, 1, 2, '2017-01-30 09:57:29'),
(1608, 155, 1, 2, '2017-01-30 09:57:29'),
(1609, 155, 1, 2, '2017-01-30 09:57:29'),
(1610, 155, 1, 2, '2017-01-30 09:57:29'),
(1611, 155, 1, 2, '2017-01-30 09:57:29'),
(1612, 155, 1, 2, '2017-01-30 09:57:29'),
(1613, 155, 1, 2, '2017-01-30 09:57:29'),
(1614, 155, 1, 2, '2017-01-30 09:57:29'),
(1615, 155, 1, 2, '2017-01-30 09:57:29'),
(1616, 155, 1, 2, '2017-01-30 09:57:29'),
(1617, 155, 1, 2, '2017-01-30 09:57:29'),
(1618, 155, 1, 2, '2017-01-30 09:57:29'),
(1619, 155, 1, 2, '2017-01-30 09:57:29'),
(1620, 155, 1, 2, '2017-01-30 09:57:29'),
(1621, 155, 1, 2, '2017-01-30 09:57:29'),
(1622, 155, 1, 2, '2017-01-30 09:57:29'),
(1623, 155, 1, 2, '2017-01-30 09:57:29'),
(1624, 155, 1, 2, '2017-01-30 09:57:29'),
(1625, 155, 1, 2, '2017-01-30 09:57:29'),
(1626, 155, 1, 2, '2017-01-30 09:57:29'),
(1627, 155, 1, 2, '2017-01-30 09:57:29'),
(1628, 155, 1, 2, '2017-01-30 09:57:29'),
(1629, 155, 1, 2, '2017-01-30 09:57:29'),
(1630, 155, 1, 2, '2017-01-30 09:57:29'),
(1631, 155, 1, 2, '2017-01-30 09:57:29'),
(1632, 155, 1, 2, '2017-01-30 09:57:29'),
(1633, 155, 1, 2, '2017-01-30 09:57:29'),
(1634, 155, 1, 2, '2017-01-30 09:57:29'),
(1635, 155, 1, 2, '2017-01-30 09:57:29'),
(1636, 155, 1, 2, '2017-01-30 09:57:29'),
(1637, 155, 1, 2, '2017-01-30 09:57:29'),
(1638, 155, 1, 2, '2017-01-30 09:57:29'),
(1639, 155, 1, 2, '2017-01-30 09:57:29'),
(1640, 155, 1, 2, '2017-01-30 09:57:29'),
(1641, 155, 1, 2, '2017-01-30 09:57:29'),
(1642, 155, 1, 2, '2017-01-30 09:57:29'),
(1643, 155, 1, 2, '2017-01-30 09:57:29'),
(1644, 155, 1, 2, '2017-01-30 09:57:29'),
(1645, 155, 1, 2, '2017-01-30 09:57:29'),
(1646, 155, 1, 2, '2017-01-30 09:57:29'),
(1647, 155, 1, 2, '2017-01-30 09:57:29'),
(1648, 155, 1, 2, '2017-01-30 09:57:29'),
(1649, 155, 1, 2, '2017-01-30 09:57:29'),
(1650, 155, 1, 2, '2017-01-30 09:57:29'),
(1651, 155, 1, 2, '2017-01-30 09:57:29'),
(1652, 155, 1, 2, '2017-01-30 09:57:29'),
(1653, 155, 1, 2, '2017-01-30 09:57:29'),
(1654, 155, 1, 2, '2017-01-30 09:57:29'),
(1655, 155, 1, 2, '2017-01-30 09:57:29'),
(1656, 155, 1, 2, '2017-01-30 09:57:29'),
(1657, 155, 1, 2, '2017-01-30 09:57:29'),
(1658, 155, 1, 2, '2017-01-30 09:57:29'),
(1659, 155, 1, 2, '2017-01-30 09:57:29'),
(1660, 155, 1, 2, '2017-01-30 09:57:29'),
(1661, 155, 1, 2, '2017-01-30 09:57:29'),
(1662, 155, 1, 2, '2017-01-30 09:57:29'),
(1663, 155, 1, 2, '2017-01-30 09:57:29'),
(1664, 155, 1, 2, '2017-01-30 09:57:29'),
(1665, 155, 1, 2, '2017-01-30 09:57:29'),
(1666, 155, 1, 2, '2017-01-30 09:57:29'),
(1667, 155, 1, 2, '2017-01-30 09:57:29'),
(1668, 155, 1, 2, '2017-01-30 09:57:29'),
(1669, 155, 1, 2, '2017-01-30 09:57:29'),
(1670, 155, 1, 2, '2017-01-30 09:57:29'),
(1671, 155, 1, 2, '2017-01-30 09:57:29'),
(1672, 155, 1, 2, '2017-01-30 09:57:29'),
(1673, 155, 1, 2, '2017-01-30 09:57:29'),
(1674, 155, 1, 2, '2017-01-30 09:57:29'),
(1675, 155, 1, 2, '2017-01-30 09:57:29'),
(1676, 155, 1, 2, '2017-01-30 09:57:29'),
(1677, 155, 1, 2, '2017-01-30 09:57:29'),
(1678, 155, 1, 2, '2017-01-30 09:57:29'),
(1679, 155, 1, 2, '2017-01-30 09:57:29'),
(1680, 155, 1, 2, '2017-01-30 09:57:29'),
(1681, 155, 1, 2, '2017-01-30 09:57:29'),
(1682, 155, 1, 2, '2017-01-30 09:57:29'),
(1683, 155, 1, 2, '2017-01-30 09:57:29'),
(1684, 155, 1, 2, '2017-01-30 09:57:29'),
(1685, 155, 1, 2, '2017-01-30 09:57:29'),
(1686, 155, 1, 2, '2017-01-30 09:57:29'),
(1687, 155, 1, 2, '2017-01-30 09:57:29'),
(1688, 155, 1, 2, '2017-01-30 09:57:29'),
(1689, 155, 1, 2, '2017-01-30 09:57:29'),
(1690, 155, 1, 2, '2017-01-30 09:57:29'),
(1691, 155, 1, 2, '2017-01-30 09:57:29'),
(1692, 155, 1, 2, '2017-01-30 09:57:29'),
(1693, 155, 1, 2, '2017-01-30 09:57:29'),
(1694, 155, 1, 2, '2017-01-30 09:57:29'),
(1695, 155, 1, 2, '2017-01-30 09:57:29'),
(1696, 155, 1, 2, '2017-01-30 09:57:29'),
(1697, 155, 1, 2, '2017-01-30 09:57:29'),
(1698, 155, 1, 2, '2017-01-30 09:57:29'),
(1699, 155, 1, 2, '2017-01-30 09:57:29'),
(1700, 155, 1, 2, '2017-01-30 09:57:29'),
(1701, 155, 1, 2, '2017-01-30 09:57:29'),
(1702, 155, 1, 2, '2017-01-30 09:57:29'),
(1703, 155, 1, 2, '2017-01-30 09:57:29'),
(1704, 155, 1, 2, '2017-01-30 09:57:29'),
(1705, 155, 1, 2, '2017-01-30 09:57:29'),
(1706, 155, 1, 2, '2017-01-30 09:57:29'),
(1707, 155, 1, 2, '2017-01-30 09:57:29'),
(1708, 155, 1, 2, '2017-01-30 09:57:29'),
(1709, 155, 1, 2, '2017-01-30 09:57:29'),
(1710, 155, 1, 2, '2017-01-30 09:57:29'),
(1711, 155, 1, 2, '2017-01-30 09:57:29'),
(1712, 155, 1, 2, '2017-01-30 09:57:29'),
(1713, 155, 1, 2, '2017-01-30 09:57:29'),
(1714, 155, 1, 2, '2017-01-30 09:57:29'),
(1715, 155, 1, 2, '2017-01-30 09:57:29'),
(1716, 155, 1, 2, '2017-01-30 09:57:29'),
(1717, 155, 1, 2, '2017-01-30 09:57:29'),
(1718, 155, 1, 2, '2017-01-30 09:57:29'),
(1719, 155, 1, 2, '2017-01-30 09:57:29'),
(1720, 155, 1, 2, '2017-01-30 09:57:29'),
(1721, 155, 1, 2, '2017-01-30 09:57:29'),
(1722, 155, 1, 2, '2017-01-30 09:57:29'),
(1723, 155, 1, 2, '2017-01-30 09:57:29'),
(1724, 155, 1, 2, '2017-01-30 09:57:29'),
(1725, 155, 1, 2, '2017-01-30 09:57:29'),
(1726, 155, 1, 2, '2017-01-30 09:57:29'),
(1727, 155, 1, 2, '2017-01-30 09:57:29'),
(1728, 155, 1, 2, '2017-01-30 09:57:29'),
(1729, 155, 1, 2, '2017-01-30 09:57:29'),
(1730, 155, 1, 2, '2017-01-30 09:57:29'),
(1731, 155, 1, 2, '2017-01-30 09:57:29'),
(1732, 155, 1, 2, '2017-01-30 09:57:29'),
(1733, 155, 1, 2, '2017-01-30 09:57:29'),
(1734, 155, 1, 2, '2017-01-30 09:57:29'),
(1735, 155, 1, 2, '2017-01-30 09:57:29'),
(1736, 155, 1, 2, '2017-01-30 09:57:29'),
(1737, 155, 1, 2, '2017-01-30 09:57:29'),
(1738, 155, 1, 2, '2017-01-30 09:57:29'),
(1739, 155, 1, 2, '2017-01-30 09:57:29'),
(1740, 155, 1, 2, '2017-01-30 09:57:29'),
(1741, 155, 1, 2, '2017-01-30 09:57:29'),
(1742, 155, 1, 2, '2017-01-30 09:57:29'),
(1743, 155, 1, 2, '2017-01-30 09:57:29'),
(1744, 155, 1, 2, '2017-01-30 09:57:29'),
(1745, 155, 1, 2, '2017-01-30 09:57:29'),
(1746, 155, 1, 2, '2017-01-30 09:57:29'),
(1747, 155, 1, 2, '2017-01-30 09:57:29'),
(1748, 155, 1, 2, '2017-01-30 09:57:29'),
(1749, 155, 1, 2, '2017-01-30 09:57:29'),
(1750, 155, 1, 2, '2017-01-30 09:57:29'),
(1751, 155, 1, 2, '2017-01-30 09:57:29'),
(1752, 155, 1, 2, '2017-01-30 09:57:29'),
(1753, 155, 1, 2, '2017-01-30 09:57:29'),
(1754, 155, 1, 2, '2017-01-30 09:57:29'),
(1755, 155, 1, 2, '2017-01-30 09:57:29'),
(1756, 155, 1, 2, '2017-01-30 09:57:29'),
(1757, 155, 1, 2, '2017-01-30 09:57:29'),
(1758, 155, 1, 2, '2017-01-30 09:57:29'),
(1759, 155, 1, 2, '2017-01-30 09:57:29'),
(1760, 155, 1, 2, '2017-01-30 09:57:29'),
(1761, 155, 1, 2, '2017-01-30 09:57:29'),
(1762, 155, 1, 2, '2017-01-30 09:57:29'),
(1763, 155, 1, 2, '2017-01-30 09:57:29'),
(1764, 155, 1, 2, '2017-01-30 09:57:29'),
(1765, 155, 1, 2, '2017-01-30 09:57:29'),
(1766, 155, 1, 2, '2017-01-30 09:57:29'),
(1767, 155, 1, 2, '2017-01-30 09:57:29'),
(1768, 155, 1, 2, '2017-01-30 09:57:29'),
(1769, 155, 1, 2, '2017-01-30 09:57:29'),
(1770, 155, 1, 2, '2017-01-30 09:57:29'),
(1771, 155, 1, 2, '2017-01-30 09:57:29'),
(1772, 155, 1, 2, '2017-01-30 09:57:29'),
(1773, 155, 1, 2, '2017-01-30 09:57:29'),
(1774, 155, 1, 2, '2017-01-30 09:57:29'),
(1775, 155, 1, 2, '2017-01-30 09:57:29'),
(1776, 155, 1, 2, '2017-01-30 09:57:29'),
(1777, 155, 1, 2, '2017-01-30 09:57:29'),
(1778, 155, 1, 2, '2017-01-30 09:57:29'),
(1779, 155, 1, 2, '2017-01-30 09:57:29'),
(1780, 155, 1, 2, '2017-01-30 09:57:29'),
(1781, 155, 1, 2, '2017-01-30 09:57:29'),
(1782, 155, 1, 2, '2017-01-30 09:57:29'),
(1783, 155, 1, 2, '2017-01-30 09:57:29'),
(1784, 155, 1, 2, '2017-01-30 09:57:29'),
(1785, 155, 1, 2, '2017-01-30 09:57:29'),
(1786, 155, 1, 2, '2017-01-30 09:57:29'),
(1787, 155, 1, 2, '2017-01-30 09:57:29'),
(1788, 155, 1, 2, '2017-01-30 09:57:29'),
(1789, 155, 1, 2, '2017-01-30 09:57:29'),
(1790, 155, 1, 2, '2017-01-30 09:57:29'),
(1791, 155, 1, 2, '2017-01-30 09:57:29'),
(1792, 155, 1, 2, '2017-01-30 09:57:29'),
(1793, 155, 1, 2, '2017-01-30 09:57:29'),
(1794, 155, 1, 2, '2017-01-30 09:57:29'),
(1795, 155, 1, 2, '2017-01-30 09:57:29'),
(1796, 155, 1, 2, '2017-01-30 09:57:29'),
(1797, 155, 1, 2, '2017-01-30 09:57:29'),
(1798, 155, 1, 2, '2017-01-30 09:57:29'),
(1799, 155, 1, 2, '2017-01-30 09:57:29'),
(1800, 155, 1, 2, '2017-01-30 09:57:29'),
(1801, 155, 1, 2, '2017-01-30 09:57:29'),
(1802, 155, 1, 2, '2017-01-30 09:57:29'),
(1803, 155, 1, 2, '2017-01-30 09:57:29'),
(1804, 155, 1, 2, '2017-01-30 09:57:29'),
(1805, 155, 1, 2, '2017-01-30 09:57:29'),
(1806, 155, 1, 2, '2017-01-30 09:57:29'),
(1807, 155, 1, 2, '2017-01-30 09:57:29'),
(1808, 155, 1, 2, '2017-01-30 09:57:29'),
(1809, 155, 1, 2, '2017-01-30 09:57:29'),
(1810, 155, 1, 2, '2017-01-30 09:57:29'),
(1811, 155, 1, 2, '2017-01-30 09:57:29'),
(1812, 155, 1, 2, '2017-01-30 09:57:29'),
(1813, 155, 1, 2, '2017-01-30 09:57:29'),
(1814, 155, 1, 2, '2017-01-30 09:57:29'),
(1815, 155, 1, 2, '2017-01-30 09:57:29'),
(1816, 155, 1, 2, '2017-01-30 09:57:29'),
(1817, 155, 1, 2, '2017-01-30 09:57:29'),
(1818, 155, 1, 2, '2017-01-30 09:57:29'),
(1819, 155, 1, 2, '2017-01-30 09:57:29'),
(1820, 155, 1, 2, '2017-01-30 09:57:29'),
(1821, 155, 1, 2, '2017-01-30 09:57:29'),
(1822, 155, 1, 2, '2017-01-30 09:57:29'),
(1823, 155, 1, 2, '2017-01-30 09:57:29'),
(1824, 155, 1, 2, '2017-01-30 09:57:29'),
(1825, 155, 1, 2, '2017-01-30 09:57:29'),
(1826, 155, 1, 2, '2017-01-30 09:57:29'),
(1827, 155, 1, 2, '2017-01-30 09:57:29'),
(1828, 155, 1, 2, '2017-01-30 09:57:29'),
(1829, 155, 1, 2, '2017-01-30 09:57:29'),
(1830, 155, 1, 2, '2017-01-30 09:57:29'),
(1831, 155, 1, 2, '2017-01-30 09:57:29'),
(1832, 155, 1, 2, '2017-01-30 09:57:29'),
(1833, 155, 1, 2, '2017-01-30 09:57:29'),
(1834, 155, 1, 2, '2017-01-30 09:57:29'),
(1835, 155, 1, 2, '2017-01-30 09:57:29'),
(1836, 155, 1, 2, '2017-01-30 09:57:29'),
(1837, 155, 1, 2, '2017-01-30 09:57:29'),
(1838, 155, 1, 2, '2017-01-30 09:57:29'),
(1839, 155, 1, 2, '2017-01-30 09:57:29'),
(1840, 155, 1, 2, '2017-01-30 09:57:29'),
(1841, 155, 1, 2, '2017-01-30 09:57:29'),
(1842, 155, 1, 2, '2017-01-30 09:57:29'),
(1843, 155, 1, 2, '2017-01-30 09:57:29'),
(1844, 155, 1, 2, '2017-01-30 09:57:29'),
(1845, 155, 1, 2, '2017-01-30 09:57:29'),
(1846, 155, 1, 2, '2017-01-30 09:57:29'),
(1847, 155, 1, 2, '2017-01-30 09:57:29'),
(1848, 155, 1, 2, '2017-01-30 09:57:29'),
(1849, 155, 1, 2, '2017-01-30 09:57:29'),
(1850, 155, 1, 2, '2017-01-30 09:57:29'),
(1851, 155, 1, 2, '2017-01-30 09:57:29'),
(1852, 156, 1, 2, '2017-01-30 10:05:08'),
(1853, 157, 1, 2, '2017-01-31 06:47:37'),
(1854, 158, 1, 2, '2017-01-31 06:51:44'),
(1855, 159, 1, 2, '2017-01-31 06:59:34'),
(1856, 160, 1, 2, '2017-01-31 07:02:54'),
(1857, 161, 1, 2, '2017-01-31 07:07:18'),
(1858, 162, 1, 2, '2017-01-31 07:31:17'),
(1859, 162, 1, 2, '2017-01-31 07:31:17'),
(1860, 162, 1, 2, '2017-01-31 07:31:17'),
(1861, 162, 1, 2, '2017-01-31 07:31:17'),
(1862, 162, 1, 2, '2017-01-31 07:31:17'),
(1863, 162, 1, 2, '2017-01-31 07:31:17'),
(1864, 162, 1, 2, '2017-01-31 07:31:17'),
(1865, 162, 1, 2, '2017-01-31 07:31:17'),
(1866, 162, 1, 2, '2017-01-31 07:31:17'),
(1867, 162, 1, 2, '2017-01-31 07:31:17'),
(1868, 162, 1, 2, '2017-01-31 07:31:17'),
(1869, 162, 1, 2, '2017-01-31 07:31:17'),
(1870, 162, 1, 2, '2017-01-31 07:31:17'),
(1871, 162, 1, 2, '2017-01-31 07:31:17'),
(1872, 162, 1, 2, '2017-01-31 07:31:17'),
(1873, 162, 1, 2, '2017-01-31 07:31:17'),
(1874, 162, 1, 2, '2017-01-31 07:31:17'),
(1875, 162, 1, 2, '2017-01-31 07:31:17'),
(1876, 162, 1, 2, '2017-01-31 07:31:17'),
(1877, 162, 1, 2, '2017-01-31 07:31:17'),
(1878, 162, 1, 2, '2017-01-31 07:31:17'),
(1879, 162, 1, 2, '2017-01-31 07:31:17'),
(1880, 162, 1, 2, '2017-01-31 07:31:17'),
(1881, 162, 1, 2, '2017-01-31 07:31:17'),
(1882, 162, 1, 2, '2017-01-31 07:31:17'),
(1883, 163, 1, 2, '2017-01-31 07:39:55'),
(1884, 163, 1, 2, '2017-01-31 07:39:55'),
(1885, 163, 1, 2, '2017-01-31 07:39:55'),
(1886, 163, 1, 2, '2017-01-31 07:39:55'),
(1887, 163, 1, 2, '2017-01-31 07:39:55'),
(1888, 163, 1, 2, '2017-01-31 07:39:55'),
(1889, 163, 1, 2, '2017-01-31 07:39:55'),
(1890, 163, 1, 2, '2017-01-31 07:39:55'),
(1891, 163, 1, 2, '2017-01-31 07:39:55'),
(1892, 163, 1, 2, '2017-01-31 07:39:55'),
(1893, 163, 1, 2, '2017-01-31 07:39:55'),
(1894, 163, 1, 2, '2017-01-31 07:39:55'),
(1895, 163, 1, 2, '2017-01-31 07:39:55'),
(1896, 163, 1, 2, '2017-01-31 07:39:55'),
(1897, 163, 1, 2, '2017-01-31 07:39:55'),
(1898, 163, 1, 2, '2017-01-31 07:39:55'),
(1899, 163, 1, 2, '2017-01-31 07:39:55'),
(1900, 163, 1, 2, '2017-01-31 07:39:55'),
(1901, 163, 1, 2, '2017-01-31 07:39:55'),
(1902, 163, 1, 2, '2017-01-31 07:39:55'),
(1903, 170, 1, 2, '2017-02-01 06:20:53'),
(1904, 170, 1, 2, '2017-02-01 06:20:53'),
(1905, 170, 1, 2, '2017-02-01 06:20:53'),
(1906, 170, 1, 2, '2017-02-01 06:20:53'),
(1907, 170, 1, 2, '2017-02-01 06:20:53'),
(1908, 170, 1, 2, '2017-02-01 06:20:53'),
(1909, 170, 1, 2, '2017-02-01 06:20:53'),
(1910, 170, 1, 2, '2017-02-01 06:20:53'),
(1911, 170, 1, 2, '2017-02-01 06:20:53'),
(1912, 170, 1, 2, '2017-02-01 06:20:53'),
(1913, 170, 1, 2, '2017-02-01 06:20:53'),
(1914, 170, 1, 2, '2017-02-01 06:20:53'),
(1915, 170, 1, 2, '2017-02-01 06:20:53'),
(1916, 170, 1, 2, '2017-02-01 06:20:53'),
(1917, 170, 1, 2, '2017-02-01 06:20:53'),
(1918, 170, 1, 2, '2017-02-01 06:20:53'),
(1919, 170, 1, 2, '2017-02-01 06:20:53'),
(1920, 170, 1, 2, '2017-02-01 06:20:53'),
(1921, 170, 1, 2, '2017-02-01 06:20:53'),
(1922, 170, 1, 2, '2017-02-01 06:20:53'),
(1923, 170, 1, 2, '2017-02-01 06:20:53'),
(1924, 170, 1, 2, '2017-02-01 06:20:53'),
(1925, 170, 1, 2, '2017-02-01 06:20:53'),
(1926, 170, 1, 2, '2017-02-01 06:20:53'),
(1927, 170, 1, 2, '2017-02-01 06:20:53'),
(1928, 171, 1, 2, '2017-02-01 06:24:21'),
(1929, 171, 1, 2, '2017-02-01 06:24:21'),
(1930, 171, 1, 2, '2017-02-01 06:24:21'),
(1931, 171, 1, 2, '2017-02-01 06:24:21'),
(1932, 171, 1, 2, '2017-02-01 06:24:21'),
(1933, 171, 1, 2, '2017-02-01 06:24:21'),
(1934, 171, 1, 2, '2017-02-01 06:24:21'),
(1935, 171, 1, 2, '2017-02-01 06:24:21'),
(1936, 171, 1, 2, '2017-02-01 06:24:21'),
(1937, 171, 1, 2, '2017-02-01 06:24:21'),
(1938, 171, 1, 2, '2017-02-01 06:24:21'),
(1939, 171, 1, 2, '2017-02-01 06:24:21'),
(1940, 171, 1, 2, '2017-02-01 06:24:21'),
(1941, 171, 1, 2, '2017-02-01 06:24:21'),
(1942, 171, 1, 2, '2017-02-01 06:24:21'),
(1943, 171, 1, 2, '2017-02-01 06:24:21'),
(1944, 171, 1, 2, '2017-02-01 06:24:21'),
(1945, 171, 1, 2, '2017-02-01 06:24:21'),
(1946, 171, 1, 2, '2017-02-01 06:24:21'),
(1947, 171, 1, 2, '2017-02-01 06:24:21'),
(1948, 172, 1, 2, '2017-02-01 06:36:03'),
(1949, 172, 1, 2, '2017-02-01 06:36:03'),
(1950, 172, 1, 2, '2017-02-01 06:36:03'),
(1951, 172, 1, 2, '2017-02-01 06:36:03'),
(1952, 172, 1, 2, '2017-02-01 06:36:03'),
(1953, 172, 1, 2, '2017-02-01 06:36:03'),
(1954, 172, 1, 2, '2017-02-01 06:36:03'),
(1955, 172, 1, 2, '2017-02-01 06:36:03'),
(1956, 172, 1, 2, '2017-02-01 06:36:03'),
(1957, 172, 1, 2, '2017-02-01 06:36:03'),
(1958, 172, 1, 2, '2017-02-01 06:36:03'),
(1959, 172, 1, 2, '2017-02-01 06:36:03'),
(1960, 172, 1, 2, '2017-02-01 06:36:03'),
(1961, 172, 1, 2, '2017-02-01 06:36:03'),
(1962, 172, 1, 2, '2017-02-01 06:36:03'),
(1963, 172, 1, 2, '2017-02-01 06:36:03'),
(1964, 172, 1, 2, '2017-02-01 06:36:03'),
(1965, 172, 1, 2, '2017-02-01 06:36:03'),
(1966, 172, 1, 2, '2017-02-01 06:36:03'),
(1967, 172, 1, 2, '2017-02-01 06:36:03'),
(1968, 173, 1, 2, '2017-02-01 06:46:45'),
(1969, 173, 1, 2, '2017-02-01 06:46:45'),
(1970, 173, 1, 2, '2017-02-01 06:46:45'),
(1971, 173, 1, 2, '2017-02-01 06:46:45'),
(1972, 173, 1, 2, '2017-02-01 06:46:45'),
(1973, 173, 1, 2, '2017-02-01 06:46:45'),
(1974, 173, 1, 2, '2017-02-01 06:46:45'),
(1975, 173, 1, 2, '2017-02-01 06:46:45'),
(1976, 173, 1, 2, '2017-02-01 06:46:45'),
(1977, 173, 1, 2, '2017-02-01 06:46:45'),
(1978, 173, 1, 2, '2017-02-01 06:46:45'),
(1979, 173, 1, 2, '2017-02-01 06:46:45'),
(1980, 173, 1, 2, '2017-02-01 06:46:45'),
(1981, 173, 1, 2, '2017-02-01 06:46:45'),
(1982, 173, 1, 2, '2017-02-01 06:46:45'),
(1983, 173, 1, 2, '2017-02-01 06:46:45'),
(1984, 173, 1, 2, '2017-02-01 06:46:45'),
(1985, 173, 1, 2, '2017-02-01 06:46:45'),
(1986, 173, 1, 2, '2017-02-01 06:46:45'),
(1987, 173, 1, 2, '2017-02-01 06:46:45'),
(1988, 173, 1, 2, '2017-02-01 06:46:45'),
(1989, 173, 1, 2, '2017-02-01 06:46:45'),
(1990, 173, 1, 2, '2017-02-01 06:46:45'),
(1991, 173, 1, 2, '2017-02-01 06:46:45'),
(1992, 173, 1, 2, '2017-02-01 06:46:45'),
(1993, 174, 1, 2, '2017-02-04 08:10:12'),
(1994, 174, 1, 2, '2017-02-04 08:10:12'),
(1995, 174, 1, 2, '2017-02-04 08:10:12'),
(1996, 174, 1, 2, '2017-02-04 08:10:12'),
(1997, 174, 1, 2, '2017-02-04 08:10:12'),
(1998, 174, 1, 2, '2017-02-04 08:10:12'),
(1999, 174, 1, 2, '2017-02-04 08:10:12'),
(2000, 174, 1, 2, '2017-02-04 08:10:12'),
(2001, 174, 1, 2, '2017-02-04 08:10:12'),
(2002, 174, 1, 2, '2017-02-04 08:10:12'),
(2003, 174, 1, 2, '2017-02-04 08:10:12'),
(2004, 174, 1, 2, '2017-02-04 08:10:12'),
(2005, 174, 1, 2, '2017-02-04 08:10:12'),
(2006, 174, 1, 2, '2017-02-04 08:10:12'),
(2007, 174, 1, 2, '2017-02-04 08:10:12'),
(2008, 174, 1, 2, '2017-02-04 08:10:12'),
(2009, 174, 1, 2, '2017-02-04 08:10:12'),
(2010, 174, 1, 2, '2017-02-04 08:10:12'),
(2011, 174, 1, 2, '2017-02-04 08:10:12'),
(2012, 174, 1, 2, '2017-02-04 08:10:12'),
(2013, 175, 1, 2, '2017-02-04 08:23:28'),
(2014, 175, 1, 2, '2017-02-04 08:23:28'),
(2015, 175, 1, 2, '2017-02-04 08:23:28'),
(2016, 175, 1, 2, '2017-02-04 08:23:28'),
(2017, 175, 1, 2, '2017-02-04 08:23:28'),
(2018, 175, 1, 2, '2017-02-04 08:23:28'),
(2019, 175, 1, 2, '2017-02-04 08:23:28'),
(2020, 175, 1, 2, '2017-02-04 08:23:28'),
(2021, 175, 1, 2, '2017-02-04 08:23:28'),
(2022, 175, 1, 2, '2017-02-04 08:23:28'),
(2023, 175, 1, 2, '2017-02-04 08:23:28'),
(2024, 175, 1, 2, '2017-02-04 08:23:28'),
(2025, 175, 1, 2, '2017-02-04 08:23:28'),
(2026, 175, 1, 2, '2017-02-04 08:23:28'),
(2027, 175, 1, 2, '2017-02-04 08:23:28'),
(2028, 175, 1, 2, '2017-02-04 08:23:28'),
(2029, 175, 1, 2, '2017-02-04 08:23:28'),
(2030, 175, 1, 2, '2017-02-04 08:23:28'),
(2031, 175, 1, 2, '2017-02-04 08:23:28'),
(2032, 175, 1, 2, '2017-02-04 08:23:28'),
(2033, 175, 1, 2, '2017-02-04 08:23:28'),
(2034, 175, 1, 2, '2017-02-04 08:23:28'),
(2035, 175, 1, 2, '2017-02-04 08:23:28'),
(2036, 175, 1, 2, '2017-02-04 08:23:28'),
(2037, 175, 1, 2, '2017-02-04 08:23:28'),
(2038, 176, 1, 2, '2017-02-04 08:54:08'),
(2039, 176, 1, 2, '2017-02-04 08:54:08'),
(2040, 176, 1, 2, '2017-02-04 08:54:08'),
(2041, 176, 1, 2, '2017-02-04 08:54:08'),
(2042, 176, 1, 2, '2017-02-04 08:54:08'),
(2043, 176, 1, 2, '2017-02-04 08:54:08'),
(2044, 176, 1, 2, '2017-02-04 08:54:08'),
(2045, 176, 1, 2, '2017-02-04 08:54:08'),
(2046, 176, 1, 2, '2017-02-04 08:54:08'),
(2047, 176, 1, 2, '2017-02-04 08:54:08'),
(2048, 176, 1, 2, '2017-02-04 08:54:08'),
(2049, 176, 1, 2, '2017-02-04 08:54:08'),
(2050, 176, 1, 2, '2017-02-04 08:54:08'),
(2051, 176, 1, 2, '2017-02-04 08:54:08'),
(2052, 176, 1, 2, '2017-02-04 08:54:08'),
(2053, 176, 1, 2, '2017-02-04 08:54:08'),
(2054, 176, 1, 2, '2017-02-04 08:54:08'),
(2055, 176, 1, 2, '2017-02-04 08:54:08'),
(2056, 176, 1, 2, '2017-02-04 08:54:08'),
(2057, 176, 1, 2, '2017-02-04 08:54:08'),
(2058, 176, 1, 2, '2017-02-04 08:54:08'),
(2059, 176, 1, 2, '2017-02-04 08:54:08'),
(2060, 176, 1, 2, '2017-02-04 08:54:08'),
(2061, 176, 1, 2, '2017-02-04 08:54:08'),
(2062, 176, 1, 2, '2017-02-04 08:54:08'),
(2063, 176, 1, 2, '2017-02-04 08:54:08'),
(2064, 176, 1, 2, '2017-02-04 08:54:08'),
(2065, 176, 1, 2, '2017-02-04 08:54:08'),
(2066, 176, 1, 2, '2017-02-04 08:54:08'),
(2067, 176, 1, 2, '2017-02-04 08:54:08'),
(2068, 176, 1, 2, '2017-02-04 08:54:08'),
(2069, 176, 1, 2, '2017-02-04 08:54:08'),
(2070, 176, 1, 2, '2017-02-04 08:54:08'),
(2071, 176, 1, 2, '2017-02-04 08:54:08'),
(2072, 176, 1, 2, '2017-02-04 08:54:08'),
(2073, 176, 1, 2, '2017-02-04 08:54:08'),
(2074, 176, 1, 2, '2017-02-04 08:54:08'),
(2075, 176, 1, 2, '2017-02-04 08:54:08'),
(2076, 176, 1, 2, '2017-02-04 08:54:08'),
(2077, 176, 1, 2, '2017-02-04 08:54:08'),
(2078, 177, 1, 2, '2017-02-22 07:59:43'),
(2079, 177, 1, 2, '2017-02-22 07:59:43'),
(2080, 177, 1, 2, '2017-02-22 07:59:43'),
(2081, 178, 1, 2, '2017-02-22 08:04:33'),
(2082, 178, 1, 2, '2017-02-22 08:04:33'),
(2083, 178, 1, 2, '2017-02-22 08:04:33'),
(2084, 179, 1, 2, '2017-02-22 08:26:01'),
(2085, 179, 1, 2, '2017-02-22 08:26:01'),
(2086, 179, 1, 2, '2017-02-22 08:26:01'),
(2087, 179, 1, 2, '2017-02-22 08:26:01'),
(2088, 179, 1, 2, '2017-02-22 08:26:01'),
(2089, 180, 1, 2, '2017-02-22 08:32:20'),
(2090, 180, 1, 2, '2017-02-22 08:32:20'),
(2091, 180, 1, 2, '2017-02-22 08:32:20'),
(2092, 180, 1, 2, '2017-02-22 08:32:20'),
(2093, 180, 1, 2, '2017-02-22 08:32:20'),
(2094, 180, 1, 2, '2017-02-22 08:32:20'),
(2095, 181, 1, 2, '2017-02-22 08:36:22'),
(2096, 181, 1, 2, '2017-02-22 08:36:22'),
(2097, 181, 1, 2, '2017-02-22 08:36:22'),
(2098, 181, 1, 2, '2017-02-22 08:36:22'),
(2099, 181, 1, 2, '2017-02-22 08:36:22'),
(2100, 181, 1, 2, '2017-02-22 08:36:22'),
(2101, 182, 1, 2, '2017-02-22 08:42:35'),
(2102, 182, 1, 2, '2017-02-22 08:42:35'),
(2103, 182, 1, 2, '2017-02-22 08:42:35'),
(2104, 182, 1, 2, '2017-02-22 08:42:35'),
(2105, 182, 1, 2, '2017-02-22 08:42:35'),
(2106, 183, 1, 2, '2017-02-22 08:42:51'),
(2107, 183, 1, 2, '2017-02-22 08:42:51'),
(2108, 183, 1, 2, '2017-02-22 08:42:51'),
(2109, 183, 1, 2, '2017-02-22 08:42:51'),
(2110, 183, 1, 2, '2017-02-22 08:42:51'),
(2111, 184, 1, 2, '2017-02-23 09:36:55'),
(2112, 184, 1, 2, '2017-02-23 09:36:55'),
(2113, 184, 1, 2, '2017-02-23 09:36:55'),
(2114, 185, 1, 2, '2017-02-25 06:54:07'),
(2115, 185, 1, 2, '2017-02-25 06:54:07'),
(2116, 185, 1, 2, '2017-02-25 06:54:07'),
(2117, 186, 1, 2, '2017-02-25 06:59:02'),
(2118, 186, 1, 2, '2017-02-25 06:59:02'),
(2119, 186, 1, 2, '2017-02-25 06:59:02'),
(2120, 186, 1, 2, '2017-02-25 06:59:02'),
(2121, 186, 1, 2, '2017-02-25 06:59:02'),
(2122, 186, 1, 2, '2017-02-25 06:59:02'),
(2123, 187, 1, 2, '2017-02-25 07:18:18'),
(2124, 187, 1, 2, '2017-02-25 07:18:18'),
(2125, 187, 1, 2, '2017-02-25 07:18:18'),
(2126, 187, 1, 2, '2017-02-25 07:18:18'),
(2127, 187, 1, 2, '2017-02-25 07:18:18'),
(2128, 188, 1, 2, '2017-02-25 08:06:19'),
(2129, 188, 1, 2, '2017-02-25 08:06:19'),
(2130, 188, 1, 2, '2017-02-25 08:06:19'),
(2131, 188, 1, 2, '2017-02-25 08:06:19'),
(2132, 188, 1, 2, '2017-02-25 08:06:19'),
(2133, 189, 1, 2, '2017-02-25 08:25:42'),
(2134, 189, 1, 2, '2017-02-25 08:25:42'),
(2135, 189, 1, 2, '2017-02-25 08:25:42'),
(2136, 190, 1, 2, '2017-02-25 08:28:19'),
(2137, 190, 1, 2, '2017-02-25 08:28:19'),
(2138, 190, 1, 2, '2017-02-25 08:28:19'),
(2139, 191, 1, 2, '2017-02-25 08:31:59'),
(2140, 191, 1, 2, '2017-02-25 08:31:59'),
(2141, 191, 1, 2, '2017-02-25 08:31:59'),
(2142, 192, 1, 2, '2017-02-25 08:35:49'),
(2143, 192, 1, 2, '2017-02-25 08:35:49'),
(2144, 193, 1, 2, '2017-02-27 10:21:22'),
(2145, 193, 1, 2, '2017-02-27 10:21:22'),
(2146, 193, 1, 2, '2017-02-27 10:21:22'),
(2147, 193, 1, 2, '2017-02-27 10:21:22'),
(2148, 193, 1, 2, '2017-02-27 10:21:22'),
(2149, 194, 1, 2, '2017-02-27 10:26:53'),
(2150, 194, 1, 2, '2017-02-27 10:26:53'),
(2151, 194, 1, 2, '2017-02-27 10:26:53');

-- --------------------------------------------------------

--
-- Table structure for table `l_branches`
--

CREATE TABLE IF NOT EXISTS `l_branches` (
  `id` int(5) NOT NULL AUTO_INCREMENT,
  `branch` varchar(255) NOT NULL,
  PRIMARY KEY (`id`)
) ENGINE=InnoDB  DEFAULT CHARSET=latin1 AUTO_INCREMENT=4 ;

--
-- Dumping data for table `l_branches`
--

INSERT INTO `l_branches` (`id`, `branch`) VALUES
(1, 'NURSING'),
(2, 'BEd'),
(3, 'DEd');

-- --------------------------------------------------------

--
-- Table structure for table `l_students`
--

CREATE TABLE IF NOT EXISTS `l_students` (
  `student_id` int(11) NOT NULL AUTO_INCREMENT,
  `first_name` varchar(512) NOT NULL,
  `last_name` varchar(512) NOT NULL,
  `approved` int(1) NOT NULL DEFAULT '0',
  `rejected` int(1) NOT NULL DEFAULT '0',
  `category` int(1) NOT NULL,
  `roll_num` varchar(15) NOT NULL,
  `branch` int(1) NOT NULL DEFAULT '0',
  `year` int(5) NOT NULL,
  `books_issued` int(1) NOT NULL DEFAULT '0',
  `email_id` varchar(512) NOT NULL,
  PRIMARY KEY (`student_id`)
) ENGINE=InnoDB  DEFAULT CHARSET=latin1 AUTO_INCREMENT=106 ;

--
-- Dumping data for table `l_students`
--

INSERT INTO `l_students` (`student_id`, `first_name`, `last_name`, `approved`, `rejected`, `category`, `roll_num`, `branch`, `year`, `books_issued`, `email_id`) VALUES
(1, 'jitendra', 'rathode', 1, 0, 1, '1011', 1, 2015, 1, 'jitendra@gmail.com'),
(2, 'vikalp', 'sharma', 1, 0, 1, '1012', 1, 2015, 0, 'er.vikalp10@gmail.com'),
(3, 'Ankit', 'Narthi', 1, 0, 1, '1601', 0, 0, 42156, 'a@mail.com'),
(4, 'Kelvin', 'Kair', 1, 0, 1, '1602', 1, 0, 0, 'b@mail.com'),
(5, 'Elena', 'Kaith', 1, 0, 1, '1603', 1, 0, 0, 'a@mail.com'),
(6, 'Nikita', 'Shah', 1, 0, 1, '1604', 1, 2016, 0, 'b@mail.com'),
(7, 'Elen', 'Watson', 1, 0, 1, '1605', 1, 2016, 0, 'a@mail.com'),
(8, 'Anita', 'Kamriya', 1, 0, 1, '1606', 1, 2016, 0, 'b@mail.com'),
(9, 'Mehul', 'Patel', 1, 0, 1, '1607', 1, 2016, 0, 'a@mail.com'),
(10, 'Kinjal', 'Ruparel', 1, 0, 1, '1608', 1, 2016, 0, 'b@mail.com'),
(11, 'Nayan', 'Marty', 1, 0, 1, '1609', 1, 2016, 0, 'a@mail.com'),
(12, 'Kiran', 'Katariya', 1, 0, 1, '1610', 1, 2016, 0, 'b@mail.com'),
(13, 'Rahul', 'Sharma', 1, 0, 1, '1611', 1, 2016, 0, 'a@mail.com'),
(14, 'Brinzal', 'Thumar', 1, 0, 1, '1612', 1, 2016, 0, 'b@mail.com'),
(15, 'Kishan', 'Kumar', 1, 0, 1, '1613', 1, 2016, 0, 'a@mail.com'),
(16, 'Zakain', 'Zuila', 1, 0, 1, '1614', 1, 2016, 0, 'b@mail.com'),
(17, 'Nash', 'Kabunda', 1, 0, 1, '1615', 1, 2016, 0, 'a@mail.com'),
(18, 'Vikalp', 'Sharma', 1, 0, 1, '1616', 1, 2016, 0, 'b@mail.com'),
(19, 'deepak ', 'shivhare', 1, 0, 1, '1617', 1, 2016, 0, 'a@mail.com'),
(20, 'Neeta ', 'Dangi', 1, 0, 1, '1618', 1, 2016, 0, 'b@mail.com'),
(21, 'ANSHU ', 'MEWADE', 1, 0, 1, '1619', 1, 2016, 0, 'a@mail.com'),
(22, 'URMILA ', 'VERMA', 1, 0, 1, '1620', 1, 2016, 0, 'b@mail.com'),
(23, 'RANI ', 'TANWAR ', 1, 0, 1, '1621', 1, 2016, 0, 'a@mail.com'),
(24, 'JYOTI ', 'KARN', 1, 0, 1, '1622', 1, 2016, 0, 'b@mail.com'),
(25, 'BHAGWATI ', 'DANGI', 1, 0, 1, '1623', 1, 2016, 0, 'a@mail.com'),
(26, 'Ramkanya ', 'Sen ', 1, 0, 1, '1624', 1, 2016, 0, 'b@mail.com'),
(27, 'RAMSANHITA ', 'DANGI ', 1, 0, 1, '1625', 1, 2016, 0, 'a@mail.com'),
(28, 'Reeta', 'Yadav', 1, 0, 1, '1626', 1, 2016, 0, 'b@mail.com'),
(29, 'Rambai ', ' Lovewanshi', 1, 0, 1, '1627', 1, 2016, 0, 'a@mail.com'),
(30, 'Ramlata ', 'yadav', 1, 0, 1, '1628', 1, 2016, 0, 'b@mail.com'),
(31, 'Afrin ', 'Ahmad', 1, 0, 1, '1629', 1, 2016, 0, 'a@mail.com'),
(32, 'REENA ', 'DANGI', 1, 0, 1, '1630', 1, 2016, 0, 'b@mail.com'),
(33, 'JYOTI ', 'LODHI', 1, 0, 1, '1631', 1, 2016, 0, 'a@mail.com'),
(34, 'RITU', 'PUSHPAD', 1, 0, 1, '1632', 1, 2016, 0, 'b@mail.com'),
(35, 'NORANG ', 'DANGI', 1, 0, 1, '1633', 1, 2016, 0, 'a@mail.com'),
(36, 'SAPNA ', 'SISHODIYA', 1, 0, 1, '1634', 1, 2016, 0, 'b@mail.com'),
(37, 'MUSKAN ', 'SHIVHARE', 1, 0, 1, '1635', 1, 2016, 0, 'a@mail.com'),
(38, 'REENA ', 'SEN', 1, 0, 1, '1636', 1, 2016, 0, 'b@mail.com'),
(39, 'KOSHALIA ', 'SEN ', 1, 0, 1, '1637', 1, 2016, 0, 'a@mail.com'),
(40, 'POOJA  ', 'YADAV ', 1, 0, 1, '1638', 1, 2016, 0, 'b@mail.com'),
(41, 'POOJA ', 'YADAV', 1, 0, 1, '1639', 1, 2016, 0, 'a@mail.com'),
(42, 'SHABNAM ', 'SHAH', 1, 0, 1, '1640', 1, 2016, 0, 'b@mail.com'),
(43, 'LAXMI  ', 'MEGWAL ', 1, 0, 1, '1641', 1, 2016, 0, 'a@mail.com'),
(44, 'PAVITRA ', 'DANGI', 1, 0, 1, '1642', 1, 2016, 0, 'b@mail.com'),
(45, 'SUMITRA ', 'SURYAWANSHI ', 1, 0, 1, '1643', 1, 2016, 0, 'a@mail.com'),
(46, 'PRIYANKA ', 'SONI ', 1, 0, 1, '1644', 1, 2016, 0, 'b@mail.com'),
(47, 'RINKU ', 'SISODIYA', 1, 0, 1, '1645', 1, 2016, 0, 'a@mail.com'),
(48, 'SANGEETA ', 'DANGI', 1, 0, 1, '1646', 1, 2016, 0, 'b@mail.com'),
(49, 'SEEMA', 'DANGI', 1, 0, 1, '1647', 1, 2016, 0, 'a@mail.com'),
(50, 'REKHA ', 'DANGI', 1, 0, 1, '1648', 1, 2016, 0, 'b@mail.com'),
(51, 'MANISHA ', 'SAHU ', 1, 0, 1, '1649', 1, 2016, 0, 'a@mail.com'),
(52, 'SAFIYA', 'kHAN', 1, 0, 1, '1650', 1, 2016, 0, 'b@mail.com'),
(53, 'SANTOSH ', 'PARMAR', 1, 0, 1, '1651', 1, 2016, 0, 'a@mail.com'),
(54, 'SANJU ', 'DANGI', 1, 0, 1, '1652', 1, 2016, 0, 'b@mail.com'),
(55, 'VINAY', 'LOVEWANSHI', 1, 0, 1, '1653', 1, 2016, 0, 'a@mail.com'),
(56, 'MONA', 'MEENA', 1, 0, 1, '1654', 1, 2016, 0, 'b@mail.com'),
(57, 'NEHA', 'NAMDEV', 1, 0, 1, '1655', 1, 2016, 0, 'a@mail.com'),
(58, 'NEELU', 'GAVLI', 1, 0, 1, '1656', 1, 2016, 0, 'b@mail.com'),
(59, 'JYOTI ', 'RATHORE', 1, 0, 1, '1657', 1, 2016, 0, 'a@mail.com'),
(60, 'LEELAWATI', 'TANWAR', 1, 0, 1, '1658', 1, 2016, 0, 'b@mail.com'),
(61, 'PRIYANKA  ', 'GORH', 1, 0, 1, '1659', 1, 2016, 0, 'a@mail.com'),
(62, 'ANJNI', 'SEN', 1, 0, 1, '1660', 1, 2016, 0, 'b@mail.com'),
(63, 'SANGEETA ', 'DANGI', 1, 0, 1, '1661', 1, 2016, 0, 'a@mail.com'),
(64, 'BHAVNA ', 'CHOHAN', 1, 0, 1, '1662', 1, 2016, 0, 'b@mail.com'),
(65, 'PINKI ', 'DARJI', 1, 0, 1, '1663', 1, 2016, 0, 'a@mail.com'),
(66, 'MAVSINGH', 'LAOVEWANSHI', 1, 0, 1, '1664', 1, 2016, 0, 'b@mail.com'),
(67, 'RINKU', 'YADAV', 1, 0, 1, '1665', 1, 2016, 0, 'a@mail.com'),
(68, 'KANHAIYALAL ', 'PRAJAPATI', 1, 0, 1, '1666', 1, 2016, 0, 'b@mail.com'),
(69, 'BHANUPRIYA ', 'NAGAR ', 1, 0, 1, '1667', 1, 2016, 0, 'a@mail.com'),
(70, 'GAYTRI ', 'NAGAR', 1, 0, 1, '1668', 1, 2016, 0, 'b@mail.com'),
(71, 'REENA ', 'VERMA', 1, 0, 1, '1669', 1, 2016, 0, 'a@mail.com'),
(72, 'SAFIYA', 'KHAN', 1, 0, 1, '1670', 1, 2016, 0, 'b@mail.com'),
(73, 'MOHNI ', 'BHANDARI', 1, 0, 1, '1671', 1, 2016, 0, 'a@mail.com'),
(74, 'SANTOSH', 'VISHWAKARMA', 1, 0, 1, '1672', 1, 2016, 0, 'b@mail.com'),
(75, ' PARVEZ ', 'GOURI', 1, 0, 1, '1673', 1, 2016, 0, 'a@mail.com'),
(76, 'PARVEEN', 'ANSARI', 1, 0, 1, '1674', 1, 2016, 0, 'b@mail.com'),
(77, 'FEZEE', 'BAG', 1, 0, 1, '1675', 1, 2016, 0, 'a@mail.com'),
(78, 'ARVIND ', 'SHARMA', 1, 0, 1, '1676', 1, 2016, 0, 'b@mail.com'),
(79, 'NUTAN ', 'DANGI', 1, 0, 1, '1677', 1, 2016, 0, 'a@mail.com'),
(80, 'RANJANA ', 'DHAKAD', 1, 0, 1, '1678', 1, 2016, 0, 'b@mail.com'),
(81, 'SHIVNARAYAN ', 'DANGI', 1, 0, 1, '1679', 1, 2016, 0, 'a@mail.com'),
(82, 'BHAGWAN ', 'GURJAR', 1, 0, 1, '1680', 1, 2016, 0, 'b@mail.com'),
(83, 'RANI', 'LAOVEWANSHI', 1, 0, 1, '1681', 1, 2016, 0, 'a@mail.com'),
(84, 'SUBHASH ', 'NAGAR ', 1, 0, 1, '1682', 1, 2016, 0, 'b@mail.com'),
(85, 'Savitri ', 'Merotha', 1, 0, 1, '1683', 1, 2016, 0, 'a@mail.com'),
(86, 'KALYAN', 'MEROTA', 1, 0, 1, '1684', 1, 2016, 0, 'b@mail.com'),
(87, 'MAMTA ', 'CHOHAN', 1, 0, 1, '1685', 1, 2016, 0, 'a@mail.com'),
(88, 'DINESH', 'CARPENTER', 1, 0, 1, '1686', 1, 2016, 0, 'b@mail.com'),
(89, 'USHA ', 'SHARMA', 1, 0, 1, '1687', 1, 2016, 0, 'a@mail.com'),
(90, 'INDU', 'BAIRAGI', 1, 0, 1, '1688', 1, 2016, 0, 'b@mail.com'),
(91, 'SORAM ', 'DANGI', 1, 0, 1, '1689', 1, 2016, 0, 'a@mail.com'),
(92, 'KAVYA ', 'TIRKI', 1, 0, 1, '1690', 1, 2016, 0, 'b@mail.com'),
(93, 'SURESH ', 'JATAV', 1, 0, 1, '1691', 1, 2016, 0, 'a@mail.com'),
(94, 'Reena', 'KOTWAL', 1, 0, 1, '1692', 1, 2016, 0, 'b@mail.com'),
(95, 'MUKESH ', 'DANGI', 1, 0, 1, '1693', 1, 2016, 0, 'a@mail.com'),
(96, 'RADHA ', 'DANGI', 1, 0, 1, '1694', 1, 2016, 0, 'b@mail.com'),
(97, 'ANJU', 'SILAWAT', 1, 0, 1, '1695', 1, 2016, 0, 'a@mail.com'),
(98, 'ANSUIYA ', 'RATHORE', 1, 0, 1, '1696', 1, 2016, 0, 'b@mail.com'),
(99, 'PRITI ', 'SONI', 1, 0, 1, '1697', 1, 2016, 0, 'a@mail.com'),
(100, 'PRIYANKA', 'YADAV', 1, 0, 1, '1698', 1, 2016, 0, 'b@mail.com'),
(101, 'AFSANA BE', 'MANSOORI', 1, 0, 1, '1699', 1, 2016, 0, 'a@mail.com'),
(102, 'KAMLESH', 'SHARMA', 1, 0, 1, '1700', 1, 2016, 0, 'b@mail.com'),
(103, 'ABHILASHA ', 'GURJAR', 1, 0, 1, '1701', 1, 2016, 0, 'a@mail.com'),
(104, 'RAMKALA ', 'VERMA', 1, 0, 1, '1702', 1, 2016, 0, 'b@mail.com'),
(105, 'REKHA', 'SONI', 1, 0, 1, '1703', 1, 2016, 0, 'a@mail.com');

-- --------------------------------------------------------

--
-- Table structure for table `l_student_categories`
--

CREATE TABLE IF NOT EXISTS `l_student_categories` (
  `cat_id` int(2) NOT NULL AUTO_INCREMENT,
  `category` varchar(512) NOT NULL,
  `max_allowed` int(1) NOT NULL,
  PRIMARY KEY (`cat_id`)
) ENGINE=InnoDB  DEFAULT CHARSET=latin1 AUTO_INCREMENT=3 ;

--
-- Dumping data for table `l_student_categories`
--

INSERT INTO `l_student_categories` (`cat_id`, `category`, `max_allowed`) VALUES
(1, 'UG', 100),
(2, 'PG', 100);

-- --------------------------------------------------------

--
-- Table structure for table `l_users`
--

CREATE TABLE IF NOT EXISTS `l_users` (
  `id` int(11) NOT NULL AUTO_INCREMENT,
  `name` varchar(255) NOT NULL,
  `username` varchar(512) NOT NULL,
  `password` varchar(255) NOT NULL,
  `verification_status` tinyint(1) NOT NULL DEFAULT '0',
  `remember_token` text NOT NULL,
  PRIMARY KEY (`id`)
) ENGINE=InnoDB  DEFAULT CHARSET=latin1 AUTO_INCREMENT=3 ;

--
-- Dumping data for table `l_users`
--

INSERT INTO `l_users` (`id`, `name`, `username`, `password`, `verification_status`, `remember_token`) VALUES
(1, '', 'jeet', '$2y$10$UoRyHdWEZ2AqOJV5mRyim.pzFzV6vRDtvt5bnAJERliERM26PKZWK', 0, '07Q7hjViW7UMgdZMbIzVqKjir0MhDTCstOu8nYUA0dgtSBVVzyS7G1aMbDhH'),
(2, '', 'admin', '$2y$10$855Ll1RkQo/ed/roxk05r.Yo4O8WoLAT5CdHeZVLAoZNI.bVBPaO2', 0, 'tb4eu1OjyneQZsBuPsGRfcncxVSFZpwPgn30P9QkPmUJnmXIdSafUf9PeeBW');

-- --------------------------------------------------------

--
-- Table structure for table `msg_of_day`
--

CREATE TABLE IF NOT EXISTS `msg_of_day` (
  `msg_of_day_id` int(11) NOT NULL AUTO_INCREMENT,
  `msg_details` varchar(100) NOT NULL,
  `msg_user_type` char(3) NOT NULL DEFAULT '0',
  `created_at` datetime NOT NULL,
  `created_by` int(11) NOT NULL,
  `updated_at` datetime DEFAULT NULL,
  `updated_by` int(11) DEFAULT NULL,
  `is_status` tinyint(1) NOT NULL DEFAULT '0',
  PRIMARY KEY (`msg_of_day_id`),
  UNIQUE KEY `msg_details` (`msg_details`),
  KEY `created_by` (`created_by`),
  KEY `updated_by` (`updated_by`)
) ENGINE=InnoDB  DEFAULT CHARSET=utf8 AUTO_INCREMENT=8 ;

--
-- Dumping data for table `msg_of_day`
--

INSERT INTO `msg_of_day` (`msg_of_day_id`, `msg_details`, `msg_user_type`, `created_at`, `created_by`, `updated_at`, `updated_by`, `is_status`) VALUES
(1, 'Each Day is a GIFT don''t send it BACK unopened.  Have a nice Day !', '0', '2015-05-27 15:21:01', 1, NULL, NULL, 1),
(2, 'Every day may not be GOOD but there is something GOOD in every day.', 'S', '2015-05-27 15:21:22', 1, NULL, NULL, 1),
(3, 'Every ONE wants happiness, No ONE needs pain, But its not possible to get a rainbow.', 'E', '2015-05-27 15:21:41', 1, NULL, NULL, 1),
(4, 'Smile is the Electricity and Life is a Battery whenever you Smile the Battery gets Charges.', '0', '2015-05-27 15:21:59', 1, NULL, NULL, 1),
(5, 'The Best for the Group comes when everyone in the group does whats best for himself AND the group.', 'E', '2015-05-27 15:22:20', 1, NULL, NULL, 1),
(6, 'In life, as in football, you won''t go far unless you know where the goalposts are.\r\n-- Arnold Glasow', 'S', '2015-05-27 15:24:54', 1, NULL, NULL, 1),
(7, 'your class will be start', 'S', '2016-12-17 10:58:09', 1, NULL, NULL, 0);

-- --------------------------------------------------------

--
-- Table structure for table `nationality`
--

CREATE TABLE IF NOT EXISTS `nationality` (
  `nationality_id` int(11) NOT NULL AUTO_INCREMENT,
  `nationality_name` varchar(35) NOT NULL,
  `created_at` datetime NOT NULL,
  `created_by` int(11) NOT NULL,
  `updated_at` datetime DEFAULT NULL,
  `updated_by` int(11) DEFAULT NULL,
  `is_status` tinyint(1) NOT NULL DEFAULT '0',
  PRIMARY KEY (`nationality_id`),
  UNIQUE KEY `nationality_name` (`nationality_name`),
  KEY `created_by` (`created_by`),
  KEY `updated_by` (`updated_by`)
) ENGINE=InnoDB  DEFAULT CHARSET=utf8 AUTO_INCREMENT=5 ;

--
-- Dumping data for table `nationality`
--

INSERT INTO `nationality` (`nationality_id`, `nationality_name`, `created_at`, `created_by`, `updated_at`, `updated_by`, `is_status`) VALUES
(1, 'Indian', '2015-05-27 15:25:38', 1, NULL, NULL, 0),
(2, 'Australian', '2015-05-27 15:25:42', 1, NULL, NULL, 0),
(3, 'American', '2015-05-27 15:25:46', 1, NULL, NULL, 0),
(4, 'Other', '2015-05-27 15:25:53', 1, NULL, NULL, 0);

-- --------------------------------------------------------

--
-- Table structure for table `national_holidays`
--

CREATE TABLE IF NOT EXISTS `national_holidays` (
  `national_holiday_id` int(11) NOT NULL AUTO_INCREMENT,
  `national_holiday_name` varchar(50) NOT NULL,
  `national_holiday_date` date NOT NULL,
  `national_holiday_remarks` varchar(100) DEFAULT NULL,
  `created_at` datetime NOT NULL,
  `created_by` int(11) NOT NULL,
  `updated_at` datetime DEFAULT NULL,
  `updated_by` int(11) DEFAULT NULL,
  `is_status` tinyint(1) NOT NULL DEFAULT '0',
  PRIMARY KEY (`national_holiday_id`),
  UNIQUE KEY `national_holiday_name` (`national_holiday_name`,`national_holiday_date`),
  KEY `created_by` (`created_by`),
  KEY `updated_by` (`updated_by`)
) ENGINE=InnoDB  DEFAULT CHARSET=utf8 AUTO_INCREMENT=6 ;

--
-- Dumping data for table `national_holidays`
--

INSERT INTO `national_holidays` (`national_holiday_id`, `national_holiday_name`, `national_holiday_date`, `national_holiday_remarks`, `created_at`, `created_by`, `updated_at`, `updated_by`, `is_status`) VALUES
(1, 'Independance Day', '2015-08-15', '', '2015-05-27 15:24:10', 1, NULL, NULL, 0),
(2, 'Republic Day(India)', '2015-01-26', '', '2015-05-27 15:24:26', 1, NULL, NULL, 0),
(3, 'Janmashtami', '2015-09-05', '', '2015-05-27 15:24:47', 1, NULL, NULL, 0),
(4, 'Dr.Ambedkar Jayanti', '2015-04-14', '', '2015-05-27 15:25:02', 1, NULL, NULL, 0),
(5, 'Gujarat Sthapna Divas', '2015-05-01', '', '2015-05-27 15:25:15', 1, NULL, NULL, 0);

-- --------------------------------------------------------

--
-- Table structure for table `notice`
--

CREATE TABLE IF NOT EXISTS `notice` (
  `notice_id` int(11) NOT NULL AUTO_INCREMENT,
  `notice_title` varchar(25) NOT NULL,
  `notice_description` varchar(255) DEFAULT NULL,
  `notice_user_type` char(3) NOT NULL,
  `notice_date` date DEFAULT NULL,
  `notice_file_path` varchar(100) DEFAULT NULL,
  `created_at` datetime NOT NULL,
  `created_by` int(11) NOT NULL,
  `updated_at` datetime DEFAULT NULL,
  `updated_by` int(11) DEFAULT NULL,
  `is_status` tinyint(1) NOT NULL DEFAULT '0',
  PRIMARY KEY (`notice_id`),
  KEY `created_by` (`created_by`),
  KEY `updated_by` (`updated_by`)
) ENGINE=InnoDB  DEFAULT CHARSET=utf8 AUTO_INCREMENT=7 ;

--
-- Dumping data for table `notice`
--

INSERT INTO `notice` (`notice_id`, `notice_title`, `notice_description`, `notice_user_type`, `notice_date`, `notice_file_path`, `created_at`, `created_by`, `updated_at`, `updated_by`, `is_status`) VALUES
(1, 'Next Week Summer Exam ', 'summer Exam will be conducted on Next week. All The Best', 'S', '2015-06-01', NULL, '2015-05-27 15:26:29', 1, NULL, NULL, 0),
(2, 'Monthly Report', 'All Employee have to submit their report on month end.', 'E', '2015-06-05', NULL, '2015-05-27 15:27:23', 1, NULL, NULL, 0),
(3, 'Summer Vacation', 'Summer Vacation starts from June to  2nd week of July.', '0', '2015-05-30', NULL, '2015-05-27 15:28:37', 1, NULL, NULL, 0),
(4, 'Attendance Report', 'All Employees collect their class wise  attendance report', 'E', '2015-05-29', NULL, '2015-05-27 15:30:35', 1, NULL, NULL, 0),
(5, 'Exam From Fill', 'All Students come and fill their exam forms', 'S', '2015-05-25', NULL, '2015-05-27 15:33:07', 1, NULL, NULL, 0),
(6, 'photos', 'ram ', '0', '2016-12-06', 'Notice_17-12-2016_102851.docx', '2016-12-17 10:28:51', 1, NULL, NULL, 0);

-- --------------------------------------------------------

--
-- Table structure for table `organization`
--

CREATE TABLE IF NOT EXISTS `organization` (
  `org_id` int(11) NOT NULL AUTO_INCREMENT,
  `org_name` varchar(255) NOT NULL,
  `org_alias` varchar(25) NOT NULL,
  `org_address_line1` varchar(255) NOT NULL,
  `org_address_line2` varchar(255) DEFAULT NULL,
  `org_phone` varchar(25) DEFAULT NULL,
  `org_email` varchar(65) DEFAULT NULL,
  `org_website` varchar(120) DEFAULT NULL,
  `org_logo` longblob NOT NULL,
  `org_logo_type` varchar(35) NOT NULL,
  `org_stu_prefix` varchar(10) NOT NULL,
  `org_emp_prefix` varchar(10) NOT NULL,
  `created_at` datetime NOT NULL,
  `created_by` int(11) DEFAULT NULL,
  `updated_at` datetime DEFAULT NULL,
  `updated_by` int(11) DEFAULT NULL,
  PRIMARY KEY (`org_id`),
  UNIQUE KEY `org_name` (`org_name`),
  UNIQUE KEY `org_alias` (`org_alias`),
  UNIQUE KEY `org_id` (`org_id`),
  KEY `updated_by` (`updated_by`),
  KEY `created_by` (`created_by`)
) ENGINE=InnoDB  DEFAULT CHARSET=utf8 AUTO_INCREMENT=2 ;

--
-- Dumping data for table `organization`
--

INSERT INTO `organization` (`org_id`, `org_name`, `org_alias`, `org_address_line1`, `org_address_line2`, `org_phone`, `org_email`, `org_website`, `org_logo`, `org_logo_type`, `org_stu_prefix`, `org_emp_prefix`, `created_at`, `created_by`, `updated_at`, `updated_by`) VALUES
(1, 'Nirvindhya Nursing Mahavidhyalaya Biaora', 'NVM', 'Abhyapur Road , Gram  Katariyakhedi, The- Biaora , Dist- Rajgarh (M.P.) Pin- 465674', '', '(+91) 8602699929', 'er.vikalp10@gmail.com', 'http://www.springstrategies.in', 0x89504e470d0a1a0a0000000d494844520000005a0000004608060000004cbc83e20000200049444154789cdd9c797c1dc595efbfd577bf57fbbe58b26459b62cbc1b63b0b1d9f740424c7830614b8c7924814c4206c8c027018610860f04780112180281610dc1212c0e60c006e3050befb26ccb966c59fbbede7de97a7fdcee7bfb5e5d593633f3799fcf3bfab4ba6e75d5a953bf3a7dead4e9ea168e7b9f96204080f60f84f12ca349148c24895791329e2f92af27d5395e1999581c91a2ccb8f68fd356aa7a27230f80d484389ecc93b52d01b3b1a5e30a2f402211887180e8e394902fa34226832512ab6945a37c31f0170646d1df2281d1f8bac9142d2c252052f11d2f730238522284564b88c43a895986d68c328b84be9b8da5528140429e486c44e762acafa7754d37f446187b26e2020b6d447430d3827ea60e0f50d3d749e9703ff9a3c3584341b23d63d8c341224261d499c6a8c385c7eea035a780e6dc428e66e7d3e74ad71a3574486aca914a8b0c69a96baef1ee4e1ae071c84a2d290cf50ddaa00f8cd9c82b599664c025d1518eb593a4a6d200b8f1ba7ed63b1baba62514a9b2b0e318e71fdacb9c9646ca7a3b51023e7c40d8208bb1bf4506b9cc800d309bcd0c64e5515f31936d95357c32fd147c162b5224743fa153c99a69c442ef3322513b1335327e47c515703c4ec271efd33201b171b65ab3d122d146ff97494a6afabab86acf56ceaeafc33636ccd87f237b1be0b058d93e632eefce5fca179535844da6496462f209e11b9270dcfbb49449aa2944fc5613315320124d81c156ea26409f148d6623f9ba029cd97288559b3f62fad1838ca92aea7fad0f891db258287bf14542478fe2fef0433cdbb7e3088570e716f2d7d3cfe7cdf96710309be35a1b33850219bff7279eb00cb7badeb764f368c4213657d993bd8e71f7862e88a2f1d36e15a14d18685398f6db504bfbaf4d6642b0a0f3183ffff46f541e3dc8e837457212128073ee5c729e7986f08103d84a4bf1ad5fcfd0abaf227a7a8864e5f2e7b32ee7adb94b5085123787323ee9467ba1dfc922deaf84d93319f9689e1107dda4482426f38a4bef17068d161a73fd571c7f1db244a54ee592199a450299011fbf5af7363f5efb1aa6a13e82c4a62be39433e97122e5d2cf3e9ba2575e2168b1a0eeda85292f8f9094e4dd7c33a6f272fc3b77b078d7562e6e69a4a1b4823e577ae20496d497b8028b04398c4032419e11339379c5a5f7276bb2489ac584d0fe25e41bcb1aaee979223abacb8e1de60faffd9e92230788949692b76a159e6ddb80d4a62f71f24dccb768870950535c07880c0d110e8771bff8226621908b16e17ee8215c975d46faf9e7e35ab912d5ef47ddf405dfdbb5199bc5caaed20aa4a2c48132f633399d3c93331e130310710c8d365a182a49ed1cf79a95a49b6a9c71206a44a2f51455e5d6af3ee5daf57f674c55c9b8e20a9c77df8d7ceb2d7a9e7c32419e64c0cd40a61932a7806b1eb86ac1940f4a21e000c220fb401d00ef61f0d6c368230cfbc06fe0937bebadf8868749afaec6f4ad6fe172b9187cff7deca5a54829197cf041b26b6ba90f087e3aef2c86ecce84db3d59a7f5fe19b53cb9efc61246b333deeb18375ada043189d76114c01a09f3f007afb168f716fc361b5977dd45d69967d2f3d24be4dc7c335d575d4564682841231520cf04451740e677c1743e3055bb300135b7e5909b3946667a083108722b78fe06bdef40f730311355bc660d9ee79e23e38107187bf041d2fff55f71af5943f635d7303638884b08ba9f7f899bcae6d19a953bbea1714bbd142b964948d1f9a4e20df10684d41a909a872e25426af97a7929718482fcf1afffc1bcdd5b08666551f4f4d3380a0bf158ad58060618d9b891c27bee89b136015332e1b45fc0acc390fd0f30ad062aa3d24909a1b06068d4467b773a8d2db9b47464d23f64a7ad3b9dbb7e77113e1fbcbf6f16ffe13f8d9efb33a838064b9e851933a26edee8b3cf625db488a1071e20fd9ffe8991b7de62f4d967097774604d4fc7f7e9a714aebe89fffcf015aafbbbb5fee97d93f1fe23e377b8e608445d0c197335e2797a5ac3cfa8d131d75bff9d60921448321ac964898479e6ede7a938b81b353d9da2679f25180860138240208073f162fa6ebc91f0f030a1f67672cd50750bd87f0d14c45d2355150c0c3bc8cff112089af897c72e46464258ac90e1f2e2f1d9d9b4bb9a9c4c2f03c32ee6cee8e0e0d17c6efdee7a36ed9dcdb98b0fb0f2c2c3286188bc0cedbf82b65e501505d779e7e1fdf24b4a1e7f1c4f2080b269136937df8cd9e964f82f7fc1fbcaebfce007ffc2b1ecfc947dfca664b2acb8f47edd3d13080ddcb80989039d3cff27925055fe7ded6bccdaf735aac341c1c30fe3fbe41394bc3c1c679e89dad0c0e0a38fe2dfbf1f868698510b95ef81653588b4288fa1513b2fbdbb987b9eba049fdbcde239bd582d92b3171fc1e58ab0feeb59844260329b29cdedc064b15096d7c6e9b58d1c385649ff501ab9d93e3edf51cdf492764a4bfd984e85cc9b20b71d46f7493ccd4730e7e46039f554645d1de66baec1e67261cac941646632f8ea7f727953031f9d722a3eab2d2ad871172c8635b8312fa98242529944f725a9aef148ca5b5db78153776d464c9d4ad9860d389c4e3c1b3792515343f7d557d37dd75d78ebeab00502ccbf168ab680382dda4830a4f0fcdf9670eb03dfe2a38d657c7bf9d7582d0a265354b6f6ee6cdefdac8669a5bd5c71e6d72caa6da37f349786e6123c7e27b3ab7bc8cfece7b15f7cc0a5cb1a282f1ee691972ea2adcb89c767e1ddfa5ad4674dcc7f06f26d10eeeda5ffaebbf0eed983cd6221bc6b17ee7098b0cd866bd93218e8e1c9bfbd8039129910dbf861503e635e124e26cb8a4bef3ffe125c4f8a099ddad3da9bb9eb9d17714b95cc55abb0ae5881a5aa0a5b7e3e916090a1975e0229491730efd7e0f83d51ef010884147efc9b6fb36d4f09579ebd9dba83b59cbb681febeae6b2627e232ea72437cb4b69e108420d72cee9ad9cb1a09b8bce38c8c89889c11127534b86f1f915b637ce64dde669d8ace0f3a96cda5dcd67dbaa39d66a664ae120532ef393bf0cc2efc1981f220303588b8bf12f5b86fbe73f473972849c3befc4fbe597a41f6da2484a3655cc1c3ff18d73e00dcbe0099cff93033ac52de40c06f8c3eb4f13f08c629f3993dcdb6e43b6b7e36e68807098debbef46fafdb88079bf01ebaf0d0a20c1a448562c38848a85dfffe55c1e58f5066f6f3883ab2fd889d51ca4202f0840519e97b93503389d51b1ac5658b6a08d0bce68222d0da6160fb0afb99cdbbef7297507aaa92e3d4656a660474321d99901aebfa2018b05a8849c1510fe2b8c0521d4d64670cd1a0490f3e8a358b2b2b0ce9dcbf0dfffceecd6661aa6cda2233387e39341a3454222963fe182c5306fc6172c316ed16b02c95d9fbfc7b4c63da82613854f3d85ff934fb05456d2b36a15eeb56b5103014cc0bc3bc0f660bceda31d5964a6f91102ec7689d76f657858f0bf2edec7b7cf3d44cdb4418a0b83b1f68d6b073d4f51c06a9564670428290c509033462422d8d990cf9027871d0dc57cefbc6dec6cac60c7fe292c5f7804ab5522ca21fb54f0bc09eee131221e0f857ffc236a30881c1a22949585d5626164e70e96751ee39df94b090b531c44a397a07b263a7e86fc388e528b754ce447279c8c5e4794a60df5f1ea1fff8de17088b4952bc958b204317b3666bf9fd6abae02351a2e9a763e94ad85435d79bcb56e1ead5dd978c6823c77df7bb85c717ee13098cd71efe39b92c72b08862c34b7b878f8cf17f2f06d6bd8d554c3577b4af8f79fadc3a6cd7191ff033b7f0e7e9b8de2dfff1e919bcbf0a38fe26b68a0e4b5d7e85ebd1a536f2faf5f720d7f5a7cceb8fea75ad0a4ce0325666292aa03065fd290a9d91e01fcf48bb538eebd07d7c28514dc7a2bfdcf3e0b4e670c2d09641440e97f0256c8cdf45059d84a5f9f24272bc4d36f2ec5e78baba9d9ac357b02201f6fbde0724ab23383ec6b99c68d976ee0d1d7becd6bff584828a8f2c73717a2cf71a6dba1e672b0959490be6811dea6267c0d0d143ffe38be0f3e20eb273f21007cffcb0f490ffac7d95e21a4214f8bcd4d60a715a9b97409c6dcd01bfd5a948f165a91828aa17e4e6fd80e8b1691f1c413840a0b29b8f556467ef94bdaafbd1622114c40f5a3208aa2e0b99c41dedbb810935961d6b41ea6140ef3dbe797130c4e0e6c329dc860dc70f90e569c3ecca8db848c84282df4f0fac767f0d5ae3cadf790fe14e47bbaf06cd8c0d0bdf762292ac2bc78318e9b6fc676f6d9588a8b89b847b866cfd628389a47115d5e8bb8d7114b135ff0e869929eb80aa3bac64be917634c0470c3f62ff09597613699706565611d1ac2e37452f4e73f639f3e1d80f2d320edfb71ed7beeed33f07805e525631c6ccee2eb7d65fcecfb1bb15812edf0891c3079199309b23282bcfadbb7b864c5119a5b3378fede977876cd0adc6eaddc5498f2533fdd77de099108c1d65622dddd789f78020606705d7d3521e0caba0d9854558346c42313daa81b218b2ba49ed64d078916c6087c422850e36456c39cb7f72bb2eeba8bc8ce9d849b9b090d0e62b75a19fce52ff1eedd8b1328fb15608a6adfc088932d3bf2597de566bed8514d415e806f9fb5872c072821200032103d1bd332216d420d4e8f9609265e9ba83e41f08cdaf18c85b9e29c43fcf983b338d653c47bebab621105eb4fa0242fda7fc5e1008783c8a59732f8c61ba49f7b2ec2662363a087256dcd51e5d56daa0029e438d7576a7f3a5e524814e3da2399a448ce88965ade720811f4639b350b353313ff860db8b76f27b8670fc36bd7829494d582b824ae79afae5d84cb1e202f37c28faffa8c150b1a39655a1f2655032d08423b6338545f11a19172d4400e61cf6cdc870750fd5391fe1202832510484fa8230d3cf47396cdcfbffc7007ad7d2564d8fa5979d6265ef9c7523c1ead5b9950b22a1a77898c8cd073cb2dc8e79f277dee5cc2c5c538162d620cb8bce16b83be691e592c0614c7c7184d4544cdae92e46f24a06e9c24a5f6044202e71cda8b3b12c1ddde8e69f972c415579076e185d8cacb91aa8a09c8fb0108ed115d3822d8b2b3888535addcfde4656c3f50c5f4a9a3141444a277921e97d1da52650191702eaa9a851ab6e2ddd78ab7d386a7b999b18621c63a7df4ee1fa0637b27aa2c40aab9844385206d09f21b5767428125735af8f8ebd33878b490536b8fd1d96d8bf5cf7a23646b86d4515303d75ecbc8debd781f7d14e7f9e703b0f8503d48a999e528f3d8c25068696414773dad95311b0d868849977aa7843e620b8f1c0055c5f3c823a4df75172d37de88b5bc1c734505a82ad90a98af8c57ab3f5c4c5b4f0e1fd72de2dc857bb9fdbaed381df1e5ed780fc24768c0843a3c865446917e08f576216ce09a0a81fe5ebc03e01d82d6ed6d8c0d8698b6240f57762061bd95dc89f6ee0ceebff92dce5ad28bdd9ed4f62cc89b0b03bb61f4bdf750d6af27efd65bf1efdd8b6dce1c1082f491412a87fa3892938f1e2a1532fea82eaec58627e35a56c26428279cca75b5106405bc140ef4461bbee92664511105b7dd8663c60c02bb762181ece9c0b478edcdbb2bb9fdaa0f9853ddc9fa9db3898423b85ce370409555047d2e8263394008391241fa556ca5e0b0803d00763f6448282e86d23930782c886f54e21b0d33da378550201b495e82e47aafae3cef00979cd38bd3199d28931f8a675f104f17fcfad704f2f248ffd9cf109108a6ec6cc680335a9b12474888f813291d6712371929629cd711ff9f68b4e38c6a7b3bf14995f4952bb15f7209e1ee6eb8f0422c575d8573fe7c0490b1ccc046c2c1a3f9bcb6ee6c0eb5e4317d4a0ffe903da57b26388230e521fbdba1cd83d09e5d85ba203002012f047cd17370084cfd30750e788660c7fb430c740ca398ad08d99f20794cc193bc169d7459ac4ba2f16b80d177dec11e08202311fc4d4d582b2a0801d53d1da9eff6717d8993d362c61c8b6deb8111e3761d99f06006904c1d1ac0673251b27a35eafefd840e1fc671da69f43df5149efa7a04e09c9be8e78e8e295cba6c2f66bcac38ad1b9723ea381be2ea205ca8912c64d00316059408b8c0d706c7db8fa098203d0fbc9e2880419f19abb31045f48154137b6d90291034d13be0a4ac782c0ef61c7009f04b906363587272881414605ab204d3eeddc89d3b2919ea3be955ab2f144e7e50648c7068c63ee95ad9703fe6ea6a42adad5126fdfd44f2f349ffce7700b003a232ae351208852405397e36ec5ac86ffe74315dbd8e84fec771888034c56674098c8ec1c8e8c487d71b67a04624520d127dea2812f8ebe9f737d6d2dae1a4b53b8bcfbf2ad2a30451792bc0aea9743810a0f7b3cf18baf34e426fbc81292f6a8e32c746407bd2a21f249d93f3c2aa8a59d7e604bb129b1fc7df24b6a01f734101aacf87ada202737f3fe17dfbf06dde8cd0ba484e6cae0009bfb87e23b3670e70c6bc63d8ac2172b265ac99d8597a3099bd485b39845550417840c987eec67162c4c029ad84b1c3100c83500436971945742478314605ac29ef24dde5a33ccbcbf4b281b84248c0025617083f040f1fc6d4dd4df1c30fe35ebb1665ee5c00b2bd6e84c65befdfb8b9d7e8de69d7635e87342013edb8d00620ee874824424afc8d8da42d5c48d8e9c475dd754820ebbaeb18fdfc7384aa46d55a171e5834670080d2e2146b6d115f2c49b510c93043a608221f3225e49640c006dee16871ab09ba7a053ebf89dc3268eb038ac0e6147cd510209221a8aa2e4144ba92208e5275c570c2402593c9e087e5dc7003e2f4d3492b2ec6bd732700b670283e8093f80ec69f89bb4935ff2f06b7b64e37d69640a4a787911ffd88b4152ba281242d4a13e37f927bbcf46d557f7e23c4859131ea365d81e3fa551cdbb70d73760e39397964656502b0f7b375b4f9c23cfad86f5192a6f2afbeaae7b3cd7bd9f9fafd8c55e4b0eaba81931304507507cb6a45292cc4ffca2b98f2f351341b2375353e4932c72a49115d4ec6ee89b8ad8eff92e8db0e7cf5f5f8b4c9cfd8ac0a30965a5bc6516c228c26bfdc1ae14ca74af68a8b48cb2ba4faca1b993e7d3adddddd04b5c8d3cc998b78e289273099728944220c0e0ed2d3d34371713179792558cc8d64b4a9bcd76666d5750ac238eafa5c6f902d79df60400bd239e7ce452c5c88253b1bb3c381ffe59701f05aace377cd12af6fe4154b0b741badf55a6a0f678d7bead0b53c9a3766778c9bc48dbffd00dd270072120d8fe68218a5b3d3ce29f75d497b470700dddddd288a4241410176bb9daeae2e00dadbdb191c1cc462b150555585d56ac5e17060b5d9708723487380314f0619aee1986cc6b14fb9356330ea3a0278b66fc7f3ad6f218520ebf2cb91b9b9086050df42a683998481d166ebe9e8e64e3db2a25f9132b674d797907a192925ad59799849d462e3a22002840d939791bdd1a6c5db88a6eb7658a8aa0831e09d427e4141ac5c6e6e2e524adadbdb696d6d65d3a64d2c5dba94bcbc3c6a6a6a9052d2d6d6c6e0e0209b376fe694b973b1679ec6d4321fbbf698c7b5932c47c2efa3e00f27f6072919fdf863c65e7f1d80fef44ce2c188c42355bed4bc0f25018d24c08d871e8f38929d8783a48540d2efb1afe39d18b765cf986f486ffe2ac8cc296049af41511414cd0087c361868686088542a8aa8aaaaa389d4e3a3a3a3872e40895959554545460b158282e2ec6e37653ec9849ed54d8bc2dde8e30c83251a855d645efc8e4bec94000190800d09953380e1bfd10c7c93347dfd5300ea1818cfe8a56e0606e2136932936016ac392705b8e6c839c00f165d62424815d7b142eae02df192b08040258ad56009a9a9a282e2e8e9a052d0fc06ab5d2d5d545241261646484f2f27242a110168b051154a84a33f3eea727d8be6646dc5f46efc889c806ec2f2c8d827792a440d424246c6d4a3848f8ed335b682e2a4f60926cb30786416e3c7121c21107f57b831485c0396d1a3d3d3d141515e1f3f998356b163e9f8f9e9e1e0e1e3c48381c06a0b8b898850b17525c5ccca2458b18181860eedcb9646464200454462cecd91522a25a27695dd36e2f0c4e3230e908b695564623992779c46cb4249e3931e8d1637be5ccd4026b670fe07de38471e6f0910cf25d63f83b158a162c20180c62d7c26b9d9d9d0c0e0ed2dfdf8fc96442d5dcacb1b131eaeaea0887c3288a12ed8ca2d0d5d545b8b000d78005871ca3a52d33713e91139c3f81be7e8e4b9d05c5f438d348659f273be240c74056934643d58e78de2755b5644d025ed75f81dec9208e52dd76983f5d12daaf32d2d616cbefeeee263f3f1fbfdfcf82050bb0dbed78b468fdc0c000cb972f474a89dbed8e9a0c21c8cdcdc576ee59049aadccad52d9be4b49306bc9f3856e3687ff08dee3c82880add367733c053cdea1e82026032ed564f55763c7ae825286730a12c60c12c7b0db0dc167b4fc49bc8eedbb42cc9f01812620148a9559be7c393b77eea4a0a08063c78e110c06993163062d2d2d381c0eb66ddb462412c1e170683c25168b85690b17d2de66674135d4ed08c5e59a0887afa1fdd3e3eb6416b0a676617445f30d8eb87b27558454a33eb49e560d696d06d503ddefce3b1dcb71342002b4fd1e64671cd854fb35240a5bbf82c5d3c0d7641c0889d7eba5a6a686a1a1219a9a9ab0d96ce4e6e6323a3a4a565616858585f4f4f4242c6800d25c2e82b65a4eab862d5bcda48ad9180460e45730a8cd8213953c32651a87b2f391a8dfe85050a320a31a35574ba346355b4dd4682955dea83d1587cd3ea16012e81c06efdd46f0c6971b1ac9a0b7d14da903425e81392383cece4eb66cd94248d3ee193366307bf66cdadadae8ececa4b7b797d1d1517c3e1f0e87039bcdc69c39736203042056fe808a6c41dbfe51c6dcce89715e03cdeb5283acff7601af2f3c33ca3b495365525a4e90afc894e64203548d839ecc68d06667edbca5e80f299231144497e3875e8b7626a5ff0a341cb4501a08a200bd0e07d953a670f8f061ce39e71c8a8a8ac8cbcb233d3d9db2b232962c5982dfef67787898a6a6266a6b6bc9cece261008d0dcdcccfefdfb494b4b430841e9d92b082a0a05de008dcdae947eb4e884b6db89bddf2893e4d76938bf98b555b54900ab09e9282e6ac235a9a545344caaa247eaa2ad89a496644a2041f0cca2e55cb4af8eb0d73d5e53b4f38884a3b7c0b45a60d6f865efd63ac1fc3c08f6825cb68c8ed656e6e5e5b1efedb7a3ad280a59f3e651545181cd66a3b6b696175f7c11abd54a4343034e9b0d756494507b07d6508890dd469fd98277641897c7c6bc0c2f5f6d8bb07859dc7c01c8000c7f1f8ef524ca9b7c4e071e5876116104b10709b13209fecc04e768caacbb7251210c2b171dfc717b0eb412423264b3f3dcb28bf8df9facc1477ce1a29f756a1f02e777a0e80ba03891cf96afc2d496c1fe7a78777090ae0b2e20cded8ed52f05e6280a2565a5b816cea7ebd425ecddbb97407313bcb906754f03219f8f76351c0b1f0d981454bb9dfc33140e5ac0bd45e5f63b0c02a9e0bb150e7c11872395091440e3b459ac9b3a631cc8274bc272fb8332da693d46170558eae9096b464f6655e5e5775fa6b0b50995f140eb6901cc9a03f91f832c8a5fbc6a6525efbc7b345a4631336d5a260579d169361c11ec6b18c6ebf191e900b309fc61054f4025d7255004f802e00d4a54a1603299c7899997ebe0be7bd3b8f5b68e28a861f0df0e7b9f8bbfc13511d84ebb836bffe9365ad3277366272761beeddf12ac82fe566c4c8209b18e5f281f1be2f5bf3c8bd7e739ded02080ea1950fc1e30135061a833876ddb6d4829292f9354578d6031eb1028f4f4e5f0c526277f7a19366de9c3eff7c5f8a5a5a573cbaa1cce5a1aa6b858252f2730aecd9cec0819e923d1d737bce05905f57f896e624aeea244bbaba5240df8dd45dfe3ed19f362bc8e0bc72424cc3fbe5f7f39301191d830a7669d9c7b5e6b130f7df01a63eaf1a205519a920d95cf81f25dc6af1252cd481222d24c7b572e0f3ee2605b9d8fabbe9bc61d3fe921cde589c61e52c56e0dc8c836e8bf011a771c3f9e81c984351261d3bcd3b977f9a593f665224a1e1461fed1af25462d4e69654f8c56d7d7f1c32fff81e704ca6608987123b81e0072530b974cf131d0a3e5274061086f87a3d74267df246585c024251de5d3f9c1a5d7125226f91ac24990499cbae2fed8fa27b684d3ff4d7c8814793b0b4ac85614e676b410e2f81400ba7643f8654837816911880cc01a3da40584e18c357ad60f525c9796783e02d48fa0e70668780c8627585f1b07d7040c1697f3c34bae2160324d8ac1c91c2665d1f228d032eec809cd77d6c1d483d7fa7922a041b2a5a89c4c93c2828e1682fa9891648d0c1d1df543d77a08ff091c3d609a02427bc56fdc3b3a22d1454b8e6f033000ea0bd0730b343e055dbd715391cabae864017a4b2bf8e1c557e3b158fe5b4106895056df23135b8d37afbf1f944c2772cb5e7b70373ffaf223426a24250f232f63c7b381bc99907d09d85700f3806210f6c469434a10da3be13442681b8cae83fe8dd01f897eb9e644c901ec997e0a3f3feb5b04cce33d97ff0e12cacdbf8ccf24df744a4dc51858ded9cac31bde25e8759fd483715d0c1bd19d438e6cb065802907842d0ab23a04a141f00d83271475d5269f86c7b793a128bc7aea0a9e9a7b3a91137aa2fccd4828abee961543fd5cd6b807253918917caf9d20492118b5d969ce2de4586e010f6df99499ad87630ec67fc54d9ab4ed14bc53e59981704636bf5a71295b8acac8778fb2b8fd0825a3c3d8c393cd30274ea3363baf2c3c33ba323c9699c387d5b3b9a0a981f39bf793e38bfa0dc9eeb4f1cc04e9e4b1f9bcb2861f9c7f252b8f1ce09feb3610f1ba894c5076229e13f19fa86c324f92ca65290aef9f722a8fce5f86db6225c733c60b6bfe8433144cb98448b5e23d9eb2a8080e1414f351f51cbeac98892ac12ca58a44d09c9d4ff3e2b3f9d3a2152cee38c2c587f7715afb51ec91704a90a30cc77fa0c4484120c3338a2a257fadace1a329d3b8bdbe8e6f1fd8893f1848694753b563046a223093d3c93c04902104bba656f3d8c2e534ea2f694a95b4800f351424004ce4d009edda446d0aa0c795c167d366b16efa29899fa3906a3cd6a18f4f5808b64ea962eb942ab2fc5ece3edac8c54dfba81ee845dfdb21810e88c5378e474188b98d63660bbf5db08ce7672de0a6c63d5cd1b81793772ce1632646c18d67bd63a9b468a27c1d9c349399cd953379fe9453a9d7bf5a90f4146284e33f6141e3950bb1a74b12f09bcd6c299bce47d5b3d953544658f7bd93ccb01037de61c849f6a7e21ca70df5b172ff4e2e6eda87203af978997c02f2a665b076d6c294d76c6a840b3b5a98d7d3dda524440000052b49444154cea894273d994d46e9c0607a16ef54cca0cf3e714c3adbefe5d2fa3a8ef7169e206ad7d3b5f390ddc1cbf396b2a17226a376c7a4b20871c3cf659cd57832a911e6f5747051730367b636e1088726b597a4b886e1fa44b6ed446c70aa892e15cfc9e69354f527325b13f5a5233d8b7555b57c3aad86aeb44c622bec141d11dcf033498a385dd9c820171c39c079470f52e2fe9ffa78daff1f141182dd8553585755cba6b22abcd6f11b5a04d7ff2c3680e9013f2b5a9bb8b8793fb5fd5d98bec1469193268b85ea679ec1515585a7be9eee175ec0535fff3fdaa4044c763baa3fd5ec9048c262893e3199e8db1d49e4b158d9583e9d8faa6a69c82f2112fbfad875ff2ccb4687b8bebe8ea5ed477086267f5f58d7fe923bef24adaaea84043052e71ffe807bef5e009c679dc5bcf7dfa77be74ef2e6ccc19991c1e0c71f13686f1f576f78c30606366ea4eabefb4eba4d80f6279ec0dbd8887de64c6afef637bc9b37c73e0c1071bb39faf0c3543df8204203a7e7d557f1666450f99def70f8965b8eeb3ea6a28ef42cd64d9bc56b731647f74777a467f2bbd3cfe3779c975872026e37efdecc55077733a6aa54ad5a455f7d3d8a94d8f2f218dbb387fcb3cfa6e5edb79971d34df87b7a38f0d453d4de7d37079f7c92f2cb2ec3df170fa3b90f1d62acad8da10f3ec0d7da8aa3a282dc534ea1e5f3cf295bbd9a88db4da0b191fc0b2ea0fd9d7790361b238a42e9f2e50cd4d783c7c3486727594b9650bc6409fbefbb8fd2ebaec3969585afa989b1be3e2abff73d0e3df20881c141008aefb883b6175ec034650a532ebf1c6c368e3ef618619f0ffb79e7d1f3d967942c5d8afb9147f06fdd8afdf1c7b14d9d8affd83100565df67d3a4ff061801e195240a20a41c0641a7f98531f116d8f747a71318ac9447a5919d9b5b5289108e1c387518341ec5959b47ef821d2edc639752a2210c0b77e3d6a7737264541d1620a4a571781fe7e72962fc7595e4ed9d2a5c8e16132f2f3c9993a95dc59b308353410f6f9c8fee94f99fef7bf5378eeb9f8f6ee2570e0004a6626e5575e49f6f4e9585d2e4c1e0ff9f3e7e36b6d25dcd242e1b265b83b3ac8993a958836c08e59b3087cfd35d36fba0961b562b2d9086fdd8a233b9b636fbdc5f46bae41ededc5e4f160b7d9087676629b32257627074d26fce6133b0266131289f984ee8109a8e5a187186e6cc4f7e9a7f8cd660a6fb801bbcfc7684b0b877ef10bb256aec46eb7d37afbedd8cacac8bcec32dcddddccfaec330e5e7c31fe9616003c9d9d743ff30c05ab57b363fd7a4a172fe6d84b2fe138f34c3ad7acc1e9f73376ec18ed575f8deaf512aea860d1071f1069696178ed5afaebeb492b2860b4a686e18f3e62c3e9a793565a4acea245b43ef61873eeb987c17dfb6272f76edd4ae69225d4fdf8c78886060aeebe9b706e2e150f3dc491c71fa775e64c6c3e1fb9f7df8fe71fffc0555e8ef7f0e144a84e1237c1f76f3f69a8670ef4f2cbad9f5031329890af1ace7a0c2ca2a5030e07e66010351221fdbaebf0bff92652dbb0183694975a7d131022be5233f20408b85c983d1e14e27386ce47105fb14a9389a2279fa4ff8e3b90da3e9160511115bffb1d5dd75f8f54552244df6c5549fcfc8b04ec175e48f68205f43ef20821c5c4c6b22a1e39e37c422613a99d4152e69f1cd049fea13314c41e399980e4ff1b4ae57feba09e485d9ddc565bf4a9cb37888899c7dd0f7a10daf8e650cab092c06bb5e2c51a8fc6c79edd19d2b13d235a9e71a412de3dd3ca499222fc9a80463e7a1dfd7a421dc6cb9adc0f99dca709da4cb5fa90babcc465d6d309f513572cff178d6f2f639f7eef1f0000000049454e44ae426082, 'image/png', 'STU', 'EMP', '2015-05-27 15:15:15', 1, '2016-12-21 05:49:49', 1);

-- --------------------------------------------------------

--
-- Table structure for table `section`
--

CREATE TABLE IF NOT EXISTS `section` (
  `section_id` int(11) NOT NULL AUTO_INCREMENT,
  `section_name` varchar(50) NOT NULL,
  `section_batch_id` int(11) NOT NULL,
  `intake` int(5) DEFAULT NULL,
  `created_at` datetime NOT NULL,
  `created_by` int(11) NOT NULL,
  `updated_at` datetime DEFAULT NULL,
  `updated_by` int(11) DEFAULT NULL,
  `is_status` tinyint(1) NOT NULL DEFAULT '0',
  PRIMARY KEY (`section_id`),
  UNIQUE KEY `section_name` (`section_name`,`section_batch_id`),
  KEY `section_batch_id` (`section_batch_id`),
  KEY `created_by` (`created_by`),
  KEY `updated_by` (`updated_by`)
) ENGINE=InnoDB  DEFAULT CHARSET=utf8 AUTO_INCREMENT=14 ;

--
-- Dumping data for table `section`
--

INSERT INTO `section` (`section_id`, `section_name`, `section_batch_id`, `intake`, `created_at`, `created_by`, `updated_at`, `updated_by`, `is_status`) VALUES
(1, 'MCA-Section-01', 1, 60, '2015-05-27 15:28:16', 1, NULL, NULL, 2),
(2, 'BCA-Section-01', 2, 60, '2015-05-27 15:29:11', 1, NULL, NULL, 2),
(3, 'MSCIT-Sectio-01', 3, 60, '2015-05-27 15:30:36', 1, NULL, NULL, 2),
(4, 'BSCIT-Section-01', 4, 60, '2015-05-27 15:32:34', 1, NULL, NULL, 2),
(5, 'MBA-Section-01', 5, 60, '2015-05-27 15:33:32', 1, NULL, NULL, 2),
(6, 'GNM -A', 6, NULL, '2016-12-19 07:24:47', 1, '2016-12-22 08:43:28', 1, 0),
(7, 'GNM-B', 7, NULL, '2016-12-22 08:40:28', 1, NULL, NULL, 0),
(8, '1-12-2017', 8, NULL, '2016-12-26 09:03:42', 1, NULL, NULL, 0),
(9, 'GNM-C', 8, NULL, '2016-12-26 09:05:31', 1, NULL, NULL, 0),
(10, '1-06-2017', 9, NULL, '2016-12-28 09:47:44', 1, NULL, NULL, 0),
(11, 'GNM-D', 9, NULL, '2016-12-28 09:48:40', 1, NULL, NULL, 0),
(12, 'DMLT-A', 10, NULL, '2017-01-10 06:48:02', 1, '2017-01-11 07:03:27', 1, 2),
(13, 'DMLT-B', 11, NULL, '2017-01-11 07:07:56', 1, NULL, NULL, 2);

-- --------------------------------------------------------

--
-- Table structure for table `state`
--

CREATE TABLE IF NOT EXISTS `state` (
  `state_id` int(11) NOT NULL AUTO_INCREMENT,
  `state_name` varchar(35) NOT NULL,
  `state_country_id` int(11) NOT NULL,
  `created_at` datetime NOT NULL,
  `created_by` int(11) NOT NULL,
  `updated_at` datetime DEFAULT NULL,
  `updated_by` int(11) DEFAULT NULL,
  `is_status` tinyint(1) NOT NULL DEFAULT '0',
  PRIMARY KEY (`state_id`),
  UNIQUE KEY `state_name` (`state_name`,`state_country_id`),
  KEY `created_by` (`created_by`),
  KEY `updated_by` (`updated_by`),
  KEY `state_country_id` (`state_country_id`)
) ENGINE=InnoDB  DEFAULT CHARSET=utf8 AUTO_INCREMENT=11 ;

--
-- Dumping data for table `state`
--

INSERT INTO `state` (`state_id`, `state_name`, `state_country_id`, `created_at`, `created_by`, `updated_at`, `updated_by`, `is_status`) VALUES
(1, 'Gujarat', 1, '2015-05-27 15:20:18', 1, NULL, NULL, 0),
(2, 'Maharashtra', 1, '2015-05-27 15:20:29', 1, NULL, NULL, 0),
(3, 'New York', 2, '2015-05-27 15:20:38', 1, '2016-12-17 10:08:01', 1, 2),
(4, 'Melborne', 3, '2015-05-27 15:20:49', 1, NULL, NULL, 0),
(5, 'New Jersey', 2, '2015-05-27 16:18:02', 1, NULL, NULL, 0),
(6, 'Bedfordshire', 4, '2015-05-27 16:19:49', 1, NULL, NULL, 0),
(7, 'Cornwall', 4, '2015-05-27 16:20:03', 1, NULL, NULL, 0),
(8, 'New South Wales', 3, '2015-05-27 16:20:42', 1, NULL, NULL, 0),
(9, 'California', 2, '2015-05-28 11:22:06', 1, NULL, NULL, 0),
(10, 'madhay pradesh ', 1, '2016-12-17 10:07:33', 1, NULL, NULL, 0);

-- --------------------------------------------------------

--
-- Table structure for table `stu_address`
--

CREATE TABLE IF NOT EXISTS `stu_address` (
  `stu_address_id` int(11) NOT NULL AUTO_INCREMENT,
  `stu_cadd` varchar(255) DEFAULT NULL,
  `stu_cadd_city` int(11) DEFAULT NULL,
  `stu_cadd_state` int(11) DEFAULT NULL,
  `stu_cadd_country` int(11) DEFAULT NULL,
  `stu_cadd_pincode` int(6) DEFAULT NULL,
  `stu_cadd_house_no` varchar(25) DEFAULT NULL,
  `stu_cadd_phone_no` varchar(25) DEFAULT NULL,
  `stu_padd` varchar(255) DEFAULT NULL,
  `stu_padd_city` int(11) DEFAULT NULL,
  `stu_padd_state` int(11) DEFAULT NULL,
  `stu_padd_country` int(11) DEFAULT NULL,
  `stu_padd_pincode` int(6) DEFAULT NULL,
  `stu_padd_house_no` varchar(25) DEFAULT NULL,
  `stu_padd_phone_no` varchar(25) DEFAULT NULL,
  PRIMARY KEY (`stu_address_id`),
  KEY `stu_cadd_city` (`stu_cadd_city`),
  KEY `stu_cadd_state` (`stu_cadd_state`),
  KEY `stu_cadd_country` (`stu_cadd_country`),
  KEY `stu_padd_city` (`stu_padd_city`),
  KEY `stu_padd_state` (`stu_padd_state`),
  KEY `stu_padd_country` (`stu_padd_country`)
) ENGINE=InnoDB  DEFAULT CHARSET=utf8 AUTO_INCREMENT=130 ;

--
-- Dumping data for table `stu_address`
--

INSERT INTO `stu_address` (`stu_address_id`, `stu_cadd`, `stu_cadd_city`, `stu_cadd_state`, `stu_cadd_country`, `stu_cadd_pincode`, `stu_cadd_house_no`, `stu_cadd_phone_no`, `stu_padd`, `stu_padd_city`, `stu_padd_state`, `stu_padd_country`, `stu_padd_pincode`, `stu_padd_house_no`, `stu_padd_phone_no`) VALUES
(1, '50 A, Hauz Khas Village (3rd Floor)', 1, 1, 1, 342376, '50', '(0234)4345565', '6 Hamid Road, City Station', 3, 2, 1, 456734, '6', '(022)2345687'),
(2, '259-A West 55th Street, New York, ML, 10019', 4, 3, 2, 10019, '259', '(0234)4345565', '259-A West 55th Street, New York, ML, 10019', 4, 3, 2, 10019, '259', '(0234)4345565'),
(3, 'JU-390. It first flew in Bodo', 4, 3, 2, 10035, '390', '(0234)6575565', '59-A West 55th Street, New York', 4, 3, 2, 10019, '59', '(0234)4345565'),
(4, 'Flat No. 100, Triveni Apartments, Pitam Pura', 9, 2, 1, 400876, '100', '(0234)4345000', '15, Red Cross Street, Agripada', 3, 2, 1, 400008, '15', '(022)2345687'),
(5, 'Friends Au Pair Agency, 2 Fairmile Avenue', 11, 5, 2, 10098, '2', '(0934)4345565', 'Northgate House, 21-23 Valpy Street', 15, 8, 3, 456734, '100', '(0282)2345681'),
(6, '300, Lane Number 9, Manekbaug Society, Ambawadi', 1, 1, 1, 380015, '300', '(079)24345565', 'Government Quarters AMTS Bus Stop, Surendra Mangaldas Road, Nehru Nagar, H Colony', 1, 1, 1, 380006, '12', '(0792)2345687'),
(7, '16, Warje Malwadi Road, Bhalekar Chawl, Erandwane', 8, 2, 1, 411004, '16', '(0223)4345000', '5 Acacia Crescent, WIGAN, WN6 8QZ', 4, 3, 2, 10019, '5', '(0792)2345687'),
(8, '1, Camp Road, Haripura, Asarwa', 1, 1, 1, 380015, '1', '(079)24345565', 'Shahibaug, Bhadreshwar Society, Kazipur Dariyapur', 9, 2, 1, 400023, 'A12', '(0224)2345681'),
(9, 'Pedestrian Overpass, Red Hills, Lakdikapul,', 6, 1, 1, 361001, '34', '(0288)24345565', '670, Mahatma Gandhi Road, Choithram Mandi, Imli Bazaar', 10, 2, 1, 400045, '670', '(0224)2347899'),
(10, '3 Moffat Road, New south wales', 15, 8, 3, 20035, '3', '(0034)4345565', 'Opp. PO Box  Ng2 6Tw, 22 Grange Park, West Bridgford', 4, 3, 2, 10019, '12', '(0934)4345585'),
(11, '8, CN Complex, Sardar Road, Thakkarbapa Nagar', 2, 1, 1, 390015, '8', '(0798)4345565', 'A 237, Okhla I, Pocket A, Okhla Phase I, Okhla Industrial Area', 10, 2, 1, 430456, 'A-237', '(02324)2347899'),
(12, 'B-1/492 Janakpuri', 2, 1, 1, 342376, 'B-1', '(0234)4345565', '12/3 Kalkaji Extension, Opp. Nehru Place', 8, 2, 1, 456734, '12', '(022)2345687'),
(13, '156, Bhagat Singh Market, Near Gole Market, Ahmedabad', 1, 1, 1, 342344, '12', '', '174-176 Somdutt Chambers II, 9 Bhikaji Cama Place.', 3, 2, 1, 345456, '100', ''),
(14, 'Open Guarden, JP Office, Vaibhav Street', 4, 3, 2, 342344, '134', '(0234)4345564', 'Open Guarden, JP Office, Vaibhav Street', 4, 3, 2, 342344, '134', '(022)2345681'),
(15, '300 BOYLSTON AVE E, SEATTLE WA 98102, USA', 4, 3, 2, 342344, '23', '(0234)4345565', '100 MAIN ST, PO BOX 1022, SEATTLE WA 98104, USA', 4, 3, 2, 345456, '100', '(022)2345687'),
(16, NULL, NULL, NULL, NULL, NULL, NULL, NULL, NULL, NULL, NULL, NULL, NULL, NULL, NULL),
(17, NULL, NULL, NULL, NULL, NULL, NULL, NULL, NULL, NULL, NULL, NULL, NULL, NULL, NULL),
(18, 'Gram - Ranara ,  teh - Khilchipur  , Dist - Rajgarh  (m.p.) ', 20, 10, 1, 465679, 'WARD NO. 1', '', 'Gram - Ranara ,  teh - Khilchipur  , Dist - Rajgarh  (m.p.) ', 20, 10, 1, 465679, 'ward no. 1', ''),
(19, 'VATANERY  HOSPITAL  KE  PASS , KHILCHIPUR  TEH- KHILCHIPUR   DIST - RAJGARH  ', 20, 10, 1, 465679, 'WARD NO. 9', '', 'WARD  NO. 9   BHOI  MOHALLA   Khilchipur  , teh- Khilchipur , Dist - Rajgarh  465679', 20, 10, 1, 465679, '08', ''),
(20, 'GRAM- SANKHEDI , POST - DEHRIBAMAN , TEH- RAJGARH, DIST - RAJGARH ', 22, 10, 1, 465661, '', '9575659877', 'GRAM - SANKHEDI,  POST- DEHRIBAMAN . TEH- RAJGARH , DIST- RAJGARH ', 22, 10, 1, 465661, '', '9575659877'),
(21, 'BARADWARI , WARD NO. 14  RAJGARH   TEH- RAJGARH  , DIST- RAJGARH ', 22, 10, 1, 465661, '', '9074958895, 8120646100', 'BARADWARI , WARD NO. 14  , RAJGARH  TEH- RAJGARH  , DIST - RAJGARH   465661', 22, 10, 1, 465661, 'WARD NO. 14', '7047598279'),
(22, 'RAVI SANKAR   NAGAR  SUTHALIYA  ROAD  WARD  NO. 18  , BIAORA TEH- BIAORA , DIST- RAJGARH  PIN CODE- 465674 ', 21, 10, 1, 465674, 'WARD. 18  ', '8359988318', 'RAVI SANKAR   NAGAR  SUTHALIYA  ROAD  WARD  NO. 18  , BIAORA TEH- BIAORA , DIST- RAJGARH  PIN CODE- 465674 ', 21, 10, 1, 465674, 'WARD. 18  ', '8889515782'),
(23, 'Gram, Post - Lakhani , teh- zeerapur , dist - Rajgarh , (m.p.) Pin - 465691', 24, 10, 1, 465691, '07', '', 'Gram, Post - Lakhani , teh- zeerapur , dist - Rajgarh , (m.p.) Pin - 465691', 24, 10, 1, 465691, '07', ''),
(24, 'Gram- Karanwas , teh- Rajgarh , Dist- rajgarh (m.p.) Pin - 465661', 22, 10, 1, 465661, '', '', 'Gram- Karanwas , teh- Rajgarh , Dist- rajgarh (m.p.) Pin - 465661', 22, 10, 1, 465661, '', ''),
(25, 'GRAM- HABIPURA , TEH- BIAORA , DIST- RAJGARH (M.P.) PIN - 465674', 21, 10, 1, 465674, '', '7879336361', 'GRAM- HABIPURA , TEH- BIAORA , DIST- RAJGARH (M.P.) PIN - 465674', 21, 10, 1, 465674, '', '7879336361'),
(26, 'saheed  Colony  Biaora , teh- Biaora , Dist - rajgarh  pin - 4645674', 21, 10, 1, 465674, '', '', 'saheed  Colony  Biaora , teh- Biaora , Dist - rajgarh  pin - 4645674', 21, 10, 1, 465674, '', ''),
(27, 'Gram- Piplya (Kotra) , Dist - Guna (m.p.) Pin - ', 28, 10, 1, 473001, '', '', 'Gram- Piplya (Kotra) , Dist - Guna (m.p.) Pin - ', 28, 10, 1, 473001, '', ''),
(28, 'Guna Bypass , Kamla laj ke peeche   Biaora , teh- biaora , Dist - Rajgarh (m.p.) ', 23, 10, 1, 465669, '', '7240919691', 'Gram- Gadariya , teh- Narsingarh , Dist - Rajgarh (m.p.) Pin - 465669', 23, 10, 1, 465669, '', '7240919691'),
(29, 'Mand Road Imli Stand , Khilchipur , teh- Khilchipur , Dist- Rajgarh pin - 465679', 20, 10, 1, 465679, '', '', 'Mand Road Imli Stand , Khilchipur , teh- Khilchipur , Dist- Rajgarh pin - 465679', 20, 10, 1, 465679, '', '9617523786'),
(30, 'Gram- Dhakora , teh- Biaora , Dist - Rajgarh ( m.p.) Pin - 465674', 21, 10, 1, 465674, '', '9826374864', 'Gram- Dhakora , teh- Biaora , Dist - Rajgarh ( m.p.) Pin - 465674', 21, 10, 1, 465674, '', ''),
(31, 'INDIRA NAGAR BIAORA , TEH- BIAORA , DIST- RAJGARH , PIN - 465674', 21, 10, 1, 465674, '', '9977541562', 'INDIRA NAGAR BIAORA , TEH- BIAORA , DIST- RAJGARH , PIN - 465674', 21, 10, 1, 465674, '', '9977541562'),
(32, 'SUTHALIYA ROAD BIAORA  , TEH- BIAORA , DIST - RAJGARHG (M.P.) PIN- 465674 ', 21, 10, 1, 465674, '', '9713259865', 'BHERUDFARWAJA  SARANGPUR  , TEH- SARANGPUR , DIST - RAJGARHG (M.P.) PIN- 4656', 21, 10, 1, 465697, '', '9713259865'),
(33, 'GRAM- DEEGLYAKHEDI , TEH- KHILCHIPUR , DIST- RAJGARH (M.P.)', 20, 10, 1, 465679, '', '9754261315', 'GRAM- DEEGLYAKHEDI , POST- NATARAM , TEH- KHILCHIPUR , DIST- RAJGARH (M.P.)', 20, 10, 1, 465679, '', '9754261315'),
(34, 'VILL- MANKI , POST- BAILASH , TEH- BIAORA , DIST- RAJGARH , PIN - 465674', 21, 10, 1, 465674, '', '9826374864', 'VILL- MANKI , POST- BAILASH , TEH- BIAORA , DIST- RAJGARH , PIN - 465674', 21, 10, 1, 465674, '', '9826374864'),
(35, 'HATHI KHANA  ROAD   JUNA  BIAORA , TEH- BIAORA , DIST - RAJGARH ( M.P.)  PIN - 465674', 23, 10, 1, 465674, '', '7240919691', 'HATHI KHANA  ROAD   JUNA  BIAORA , TEH- BIAORA , DIST - RAJGARH ( M.P.)  PIN - 465674', 21, 10, 1, 465674, '', '7240919691'),
(36, 'Gram - RAMGARH , TEH- RAJGARH , DIST- RAJGARH , PIN - 465661', 22, 10, 1, 465661, '', '7247526537', 'Gram - RAMGARH , TEH- RAJGARH , DIST- RAJGARH , PIN - 465661', 22, 10, 1, 465661, '', '7247526537'),
(37, 'BAMANGAV , TEH- KHILCHIPUR , DIST- RAJGRARH  PIN - 465679', 20, 10, 1, 465679, '', '9575908125', 'BAMANGAV , TEH- KHILCHIPUR , DIST- RAJGRARH  PIN - 465679', 20, 10, 1, 465679, '', '9575908125'),
(38, 'Guna Bypass , Kamla laj ke peeche   Biaora , teh- biaora , Dist - Rajgarh (m.p.)', 21, 10, 1, 465669, '', '9685315060', 'GRAM- NITYAKHEDI , POST- KOTRA , TEH- CHACHODHA , DIST- GUNA   PIN - ', 21, 10, 1, 465674, '', '9685315060'),
(39, 'GRAM- NATYAKHEDI , POST- KOTRA , TEH- CHACHODA ', 28, 10, 1, 473001, '', '', 'GRAM- NATYAKHEDI , POST- KOTRA , TEH- CHACHODA ', 28, 10, 1, 473001, '', ''),
(40, 'SUTHALIYA ROAD  , WARD NO. 3 , BIAORA , TEH- BIAORA , DIST - RAJGARHG (M.P.) PIN- 465674', 21, 10, 1, 465674, '', '', 'SUTHALIYA ROAD  , WARD NO. 3 , BIAORA , TEH- BIAORA , DIST - RAJGARHG (M.P.) PIN- 465674', 21, 10, 1, 465674, '', '9993371694'),
(41, 'GRAM - DORIYAKHEDI , POST- BHUMRIYA , TEH- KHILCHIPUR , DIST - RAJGRARH', 20, 10, 1, 465679, '', '8959226646', 'GRAM - DORIYAKHEDI , POST- BHUMRIYA , TEH- KHILCHIPUR , DIST - RAJGRARH', 20, 10, 1, 465679, '', ''),
(42, 'GRAM- ROJYA , POST- CHATUKHEDA , TEH- RAJGARH , DIST- RAJGARH ', 22, 10, 1, 465661, '', '9300026998', 'GRAM- ROJYA , POST- CHATUKHEDA , TEH- RAJGARH , DIST- RAJGARH ', 22, 10, 1, 465661, '', '9300026998'),
(43, 'Gram - RAMGARH , TEH, POST- NARSINGARH  , DIST- RAJGARH , PIN - 465669', 23, 10, 1, 465669, '', '8827447033', 'Gram - RAMGARH , TEH, POST- NARSINGARH  , DIST- RAJGARH , PIN - 465669', 23, 10, 1, 465669, '', '8827447033'),
(44, 'PANCHSHEEL COLONY RAJGARH ROAD BIAORA , TEH- BIAORA , DIST- RAJGARH PIN- 465674', 21, 10, 1, 465674, '', '', 'PANCHSHEEL COLONY RAJGARH ROAD BIAORA , TEH- BIAORA , DIST- RAJGARH PIN- 465674', 21, 10, 1, 465674, '', ''),
(45, 'GRAM- GOPALPURA , TEH- ZEERAPUR , DIST- RAJGARH , PIN- 465693', 24, 10, 1, 465693, '', '', 'GRAM- GOPALPURA , TEH- ZEERAPUR , DIST- RAJGARH , PIN- 465693', 21, 10, 1, 465693, '', '9713259865'),
(46, 'GRAM- JAMONIYA , TEH- KHILCHIPUR , DIST- RAJGARH (M.P.)', 20, 10, 1, 465679, '', '', 'GRAM- JAMONIYA , TEH- KHILCHIPUR , DIST- RAJGARH (M.P.)', 20, 10, 1, 465679, '', ''),
(47, 'GRAM - PADLYA BANA , TEH- NARSINGARH , DIST- RAJGARH , PIN - 465669', 23, 10, 1, 465669, '', '9630617275', 'GRAM - PADLYA BANA , TEH- NARSINGARH , DIST- RAJGARH , PIN - 465669', 23, 10, 1, 465669, '', '9630617275'),
(48, 'GRAM , POST- BIAORAKALAN , TEH- KHILCHIPUR , DIST- RAJGARH', 20, 10, 1, 465679, '', '7869180868', 'GRAM , POST- BIAORAKALAN , TEH- KHILCHIPUR , DIST- RAJGARH', 22, 10, 1, 465679, '', '7869180868'),
(49, 'TILAK MARG , TEH- RAJGARH , DIST- RAJGARH PIN - 465661', 22, 10, 1, 465661, '', '7354812803', 'TILAK MARG , TEH- RAJGARH , DIST- RAJGARH PIN - 465661', 22, 10, 1, 465661, '', '7354812803'),
(50, NULL, NULL, NULL, NULL, NULL, NULL, NULL, NULL, NULL, NULL, NULL, NULL, NULL, NULL),
(51, 'SHRI KRISHANA COLONY DUPADA ROAD SHAJAPUR , DIST- SHAJAPUR , (M.P.)', 29, 10, 1, 465001, '', '9753987174', 'SHRI KRISHANA COLONY DUPADA ROAD SHAJAPUR , DIST- SHAJAPUR , (M.P.)', 29, 10, 1, 465001, '', '9753987174'),
(52, 'GRAM- BAMORI , POST- DAKORA , TEH- BIAORA , DIST- RAJGARH', 21, 10, 1, 465674, '', '8435144943', 'GRAM- BAMORI , POST- DAKORA , TEH- BIAORA , DIST- RAJGARH', 21, 10, 1, 465674, '', '8435144943'),
(53, 'Gram- Piplya (Kotra) , TEH- CHACHODA , Dist - Guna (m.p.) Pin -465697', 28, 10, 1, NULL, '', '', 'Gram- Piplya (Kotra) , TEH- CHACHODA , Dist - Guna (m.p.) Pin -465697', 28, 10, 1, 465691, '', ''),
(54, 'GRAM- KANSHOR KALAN, POST- BARKHEDA , TEH- BIAORA ,DIST- RAJGARH', 21, 10, 1, 465674, '', '989386416', 'GRAM- KANSHOR KALAN, POST- BARKHEDA , TEH- BIAORA ,DIST- RAJGARH', 21, 10, 1, 465674, '', '989386416'),
(55, 'A.B. ROAD UDANKHEDI , TEH- PACHORE , DIST- RAJGARH , PIN - 465683', 25, 10, 1, 465683, '', '7389526174', 'A.B. ROAD UDANKHEDI , TEH- PACHORE , DIST- RAJGARH , PIN - 465683', 25, 10, 1, 465683, '', '7389526174'),
(56, 'saheed Colony Biaora , teh- Biaora , Dist - rajgarh pin - 4645674', 21, 10, 1, 465674, '', '9993698125', 'saheed Colony Biaora , teh- Biaora , Dist - rajgarh pin - 4645674', 21, 10, 1, 465674, '', '9993698125'),
(57, NULL, NULL, NULL, NULL, NULL, NULL, NULL, NULL, NULL, NULL, NULL, NULL, NULL, NULL),
(58, 'GRAM- TODIKALAN , POST - KALIPEETH , DIST- RAJGARH , PIN - 465661', 22, 10, 1, 465661, '', '8120200274', '', 22, 10, 1, 465661, '', '8120200274'),
(59, 'GRAM- RASULKHEDA , POST- BAKHED , TEH- RAJGARH , DIST- RAJGARH', 22, 10, 1, 465661, '', '', 'GRAM- RASULKHEDA , POST- BAKHED , TEH- RAJGARH , DIST- RAJGARH', 22, 10, 1, 465661, '', '8966010067'),
(60, 'GRAM- DARANA , TEH- SARANGPUR , DIST- RAJGARH ( M.P.)', 26, 10, 1, 465697, '', '9826944009', '', 26, 10, 1, 465697, '', '9826944009'),
(61, 'GRAM- SONKACH , POST- SONKACH , TEH- NARSINGARH , DIST- RAJGARH', 23, 10, 1, 465669, '', '8718975049', 'GRAM- SONKACH , POST- SONKACH , TEH- NARSINGARH , DIST- RAJGARH', 23, 10, 1, 465669, '', '8718975049'),
(62, 'KARAMCHARI COLONY BIAORA , TEH- BIAORA , DIST- RAJGARH , PIN - 465674', 21, 10, 1, 465674, '', '9179175559', 'KARAMCHARI COLONY BIAORA , TEH- BIAORA , DIST- RAJGARH , PIN - 465674', 21, 10, 1, 465674, '', '9179175559'),
(63, NULL, NULL, NULL, NULL, NULL, NULL, NULL, NULL, NULL, NULL, NULL, NULL, NULL, NULL),
(64, 'GRAM- KHARETIYA , POST- DAKORA , TEH- BIAORA , DIST- RAJGARH PIN - 465674', 21, 10, 1, 465674, '', '8827037101', 'GRAM- KHARETIYA , POST- DAKORA , TEH- BIAORA , DIST- RAJGARH PIN - 465674', 21, 10, 1, 465674, '', '8827037101'),
(65, 'GRAM- TUMDHIYA , POST- LAKHANWAS , TEH-BIAORA, DIST- RAJGARH', 21, 10, 1, 465674, '', '9755536577', 'GRAM- TUMDHIYA , POST- LAKHANWAS , TEH-BIAORA, DIST- RAJGARH', 21, 10, 1, 465674, '', '9755536577'),
(66, NULL, NULL, NULL, NULL, NULL, NULL, NULL, NULL, NULL, NULL, NULL, NULL, NULL, NULL),
(67, 'PARAYAN CHOK , SULTHANIYA , TEH- PACHORE , DIST- RAJGARH ( M.P.) PIN -', 25, 10, 1, NULL, '', '9993595573', 'PARAYAN CHOK , SULTHANIYA , TEH- PACHORE , DIST- RAJGARH ( M.P.) PIN -', 25, 10, 1, 465683, '', '9993595573'),
(68, 'GRAM - SUTHALIYA , POST- SULTHANIYA , TEH- RAJGARH ( M.P.) ', NULL, NULL, 1, NULL, '', '', '', NULL, NULL, NULL, NULL, '', ''),
(69, 'GRAM- DEHRIBAMAN , TEH- RAJGARH , DIST- RAJGARH ( M.P.) PIN -', 22, 10, 1, 465661, '', '9977460216', 'GRAM- DEHRIBAMAN , TEH- RAJGARH , DIST- RAJGARH ( M.P.) PIN -', 22, 10, 1, 465661, '', '9977460216'),
(70, 'BIAORA , TEH- BIAORA , DIST- RAJGARH  PIN - 465674', 21, 10, 1, 465674, '', '9926926274', '', 21, 10, 1, 465674, '', '9926926274'),
(71, 'GANESH VIHAR COLONY SARANGPUR , DIST - RAJGARH (M.P.) PIN - 465697', 26, 10, 1, 465697, '', '9111841671', 'GANESH VIHAR COLONY SARANGPUR , DIST - RAJGARH (M.P.) PIN - 465697', 26, 10, 1, 465697, 'GANESH VIHAR COLONY SARAN', ''),
(72, 'A.B. ROAD MAV. TEH- SARANGPUR , DIST- RAJGARH (M.P.) PIN - 465697', 26, 10, 1, 465697, '', '', 'A.B. ROAD MAV. TEH- SARANGPUR , DIST- RAJGARH (M.P.) PIN - 465697', 26, 10, 1, 465697, '', ''),
(73, NULL, NULL, NULL, NULL, NULL, NULL, NULL, NULL, NULL, NULL, NULL, NULL, NULL, NULL),
(74, 'UJJAIN , TEH- UJJAIN , DIST- RAJGARH ( M.P.)', NULL, NULL, NULL, NULL, '', '', '', NULL, NULL, NULL, NULL, '', ''),
(75, 'BIRJIPURA , TEH- RAJGARH , DIST- RAJGARH , PIN - 465661', 21, 10, 1, 465661, '', '', 'BIRJIPURA , TEH- RAJGARH , DIST- RAJGARH , PIN - 465661', 22, 10, 1, 465661, '', ''),
(76, 'GRAM+POST- KARANWAS , TEH- BIAORA, DIST- RAJGARH ,', 22, 10, 1, 465661, '', '9770398498', 'GRAM+POST- KARANWAS , TEH- BIAORA, DIST- RAJGARH ,', 22, 10, 1, 465661, '', '9770398498'),
(77, 'GRAM- KALEEPATH , TEH- RAJGARH , DIST- RAJGARH', 22, 10, 1, 465661, '', '9584841604', '', 22, 10, 1, 465661, '', '9584841604'),
(78, 'GRAM + POST- SULTHANIYA , TEH- PACHORE , DIST- RAJGARH (M.P.) ', 25, 10, 1, 465679, '', '9584841604', 'GRAM + POST- SULTHANIYA , TEH- PACHORE , DIST- RAJGARH (M.P.) ', 25, 10, 1, 465679, '', '9584841604'),
(79, 'GRAM- KALEEPATH , TEH- RAJGARH , DIST- RAJGARH', 22, 10, 1, 465661, '', '9584841604', 'GRAM- KALEEPATH , TEH- RAJGARH , DIST- RAJGARH', 22, 10, 1, 465661, '', '9584841604'),
(80, NULL, NULL, NULL, NULL, NULL, NULL, NULL, NULL, NULL, NULL, NULL, NULL, NULL, NULL),
(81, 'GRAM- LODIPURA , POST- BARKHEDA, TEH- BIAORA , DIST- RAJGARH ( M.P.)', 21, 10, 1, 465674, '', '9300578008', 'GRAM- LODIPURA , POST- BARKHEDA, TEH- BIAORA , DIST- RAJGARH ( M.P.)', 21, 10, 1, 465674, '', '9300578008'),
(82, 'Gram+ Post- Sulthaniya , Teh- Pachore , Dist- Rajgarh (m.p.) Pin - 465679', 25, 10, 1, 465679, '', '8817111788', 'Gram+ Post- Sulthaniya , Teh- Pachore , Dist- Rajgarh (m.p.) Pin - 465679', 25, 10, 1, 465679, '', '8817111788'),
(83, 'Vill - pacheta , post - chandipur , teh - Manohar thana , dist- jhalawarh (rajisthan)', NULL, 10, 1, NULL, '', '', '', NULL, NULL, NULL, NULL, '', ''),
(84, 'VILL- NAPANERA , TEH- BIAORA , DIST- RAJGARH (M.P.) PIN - 465674', 21, 10, 1, 465674, '', '9630530762', 'VILL- NAPANERA , TEH- BIAORA , DIST- RAJGARH (M.P.) PIN - 465674', 21, 10, 1, 465674, '', '9630530762'),
(85, 'BAHADURGANJ , UJJAIN ', NULL, 10, 1, NULL, '', '', '', NULL, NULL, NULL, NULL, '', ''),
(86, 'GRAM- MAGRANA , POST- PADANA, TEH- SARANGPUR , DIST- RAJGARH', 26, 10, 1, 465697, '', '8889873488', 'GRAM- MAGRANA , POST- PADANA, TEH- SARANGPUR , DIST- RAJGARH', 26, 10, 1, 465697, '', '8889873488'),
(87, NULL, NULL, NULL, NULL, NULL, NULL, NULL, NULL, NULL, NULL, NULL, NULL, NULL, NULL),
(88, NULL, NULL, NULL, NULL, NULL, NULL, NULL, NULL, NULL, NULL, NULL, NULL, NULL, NULL),
(89, 'GRAM- JATAMADI , POST- CHAPIHEDA, TEH- KHILCHIPUR , DIST- RAJGARH (M.P.)', 20, 10, 1, 465679, '', '', '', NULL, NULL, NULL, NULL, '', ''),
(90, NULL, NULL, NULL, NULL, NULL, NULL, NULL, NULL, NULL, NULL, NULL, NULL, NULL, NULL),
(91, NULL, NULL, NULL, NULL, NULL, NULL, NULL, NULL, NULL, NULL, NULL, NULL, NULL, NULL),
(92, 'SUTHALIYA RAOD BIAORA, DIST- RAJGARH PIN- 465674', 21, 10, 1, 465674, '', '', 'SUTHALIYA RAOD BIAORA, DIST- RAJGARH PIN- 465674', 21, 10, 1, 465674, '', ''),
(93, NULL, NULL, NULL, NULL, NULL, NULL, NULL, NULL, NULL, NULL, NULL, NULL, NULL, NULL),
(94, NULL, NULL, NULL, NULL, NULL, NULL, NULL, NULL, NULL, NULL, NULL, NULL, NULL, NULL),
(95, NULL, NULL, NULL, NULL, NULL, NULL, NULL, NULL, NULL, NULL, NULL, NULL, NULL, NULL),
(96, 'KHANJARPUR , SANDAWATA , DIST- RAJGARH ', 22, 10, 1, 465661, '', '7509197398', 'KHANJARPUR , SANDAWATA , DIST- RAJGARH ', 22, 10, 1, 465661, '', '7509197398'),
(97, 'GRAM- PATWA BAZAR KHILCHIPUR ,TEH- KHILCHIPUR , DIST- RAJGARH (M.P.)', 22, 10, 1, 465661, '', '9713132277', 'GRAM- PATWA BAZAR KHILCHIPUR ,TEH- KHILCHIPUR , DIST- RAJGARH (M.P.)', 22, 10, 1, 465661, '', '9713132277'),
(98, 'Gram- Karanwas , teh- Rajgarh , Dist- rajgarh (m.p.) Pin - 465661', 22, 10, 1, 465661, '', '8817969650', 'Gram- Karanwas , teh- Rajgarh , Dist- rajgarh (m.p.) Pin - 465661', 22, 10, 1, 465661, '', '8817969650'),
(99, NULL, NULL, NULL, NULL, NULL, NULL, NULL, NULL, NULL, NULL, NULL, NULL, NULL, NULL),
(100, NULL, NULL, NULL, NULL, NULL, NULL, NULL, NULL, NULL, NULL, NULL, NULL, NULL, NULL),
(101, NULL, NULL, NULL, NULL, NULL, NULL, NULL, NULL, NULL, NULL, NULL, NULL, NULL, NULL),
(102, NULL, NULL, NULL, NULL, NULL, NULL, NULL, NULL, NULL, NULL, NULL, NULL, NULL, NULL),
(103, NULL, NULL, NULL, NULL, NULL, NULL, NULL, NULL, NULL, NULL, NULL, NULL, NULL, NULL),
(104, NULL, NULL, NULL, NULL, NULL, NULL, NULL, NULL, NULL, NULL, NULL, NULL, NULL, NULL),
(105, NULL, NULL, NULL, NULL, NULL, NULL, NULL, NULL, NULL, NULL, NULL, NULL, NULL, NULL),
(106, NULL, NULL, NULL, NULL, NULL, NULL, NULL, NULL, NULL, NULL, NULL, NULL, NULL, NULL),
(107, NULL, NULL, NULL, NULL, NULL, NULL, NULL, NULL, NULL, NULL, NULL, NULL, NULL, NULL),
(108, NULL, NULL, NULL, NULL, NULL, NULL, NULL, NULL, NULL, NULL, NULL, NULL, NULL, NULL),
(109, NULL, NULL, NULL, NULL, NULL, NULL, NULL, NULL, NULL, NULL, NULL, NULL, NULL, NULL),
(110, NULL, NULL, NULL, NULL, NULL, NULL, NULL, NULL, NULL, NULL, NULL, NULL, NULL, NULL),
(111, NULL, NULL, NULL, NULL, NULL, NULL, NULL, NULL, NULL, NULL, NULL, NULL, NULL, NULL),
(112, NULL, NULL, NULL, NULL, NULL, NULL, NULL, NULL, NULL, NULL, NULL, NULL, NULL, NULL),
(113, NULL, NULL, NULL, NULL, NULL, NULL, NULL, NULL, NULL, NULL, NULL, NULL, NULL, NULL),
(114, NULL, NULL, NULL, NULL, NULL, NULL, NULL, NULL, NULL, NULL, NULL, NULL, NULL, NULL),
(115, NULL, NULL, NULL, NULL, NULL, NULL, NULL, NULL, NULL, NULL, NULL, NULL, NULL, NULL),
(116, NULL, NULL, NULL, NULL, NULL, NULL, NULL, NULL, NULL, NULL, NULL, NULL, NULL, NULL),
(117, NULL, NULL, NULL, NULL, NULL, NULL, NULL, NULL, NULL, NULL, NULL, NULL, NULL, NULL),
(118, NULL, NULL, NULL, NULL, NULL, NULL, NULL, NULL, NULL, NULL, NULL, NULL, NULL, NULL),
(119, NULL, NULL, NULL, NULL, NULL, NULL, NULL, NULL, NULL, NULL, NULL, NULL, NULL, NULL),
(120, NULL, NULL, NULL, NULL, NULL, NULL, NULL, NULL, NULL, NULL, NULL, NULL, NULL, NULL),
(121, NULL, NULL, NULL, NULL, NULL, NULL, NULL, NULL, NULL, NULL, NULL, NULL, NULL, NULL),
(122, NULL, NULL, NULL, NULL, NULL, NULL, NULL, NULL, NULL, NULL, NULL, NULL, NULL, NULL),
(123, NULL, NULL, NULL, NULL, NULL, NULL, NULL, NULL, NULL, NULL, NULL, NULL, NULL, NULL),
(124, NULL, NULL, NULL, NULL, NULL, NULL, NULL, NULL, NULL, NULL, NULL, NULL, NULL, NULL),
(125, NULL, NULL, NULL, NULL, NULL, NULL, NULL, NULL, NULL, NULL, NULL, NULL, NULL, NULL),
(126, NULL, NULL, NULL, NULL, NULL, NULL, NULL, NULL, NULL, NULL, NULL, NULL, NULL, NULL),
(127, NULL, NULL, NULL, NULL, NULL, NULL, NULL, NULL, NULL, NULL, NULL, NULL, NULL, NULL),
(128, NULL, NULL, NULL, NULL, NULL, NULL, NULL, NULL, NULL, NULL, NULL, NULL, NULL, NULL),
(129, NULL, NULL, NULL, NULL, NULL, NULL, NULL, NULL, NULL, NULL, NULL, NULL, NULL, NULL);

-- --------------------------------------------------------

--
-- Table structure for table `stu_category`
--

CREATE TABLE IF NOT EXISTS `stu_category` (
  `stu_category_id` int(11) NOT NULL AUTO_INCREMENT,
  `stu_category_name` varchar(50) NOT NULL,
  `created_at` datetime NOT NULL,
  `created_by` int(11) NOT NULL,
  `updated_at` datetime DEFAULT NULL,
  `updated_by` int(11) DEFAULT NULL,
  `is_status` tinyint(1) NOT NULL DEFAULT '0',
  PRIMARY KEY (`stu_category_id`),
  KEY `updated_by` (`updated_by`),
  KEY `created_by` (`created_by`)
) ENGINE=InnoDB  DEFAULT CHARSET=utf8 AUTO_INCREMENT=8 ;

--
-- Dumping data for table `stu_category`
--

INSERT INTO `stu_category` (`stu_category_id`, `stu_category_name`, `created_at`, `created_by`, `updated_at`, `updated_by`, `is_status`) VALUES
(1, 'OPEN', '2015-05-27 15:45:15', 1, NULL, NULL, 0),
(2, 'ST', '2015-05-27 15:45:22', 1, NULL, NULL, 0),
(3, 'NRI', '2015-05-27 15:45:26', 1, '2016-12-15 09:26:57', 1, 2),
(4, 'OBC', '2015-05-27 15:45:32', 1, NULL, NULL, 0),
(5, 'NTSF', '2015-05-27 15:45:41', 1, '2016-12-15 09:26:53', 1, 2),
(6, 'SC', '2016-12-15 09:26:48', 1, NULL, NULL, 0),
(7, 'GEN', '2016-12-15 09:27:07', 1, NULL, NULL, 0);

-- --------------------------------------------------------

--
-- Table structure for table `stu_docs`
--

CREATE TABLE IF NOT EXISTS `stu_docs` (
  `stu_docs_id` int(11) NOT NULL AUTO_INCREMENT,
  `stu_docs_details` varchar(100) DEFAULT NULL,
  `stu_docs_category_id` int(11) NOT NULL,
  `stu_docs_path` varchar(150) NOT NULL,
  `stu_docs_submited_at` datetime NOT NULL,
  `stu_docs_status` tinyint(1) NOT NULL DEFAULT '0',
  `stu_docs_stu_master_id` int(11) NOT NULL,
  `created_by` int(11) NOT NULL,
  PRIMARY KEY (`stu_docs_id`),
  KEY `created_by` (`created_by`),
  KEY `stu_docs_stu_master_id` (`stu_docs_stu_master_id`),
  KEY `stu_docs_category_id` (`stu_docs_category_id`)
) ENGINE=InnoDB  DEFAULT CHARSET=utf8 AUTO_INCREMENT=65 ;

--
-- Dumping data for table `stu_docs`
--

INSERT INTO `stu_docs` (`stu_docs_id`, `stu_docs_details`, `stu_docs_category_id`, `stu_docs_path`, `stu_docs_submited_at`, `stu_docs_status`, `stu_docs_stu_master_id`, `created_by`) VALUES
(1, 'SSC', 1, '14-1-468637784.docx', '2015-05-27 16:45:16', 0, 14, 1),
(2, 'SSC', 1, '13-1-1391757094.docx', '2015-05-27 18:15:19', 0, 13, 1),
(3, 'BC', 4, '13-4-172264519.docx', '2015-05-27 18:16:16', 0, 13, 1),
(4, 'SSC', 1, '12-1-747713014.docx', '2015-05-27 18:25:39', 0, 12, 1),
(5, 'BC', 4, '12-4-858392360.docx', '2015-05-27 18:35:02', 0, 12, 1),
(6, 'MC', 6, '13-6-1327319811.docx', '2015-05-28 11:21:47', 0, 13, 1),
(7, 'LC', 3, '1-3-1161433767.docx', '2015-05-28 11:23:32', 0, 1, 1),
(8, 'MC', 6, '1-6-244276779.docx', '2015-05-28 11:23:40', 0, 1, 1),
(9, 'MC', 6, '2-6-212908677.docx', '2015-05-28 12:04:01', 1, 2, 1),
(10, 'LC', 3, '3-3-332293282.docx', '2015-05-28 12:16:54', 0, 3, 1),
(11, 'LC', 3, '4-3-134978381.docx', '2015-05-28 12:26:39', 0, 4, 1),
(12, 'S.S.C', 1, '5-1-476313236.docx', '2015-05-28 12:37:55', 1, 5, 1),
(13, 'S.S.C', 1, '6-1-91235856.docx', '2015-05-28 12:46:25', 0, 6, 1),
(14, 'LC', 3, '7-3-818124661.docx', '2015-05-28 12:53:05', 0, 7, 1),
(15, 'S.S.C', 1, '8-1-473144361.docx', '2015-05-28 13:53:29', 0, 8, 1),
(16, 'LC', 3, '9-3-287748079.jpg', '2015-05-28 14:11:31', 0, 9, 1),
(17, 'BC', 4, '10-4-1314396191.docx', '2015-05-28 14:21:03', 0, 10, 1),
(18, 'BC', 4, '11-4-1339498986.docx', '2015-05-28 14:30:20', 0, 11, 1),
(19, '12th Marksheet ', 2, '18-2-928660387.jpg', '2016-12-19 07:40:35', 0, 18, 1),
(20, '', 2, '19-2-1327063788.jpg', '2016-12-20 07:47:36', 1, 19, 1),
(21, '', 2, '20-2-335786271.jpg', '2016-12-20 08:09:49', 0, 20, 1),
(22, '', 1, '21-1-821786377.jpg', '2016-12-20 08:26:11', 1, 21, 1),
(23, '', 2, '21-2-1056024790.jpg', '2016-12-20 08:26:11', 1, 21, 1),
(24, '', 4, '21-4-125721597.jpg', '2016-12-20 08:26:11', 1, 21, 1),
(25, '', 1, '22-1-843202075.jpg', '2016-12-20 08:54:03', 1, 22, 1),
(26, '', 2, '22-2-958977349.jpg', '2016-12-20 08:54:03', 1, 22, 1),
(27, '', 1, '23-1-1360704308.jpg', '2016-12-21 05:58:21', 0, 23, 1),
(28, '', 2, '23-2-907399231.jpg', '2016-12-21 05:58:21', 0, 23, 1),
(29, '', 2, '24-2-1015899473.jpg', '2016-12-21 06:27:37', 1, 24, 1),
(30, '', 1, '25-1-359058063.jpg', '2016-12-21 06:39:34', 1, 25, 1),
(31, '', 2, '25-2-1109064495.jpg', '2016-12-21 06:39:34', 1, 25, 1),
(32, '', 2, '26-2-6962602.jpg', '2016-12-21 07:00:31', 1, 26, 1),
(33, '', 1, '26-1-636686409.jpg', '2016-12-21 07:02:24', 1, 26, 1),
(34, '', 1, '27-1-1151752044.jpg', '2016-12-21 07:23:28', 1, 27, 1),
(35, '', 2, '27-2-1228120316.jpg', '2016-12-21 07:23:28', 1, 27, 1),
(36, '', 1, '28-1-444807322.jpg', '2016-12-21 07:33:56', 1, 28, 1),
(37, '', 2, '28-2-1005395005.jpg', '2016-12-21 07:33:56', 1, 28, 1),
(38, '', 1, '29-1-645243408.jpg', '2016-12-21 07:43:18', 1, 29, 1),
(39, '', 2, '29-2-983531678.jpg', '2016-12-21 07:43:18', 1, 29, 1),
(40, '', 2, '30-2-1135394270.jpg', '2016-12-21 08:05:31', 1, 30, 1),
(41, '', 1, '31-1-868273786.jpg', '2016-12-21 08:21:24', 1, 31, 1),
(42, '', 2, '31-2-559534869.jpg', '2016-12-21 08:21:24', 1, 31, 1),
(43, '', 1, '33-1-1057426529.jpg', '2016-12-21 08:50:34', 1, 33, 1),
(44, '', 2, '33-2-575744502.jpg', '2016-12-21 08:50:34', 1, 33, 1),
(45, '', 2, '34-2-440352141.jpg', '2016-12-21 09:02:11', 1, 34, 1),
(46, '', 1, '35-1-49849145.jpg', '2016-12-21 09:10:05', 1, 35, 1),
(47, '', 2, '35-2-1479549887.jpg', '2016-12-21 09:10:05', 1, 35, 1),
(48, '', 1, '36-1-575005670.jpg', '2016-12-21 09:17:35', 0, 36, 1),
(49, '', 2, '36-2-193479966.jpg', '2016-12-21 09:17:35', 0, 36, 1),
(50, '', 1, '37-1-537854220.jpg', '2016-12-21 09:24:44', 1, 37, 1),
(51, '', 2, '37-2-485361177.jpg', '2016-12-21 09:24:44', 1, 37, 1),
(52, '', 1, '39-1-522634622.jpg', '2016-12-21 09:48:33', 0, 39, 1),
(53, '', 2, '39-2-770913175.jpg', '2016-12-21 09:48:33', 0, 39, 1),
(54, '', 1, '40-1-294747169.jpg', '2016-12-21 09:59:27', 1, 40, 1),
(55, '', 2, '41-2-552621304.jpg', '2016-12-21 10:12:41', 1, 41, 1),
(56, '', 1, '42-1-610208522.jpg', '2016-12-21 10:26:00', 1, 42, 1),
(57, '', 2, '42-2-1198551036.jpg', '2016-12-21 10:26:00', 1, 42, 1),
(58, '', 2, '43-2-847869981.jpg', '2016-12-21 10:32:30', 1, 43, 1),
(59, '', 2, '44-2-1094589782.jpg', '2016-12-21 10:38:41', 1, 44, 1),
(60, '', 2, '45-2-1103999865.jpg', '2016-12-21 10:46:24', 1, 45, 1),
(61, '', 2, '46-2-1059260063.jpg', '2016-12-21 10:53:59', 1, 46, 1),
(62, '', 1, '47-1-324205901.jpg', '2016-12-21 11:04:28', 1, 47, 1),
(63, '', 2, '47-2-962536423.jpg', '2016-12-21 11:04:28', 1, 47, 1),
(64, '', 2, '48-2-1248849896.jpg', '2016-12-21 11:12:42', 1, 48, 1);

-- --------------------------------------------------------

--
-- Table structure for table `stu_guardians`
--

CREATE TABLE IF NOT EXISTS `stu_guardians` (
  `stu_guardian_id` int(11) NOT NULL AUTO_INCREMENT,
  `guardian_name` varchar(65) DEFAULT NULL,
  `guardian_relation` varchar(30) DEFAULT NULL,
  `guardian_mobile_no` bigint(12) DEFAULT NULL,
  `guardian_phone_no` varchar(25) DEFAULT NULL,
  `guardian_qualification` varchar(50) DEFAULT NULL,
  `guardian_occupation` varchar(50) DEFAULT NULL,
  `guardian_income` varchar(50) DEFAULT NULL,
  `guardian_email` varchar(65) DEFAULT NULL,
  `guardian_home_address` varchar(255) DEFAULT NULL,
  `guardian_office_address` varchar(255) DEFAULT NULL,
  `is_emg_contact` tinyint(1) NOT NULL DEFAULT '0',
  `guardia_stu_master_id` int(11) NOT NULL,
  `created_at` datetime NOT NULL,
  `created_by` int(11) NOT NULL,
  `updated_at` datetime DEFAULT NULL,
  `updated_by` int(11) DEFAULT NULL,
  `is_status` tinyint(1) NOT NULL DEFAULT '0',
  PRIMARY KEY (`stu_guardian_id`),
  UNIQUE KEY `guardian_email` (`guardian_email`),
  KEY `guardia_stu_master_id` (`guardia_stu_master_id`),
  KEY `updated_by` (`updated_by`),
  KEY `created_by` (`created_by`)
) ENGINE=InnoDB  DEFAULT CHARSET=utf8 AUTO_INCREMENT=125 ;

--
-- Dumping data for table `stu_guardians`
--

INSERT INTO `stu_guardians` (`stu_guardian_id`, `guardian_name`, `guardian_relation`, `guardian_mobile_no`, `guardian_phone_no`, `guardian_qualification`, `guardian_occupation`, `guardian_income`, `guardian_email`, `guardian_home_address`, `guardian_office_address`, `is_emg_contact`, `guardia_stu_master_id`, `created_at`, `created_by`, `updated_at`, `updated_by`, `is_status`) VALUES
(1, 'Henwanxu', 'Uncle', 9898006757, '0433-3234766', 'M.Sc', 'Business', '200000', 'henwan@gmail.com', 'SMALLSYS INC,\r\n795 E DRAGRAM,\r\nTUCSON AZ 85705, USA', 'MEGASYSTEMS INC,\r\nSUITE 5A-1204, 799 E DRAGRAM,\r\nTUCSON AZ 85705, USA', 1, 15, '2015-05-27 16:13:33', 1, NULL, NULL, 0),
(2, 'BhavinBhai', 'Relative', 9898006757, '0233-3234766', 'B.Tech', 'Business', '200000', 'bhavin_un2@yahoo.com', '', '', 1, 13, '2015-05-27 17:57:11', 1, NULL, NULL, 0),
(3, 'Mamtaben', 'Mother', 88888756757, '', '', 'House Wife', '', NULL, '', '', 0, 13, '2015-05-27 17:57:35', 1, NULL, NULL, 0),
(4, 'NavinBhai', 'Uncle', 9898006757, '0233-32344567', 'M.A', 'Business', '100000', 'navin_54@gmail.com', '570 Main Bazar, Pahar Ganj, New Delhi  110 055.', '174-176 Somdutt Chambers II, 9 Bhikaji Cama Place, New Delhi  110 066.', 1, 12, '2015-05-27 18:19:38', 1, NULL, NULL, 0),
(5, 'Henwanxu', 'Uncle', 9898006757, '0233-3238766', 'M.Sc', 'Self Employee', '100000', 'henwanzz@gmail.com', 'H-1/84 RIICO Ind. Area, FA', 'T  13, Green Park Extension, CA, ZA', 1, 14, '2015-05-28 10:21:22', 1, NULL, NULL, 0),
(6, 'Mamtaben', 'Mother', 9898006757, '0233-3234766', '12th Pass', 'House Wife', '', 'mam_b.a@gmail.com', 'B-149, Lajpat Nagar-I, Pune, Maharashtra, India', 'B-149, Lajpat Nagar-I, Pune, Maharashtra, India', 1, 1, '2015-05-28 11:50:06', 1, '2015-05-28 11:50:15', 1, 0),
(7, 'Jhonson Kair', 'Father', 9898045657, '0433-3234762', 'B.Sc', 'Govt. Employee', '200000', 'jhonson.k@gmail.com', 'The Empire State Building, 350 5th Ave, New York, NY 10118', 'Dakota building, at 1 West 72nd St., New York.', 1, 2, '2015-05-28 12:01:42', 1, NULL, NULL, 0),
(8, 'Mellina Ray', 'Relative', 9898006757, '0433-32034762', 'M.Sc', 'Employee', '100000', 'mellina_r@gmail.com', '5844 South Oak Street \r\nChicago, Illinois 60667', '358 South Oak Street \r\nChicago, Illinois 60667 ', 1, 3, '2015-05-28 12:13:02', 1, NULL, NULL, 0),
(9, 'BhavinBhai', 'Uncle', 8888875675, '0253-23234446', 'B.A', 'Bussiness', '200000', 'bhavin_u2@yahoo.com', '6 Hamid Road, City Station, Ahmedabad, Gujarat, India', '156, Bhagat Singh Market, near Gole Market, Gandhinagar, Gujarat, India', 1, 4, '2015-05-28 12:20:52', 1, NULL, NULL, 0),
(10, 'Jhonson Kair', 'Relative', 9898006757, '0233-3234766', 'MBA', 'Business', '200000', 'ew_parent@gmail.com', '59-A West 55th Street, New York, NY, 10019.', '59-A West 55th Street, New York, NY, 10019.', 1, 5, '2015-05-28 12:31:21', 1, NULL, NULL, 0),
(11, 'NavinBhai', 'Father', 9898006757, '0233-3234766', 'MCA', 'Software Developer', '2000000', 'navin_sf_dev@gm.com', '124, Shobhapur, Kasba Peth, Pune, Maharashtra 411011, India', 'Metro Link/Mumbai Bus Service, Shobhapur, Pune, Maharashtra 411037, India', 1, 6, '2015-05-28 12:40:50', 1, NULL, NULL, 0),
(12, 'Rushikeshbhai', 'Uncle', 9898006757, '0233-3238766', 'M.Sc', 'Self Employee', '200000', 'rushi.msc@fm.com', 'Ellenor Centre, St. Ronans View, DARTFORD', '87 Allport Lane, WIRRAL, CH62 7HL', 1, 7, '2015-05-28 12:50:12', 1, NULL, NULL, 0),
(13, 'Kavita Ruparel', 'Mother', 9898006757, '0233-3234766', 'B.A', 'Teacher', '100000', 'kavita_r@gmail.com', 'Kavita Complex, TOI Press Road, Shyamal, Ahmedabad, Gujarat, India', 'Shilp Sddhi Flats Bus Stop, New Times Of India Press Road, Vejalpur, Ahmedabad, Gujarat 380015, India', 1, 8, '2015-05-28 13:51:03', 1, NULL, NULL, 0),
(14, 'BhavinBhai Marty', 'Father', 8888875675, '0433-3234766', 'M.Tech', 'Engineer', '200000', 'bhavin_er.marty@gmail.com', '5-1-304, Koti Main Road, Subhash Nagar, Badi Chowdi, Koti, Hyderabad, Telangana 500095, India', 'Hyderabad Deccan, Public Garden Road, Devi Bagh, Red Hills, Nampally, Hyderabad, Telangana 500004, India', 1, 9, '2015-05-28 14:05:47', 1, NULL, NULL, 0),
(15, 'Hetal Katariya', 'Father', 9898006757, '0433-3234766', 'BCA', 'Bank Clark', '100000', 'hetal.kat@hkg.com', '72 Lancaster Road, SOUTHALL', 'Lewis Glass & Aluminum, 9 Jubilee Avenue, LONDON', 1, 10, '2015-05-28 14:15:57', 1, NULL, NULL, 0),
(16, 'Jhonson Sharma', 'Uncle', 9898006757, '0433-323400', 'B.Surj.L', 'Technician', '100000', 'jhon_sharma@bbh.co', 'APMC Fruits and Vegetable Market, Sector 19, Turbhe, Navi Mumbai, Maharashtra 400703, India', 'Sector 19, Vashi, Navi Mumbai, Maharashtra 400703, India', 1, 11, '2015-05-28 14:27:12', 1, NULL, NULL, 0),
(17, 'Vijay  singh  Dangi ', 'Father''s', 8817801120, '', '', 'Farmar ', '', 'nvmbiaora@gmail.com', 'Gram- Ranara ,  Khilchipur , Teh-Khilchipur  , Dist - Rajgarh (m.p.) \r\n', '', 1, 18, '2016-12-19 07:34:26', 1, '2016-12-20 07:50:25', 1, 0),
(18, 'NANKISHORE', 'Father', 7566993218, '', '', 'JOB IN LTD. FIRM ', '', NULL, 'VATANERY  HOSPITAL  KE  PASS  KHILCHIPUR ', '', 1, 19, '2016-12-19 08:03:52', 1, '2016-12-19 08:06:25', 1, 0),
(19, 'DURGA PRASAD  VERMA', 'HUSBAND', 9575659877, '', '', 'PRIVATE JOB', '', NULL, 'VILLAGE  - SUNKHEDI , POST  - DEHRI BAMAN , TEH-RAJGARH, DIST- RAJGARH ', '', 1, 20, '2016-12-20 08:01:54', 1, NULL, NULL, 0),
(20, 'DEVI SINGH TANWAR', 'Father', 8120646100, '', '', 'FARMER LABOUR', '', NULL, 'BARADWARI , WARD NO. 14  , RAJGARH  DIST - RAJGARH ', '', 1, 21, '2016-12-20 08:20:18', 1, NULL, NULL, 0),
(21, 'KANWAR LAL KARN ', 'Father', 8359988318, '8889515782', '', '', '', NULL, 'RAVI SANKAR  COLONY   SUTHALIYA  ROAD  BIAORA  DIST- RAJGARH  PIN - 465674', '', 1, 22, '2016-12-20 08:45:42', 1, NULL, NULL, 0),
(22, 'Shivlal Dangi ', 'Father', 758950577, '', '', 'Farmar', '', NULL, 'Gram, post- Lakhani , teh- zeerapur , dist - rajgarh  (m.p.) pin - 465691', '', 1, 23, '2016-12-21 05:55:53', 1, NULL, NULL, 0),
(23, 'Rambabu  Sen ', 'Father', 7869238652, '7869238652', '', 'Farmer', '', NULL, 'Gram- Karanwas , teh- Rajgarh , Dist- rajgarh  (m.p.) Pin - 465661 ', '', 1, 24, '2016-12-21 06:03:49', 1, NULL, NULL, 0),
(24, 'Ramsanhita Dangi', 'Father', 7879336361, '7879336361', '', 'FARMAR', '', NULL, 'GRAM- HABIPURA , TEH- BIAORA , DIST- RAJGARH (M.P.) PIN - 465674', 'HABIPURA , TEH- BIAORA , DIST- RAJGARH (M.P.) PIN - 465674', 1, 25, '2016-12-21 06:34:44', 1, NULL, NULL, 0),
(25, 'Mr. Santosh Yadav', 'Father', 8817801120, ' 8817801120', '', 'majdoori', '', NULL, 'saheed  Colony  Biaora , teh- Biaora , Dist - rajgarh  pin - 4645674', 'saheed  Colony  Biaora , teh- Biaora , Dist - rajgarh  pin - 4645674', 1, 26, '2016-12-21 06:57:31', 1, NULL, NULL, 0),
(26, 'Karan singh', 'Father', 8461030626, '8461030626', '', 'Farmar', '', NULL, 'Gram- Piplaya (Kotra) , Dist- Guna ( m.p.) ', 'Gram- Piplaya (Kotra) , Dist- Guna ( m.p.) ', 1, 27, '2016-12-21 07:17:28', 1, NULL, NULL, 0),
(27, 'Mr. Mohan Yadav', 'Father', 7240919691, '7240919691', '', 'farmar', '', NULL, 'Gram- Gadariya , teh- Narsingarh , Dist - Rajgarh (m.p.) Pin - 465669', '', 1, 28, '2016-12-21 07:30:20', 1, NULL, NULL, 0),
(28, 'Jahid Ahmad ', 'Father', 9617523786, '9098858747', '', 'Self Bussiness', '', NULL, 'Mand Road Imli Stand , Khilchipur , teh- Khilchipur , Dist- Rajgarh  pin - 465679', 'Mand Road Imli Stand , Khilchipur , teh- Khilchipur , Dist- Rajgarh  pin - 465679', 1, 29, '2016-12-21 07:40:50', 1, NULL, NULL, 0),
(29, 'Mr. Ramkailash  Dangi', ' Father', 9826374864, '9826374864', '', 'Farmar', '', NULL, 'Gram- Dhakora , teh- Biaora , Dist - Rajgarh ( m.p.) Pin - 465674', 'Gram- Dhakora , teh- Biaora , Dist - Rajgarh ( m.p.) Pin - 465674', 1, 30, '2016-12-21 08:04:00', 1, NULL, NULL, 0),
(30, 'AHIVARAN SINGH LODHI', 'Father', 9977541562, '9977541562', '', 'FARMAR', '', NULL, 'INDIRA NAGAR BIAORA , TEH- BIAORA , DIST- RAJGARH , PIN - 465674', 'INDIRA NAGAR BIAORA , TEH- BIAORA , DIST- RAJGARH , PIN - 465674', 1, 31, '2016-12-21 08:16:54', 1, NULL, NULL, 0),
(31, 'RADHESHYAM PUSHPAD', 'FATHER', 9713259865, '9713259865', '', '', '', NULL, 'BHERUDARWAJA , TEH- SARANGPUR , DIST- RAJGARH , PIN - 465697', 'BHERUDARWAJA , TEH- SARANGPUR , DIST- RAJGARH , PIN - 465697', 1, 32, '2016-12-21 08:28:54', 1, NULL, NULL, 0),
(32, 'MR. RAMCHARAN ', 'FATHER', 9754261315, '9754261315', '', 'FARMAR', '', NULL, 'GRAM- DEEGLYAKHEDI , TEH- KHILCHIPUR , DIST- RAJGARH (M.P.) ', 'GRAM- DEEGLYAKHEDI , TEH- KHILCHIPUR , DIST- RAJGARH (M.P.) ', 1, 33, '2016-12-21 08:47:17', 1, NULL, NULL, 0),
(33, 'KAMAL SISODIYA', 'FATHER', 8120204377, '8120204377', '', 'FARMAR', '', NULL, 'VILL- MANKI , POST- BAIHEDA , TEH- BIAORA , DIST- RAJGARH , PIN - 465674', 'VILL- MANKI , POST- BAIHEDA , TEH- BIAORA , DIST- RAJGARH , PIN - 465674', 1, 34, '2016-12-21 08:56:34', 1, NULL, NULL, 0),
(34, 'MR. OMPRAKASH SHIVHARE', 'FATHER', 8358825631, '7240919691', '', 'PRIVATE SERVICE', '', NULL, 'HATHI KHANA  ROAD   JUNA  BIAORA , TEH- BIAORA , DIST - RAJGARH ( M.P.) PIN- 465674', 'HATHI KHANA  ROAD   JUNA  BIAORA , TEH- BIAORA , DIST - RAJGARH ( M.P.) \r\nPIN- 465674', 1, 35, '2016-12-21 09:08:14', 1, NULL, NULL, 0),
(35, 'MR. DEVILAL SEN', 'FATHER', 724756537, '7247526537', '', '', '', NULL, 'Gram - RAMGARH , TEH- RAJGARH , DIST- RAJGARH , PIN - 465661', 'Gram - RAMGARH , TEH- RAJGARH , DIST- RAJGARH , PIN - 465661', 1, 36, '2016-12-21 09:15:04', 1, NULL, NULL, 0),
(36, 'GIRIVER  SEN ', 'FATHER', 9575908125, '7247526537', '', 'FARMAR', '', NULL, 'BAMANGAV , TEH- KHILCHIPUR , DIST- RAJGRARH  PIN - 465679', 'BAMANGAV , TEH- KHILCHIPUR , DIST- RAJGRARH  PIN - 465679', 1, 37, '2016-12-21 09:22:33', 1, NULL, NULL, 0),
(37, 'MR. RAMESH CHAND YADAV ', 'FATHER', 9685315060, '9685315060', '', 'FARMAR', '', NULL, 'GRAM- NETYAKHEDI  , POST-  KOTRA , DIST- GUNA , PIN - ', 'GRAM- NETYAKHEDI  , POST-  KOTRA , DIST- GUNA  PIN - ', 1, 38, '2016-12-21 09:38:33', 1, NULL, NULL, 0),
(38, 'MR. RAMESH CHAND YADAV ', 'FATHER', 9685315060, '9685315060', '', 'FARMAR', '', NULL, 'GRAM- NATYAKHEDI , POST- KOTRA , TEH- CHACHODA ', 'GRAM- NATYAKHEDI , POST- KOTRA , TEH- CHACHODA ', 1, 39, '2016-12-21 09:45:41', 1, NULL, NULL, 0),
(39, 'MR. RAFIQ  KHAN ', 'FATHER ', 9993371694, '9993371694', '', 'PRIVATE JOB ', '', NULL, 'SUTHALIYA ROAD BIAORA  , TEH- BIAORA , DIST - RAJGARHG (M.P.) PIN- 465674', 'SUTHALIYA ROAD BIAORA  , TEH- BIAORA , DIST - RAJGARHG (M.P.) PIN- 465674', 1, 40, '2016-12-21 09:52:43', 1, NULL, NULL, 0),
(40, 'JAGDISH MEGHWAL ', 'HUSBAND', 8959226646, '8959226646', '', 'PRIVATE JOB', '', NULL, 'GRAM - DORIYAKHEDI , POST- BHUMRIYA , TEH- KHILCHIPUR , DIST - RAJGRARH', 'GRAM - DORIYAKHEDI , POST- BHUMRIYA , TEH- KHILCHIPUR , DIST - RAJGRARH', 1, 41, '2016-12-21 10:07:31', 1, NULL, NULL, 0),
(41, 'MR. Annadi  Lal Dangi ', 'FATHER', 930026998, '930026998', '', 'FARMAR', '', NULL, 'GRAM- ROJYA , POST- CHATUKHEDA , TEH- RAJGARH , DIST- RAJGARH ', 'GRAM- ROJYA , POST- CHATUKHEDA , TEH- RAJGARH , DIST- RAJGARH', 1, 42, '2016-12-21 10:23:03', 1, NULL, NULL, 0),
(42, 'MR. KASHIRAM SURYAWANSHI', 'FATHER', 8827447033, '8659927412', '', 'WAGES', '', NULL, 'Gram - RAMGARH , TEH, POST- NARSINGARH  , DIST- RAJGARH , PIN - 465669', 'Gram - RAMGARH , TEH, POST- NARSINGARH  , DIST- RAJGARH , PIN - 465669', 1, 43, '2016-12-21 10:30:32', 1, NULL, NULL, 0),
(43, 'MR. RAKESH SONI ', 'Father', 9893948971, '8370031390', '', 'SERVICE ', '', NULL, 'PANCHSHEEL COLONY  RAJGARH ROAD  BIAORA , TEH- BIAORA , DIST- RAJGARH  PIN- 465674', 'PANCHSHEEL COLONY  RAJGARH ROAD  BIAORA , TEH- BIAORA , DIST- RAJGARH  PIN- 465674', 1, 44, '2016-12-21 10:36:26', 1, NULL, NULL, 0),
(44, 'MR. RINKU SISODIYA', 'FATHER', 9713259865, '9713259865', '', 'FARMAR', '', NULL, 'GRAM- GOPALPURA , TEH- ZEERAPUR , DIST- RAJGARH , PIN- 465693', 'GRAM- GOPALPURA , TEH- ZEERAPUR , DIST- RAJGARH , PIN- 465693', 1, 45, '2016-12-21 10:44:22', 1, NULL, NULL, 0),
(45, 'MR. KANIRAM DANGI', 'FATHER', 8433124040, '9826374864', '', 'TEACHER', '', NULL, 'GRAM- JAMONIYA , TEH- KHILCHIPUR , DIST- RAJGARH (M.P.) ', 'GRAM- JAMONIYA , TEH- KHILCHIPUR , DIST- RAJGARH (M.P.) ', 1, 46, '2016-12-21 10:52:45', 1, NULL, NULL, 0),
(46, 'MR. KANHAIYA LAL DANGI ', 'FARMAR', 9630617275, '9630617275', '', 'FARMAR', '', NULL, 'GRAM - PADLYA BANA , TEH- NARSINGARH , DIST- RAJGARH , PIN - 465669', 'GRAM - PADLYA BANA , TEH- NARSINGARH , DIST- RAJGARH , PIN - 465669', 1, 47, '2016-12-21 11:01:42', 1, NULL, NULL, 0),
(47, 'LAXMINARAYAN DANGI', 'FATHER', 7869180868, '7869180868', '', 'FARMER', '', NULL, 'GRAM , POST- BIAORAKALAN , TEH- KHILCHIPUR , DIST- RAJGARH ', 'GRAM , POST- BIAORAKALAN , TEH- KHILCHIPUR , DIST- RAJGARH ', 1, 48, '2016-12-21 11:09:28', 1, NULL, NULL, 0),
(48, 'MR. GOPAL  SAHU', 'FATHER', 7354812803, '7354812803', '', 'BUSSINESS', '', NULL, 'TILAK  MARG , TEH- RAJGARH , DIST- RAJGARH PIN - 465661', 'TILAK  MARG , TEH- RAJGARH , DIST- RAJGARH PIN - 465661', 1, 49, '2016-12-22 08:53:50', 1, NULL, NULL, 0),
(49, 'MR. RATANLAL JI PARMAR', 'FATHER', 9753987174, '9753987174', '', 'FARMAR', '', NULL, 'SHRI KRISHANA COLONY  DUPADA  ROAD SHAJAPUR , DIST- SHAJAPUR , (M.P.) ', 'SHRI KRISHANA COLONY  DUPADA  ROAD SHAJAPUR , DIST- SHAJAPUR , (M.P.) ', 1, 51, '2016-12-22 09:09:18', 1, NULL, NULL, 0),
(50, 'MR. JAGDISH DANGI', 'FATHER', 8435144943, '8435144943', '', 'FARMAR', '', NULL, 'GRAM- BAMORI , POST- DAKORA , TEH- BIAORA , DIST- RAJGARH ', 'GRAM- BAMORI , POST- DAKORA , TEH- BIAORA , DIST- RAJGARH ', 1, 52, '2016-12-22 09:36:34', 1, NULL, NULL, 0),
(51, 'MR. MEGRAJ LODHA', 'FATHER', 9977383334, '9977383334', '', 'FARMAR', '', NULL, 'Gram- Piplya (Kotra) , TEH- CHACHODA , Dist - Guna (m.p.) Pin -465697', 'Gram- Piplya (Kotra) , TEH- CHACHODA , Dist - Guna (m.p.) Pin -465697', 1, 53, '2016-12-22 09:42:13', 1, NULL, NULL, 0),
(52, 'MR. BABULAL ', 'FATHER', 9826389159, '9893986416', '', 'FARMAR', '', NULL, 'GRAM- KANSHOR KALAN, POST- BARKHEDA , TEH- BIAORA ,DIST- RAJGARH', 'GRAM- KANSHOR KALAN, POST- BARKHEDA , TEH- BIAORA ,DIST- RAJGARH', 1, 54, '2016-12-22 09:54:18', 1, NULL, NULL, 0),
(53, 'MR. BABULAL ', 'FATHER', 9826389159, '9893986416', '', 'FARMAR', '', NULL, 'GRAM- KANSHOR KALAN, POST- BARKHEDA , TEH- BIAORA ,DIST- RAJGARH', 'GRAM- KANSHOR KALAN, POST- BARKHEDA , TEH- BIAORA ,DIST- RAJGARH', 0, 54, '2016-12-22 09:54:18', 1, NULL, NULL, 0),
(54, 'MR. NAMDEV', 'FATHER', 7389526174, '7389526174', '', 'BUSSINESS', '', NULL, 'A.B. ROAD  UDANKHEDI , TEH- PACHORE , DIST- RAJGARH , PIN - 465683', 'A.B. ROAD  UDANKHEDI , TEH- PACHORE , DIST- RAJGARH , PIN - 465683', 1, 55, '2016-12-22 10:03:50', 1, NULL, NULL, 0),
(55, 'MR. NANDKHISHOR', 'FATHER', 9993698125, '9993698125', '', 'FARMAR', '', NULL, 'saheed  Colony  Biaora , teh- Biaora , Dist - rajgarh  pin - 4645674', 'saheed  Colony  Biaora , teh- Biaora , Dist - rajgarh  pin - 4645674', 1, 56, '2016-12-22 10:11:11', 1, NULL, NULL, 0),
(56, 'MR. KAILASHNARAYAN ', 'FATHER', 989315957, '7024473154', '', 'FARMAR', '', NULL, 'GRAM - A.B. ROAD UDANKHEDI , TEH- PACHORE , DIST- RAJGARH ', 'GRAM - A.B. ROAD UDANKHEDI , TEH- PACHORE , DIST- RAJGARH ', 1, 57, '2016-12-22 10:16:51', 1, '2016-12-22 10:16:59', 1, 0),
(57, 'MR. AMARCHAND', 'FATHER', 8120200274, '8120200274', '', 'FARMAR', '', NULL, 'GRAM- TODIKALAN , POST - KALIPEETH , DIST- RAJGARH , PIN - 465661', 'GRAM- TODIKALAN , POST - KALIPEETH , DIST- RAJGARH , PIN - 465661', 1, 58, '2016-12-22 10:22:34', 1, NULL, NULL, 0),
(58, 'MR. KANTA PRASAD GORH', 'FATHER', 8966010067, '8966010067', '', 'FARMAR', '', NULL, 'GRAM- RASULKHEDA , POST- BAKHED , TEH- RAJGARH , DIST- RAJGARH ', 'GRAM- RASULKHEDA , POST- BAKHED , TEH- RAJGARH , DIST- RAJGARH ', 1, 59, '2016-12-22 10:30:38', 1, NULL, NULL, 0),
(59, 'MR. HARISANKAR SEN', 'FATHER', 9826944009, '8821994409', '', 'FARMAR', '', NULL, 'GRAM- DARANA , TEH- SARANGPUR , DIST- RAJGARH ( M.P.) ', 'GRAM- DARANA , TEH- SARANGPUR , DIST- RAJGARH ( M.P.) ', 1, 60, '2016-12-22 10:44:46', 1, NULL, NULL, 0),
(60, 'MR. NARENDRA SINGH DANGI', 'FATHER', 8718975049, '8718975049', '', 'FARMAR', '', NULL, 'GRAM- SONKACH , POST- SONKACH , TEH- NARSINGARH , DIST- RAJGARH ', 'GRAM- SONKACH , POST- SONKACH , TEH- NARSINGARH , DIST- RAJGARH ', 1, 61, '2016-12-22 10:51:45', 1, NULL, NULL, 0),
(61, 'MR. RAMESH  CHOHAN', 'FATHER', 9179175559, '9179175559', '', 'SARVICE', '', NULL, 'KARAMCHARI COLONY   BIAORA , TEH- BIAORA , DIST- RAJGARH , PIN - 465674', 'KARAMCHARI COLONY   BIAORA , TEH- BIAORA , DIST- RAJGARH , PIN - 465674', 1, 62, '2016-12-22 10:57:50', 1, '2016-12-22 10:58:16', 1, 0),
(62, 'MR. GIRIRAJ DARJI', 'FATHER', 7047236510, '7047236510', '', 'LABOUR', '', NULL, 'BADI GALI , KAYASTH MOHALLA , KHILCHIPUR , DIST- RAJGARH ,PIN - 465679', 'BADI GALI , KAYASTH MOHALLA , KHILCHIPUR , DIST- RAJGARH ,PIN - 465679', 1, 63, '2016-12-22 11:04:50', 1, NULL, NULL, 0),
(63, 'MR. RAMPRASAD LOVEWANSHI', 'FATHER', 8827037101, '8827037101', '', 'FARMAR', '', NULL, 'GRAM- KHARETIYA , POST- DAKORA , TEH- BIAORA , DIST- RAJGARH  PIN - 465674', 'GRAM- KHARETIYA , POST- DAKORA , TEH- BIAORA , DIST- RAJGARH PIN- 465674', 1, 64, '2016-12-22 11:13:43', 1, NULL, NULL, 0),
(64, 'MR. MADANLAL YADAV', 'FATHER', 9755536577, '9755536577', '', 'FARMAR', '', NULL, 'GRAM- TUMDHIYA , POST- LAKHANWAS , TEH-BIAORA, DIST- RAJGARH ', 'GRAM- TUMDHIYA , POST- LAKHANWAS , TEH-BIAORA, DIST- RAJGARH ', 1, 65, '2016-12-22 11:19:05', 1, NULL, NULL, 0),
(65, 'MR.GOPAL PARAJAPATI', 'FATHER', 7724891980, '7724891980', '', '', '', NULL, 'GRAM- TALODI , POST- BARWAN , TEH- BIAORA , DIST- RAJGARH PIN- 465674', 'GRAM- TALODI , POST- BARWAN , TEH- BIAORA , DIST- RAJGARH PIN- 465674', 1, 66, '2016-12-22 11:27:19', 1, NULL, NULL, 0),
(66, 'MR. JAGDISH NAGAR', 'FATHER', 9993525573, '9993525573', '', 'FARMAR', '', NULL, 'PARAYAN CHOK , SULTHANIYA , TEH- PACHORE , DIST- RAJGARH ( M.P.) PIN - ', 'PARAYAN CHOK , SULTHANIYA , TEH- PACHORE , DIST- RAJGARH ( M.P.) PIN - ', 1, 67, '2016-12-23 09:10:49', 1, NULL, NULL, 0),
(67, 'MR JAGDISH NAGAR', 'FATHER', 9993525573, '9993525573', '', 'FARMAR', '', NULL, 'GRAM - SUTHALIYA , POST- SULTHANIYA , TEH- RAJGARH ( M.P.) ', 'GRAM - SUTHALIYA , POST- SULTHANIYA , TEH- RAJGARH ( M.P.) ', 1, 68, '2016-12-23 09:30:42', 1, NULL, NULL, 0),
(68, 'MR. DEVISINGH VERMA', 'FATHER', 9977460216, '9977460216', '', 'FARMAR', '', NULL, 'GRAM- DEHRIBAMAN , TEH- RAJGARH , DIST- RAJGARH ( M.P.) PIN - ', 'GRAM- DEHRIBAMAN , TEH- RAJGARH , DIST- RAJGARH PIN - ', 1, 69, '2016-12-23 09:44:21', 1, NULL, NULL, 0),
(69, 'MR. BADRILAL BHANDARI', 'FATHER', 9111841671, '9111841671', '', 'FARMAR', '', NULL, 'GANESH VIHAR COLONY SARANGPUR , DIST - RAJGARH (M.P.) PIN- ', 'GANESH VIHAR COLONY SARANGPUR , DIST - RAJGARH (M.P.) PIN- ', 1, 71, '2016-12-26 09:17:26', 1, NULL, NULL, 0),
(70, 'MR. BADRILAL ', 'FATHER', 9098588836, '9098588836', '', '', '', NULL, 'A.B. ROAD MAV. TEH- SARANGPUR , DIST- RAJGARH (M.P.) PIN - 465697', 'A.B. ROAD MAV. TEH- SARANGPUR , DIST- RAJGARH (M.P.) PIN - 465697', 1, 72, '2016-12-26 09:50:34', 1, NULL, NULL, 0),
(71, 'MR. MO. HUSSAIN GOURI', 'FATHER', 9300578008, '9300578008', '', '', '', NULL, 'SAID MEDICAL , KARMCHARI COLONY BIAORA , DIST- RAJGARH PIN - 465674', 'SAID MEDICAL , KARMCHARI COLONY BIAORA , DIST- RAJGARH PIN - 465674', 1, 73, '2016-12-26 09:58:09', 1, NULL, NULL, 0),
(72, 'MOHAMMAD SALIM ANSARI', 'FATHER', 9300578008, '9300578008', '', 'FARMAR', '', NULL, 'UJJAIN , TEH- UJJAIN , DIST- RAJGARH ( M.P.)', 'UJJAIN , TEH- UJJAIN , DIST- RAJGARH ( M.P.)', 1, 74, '2016-12-26 10:17:09', 1, NULL, NULL, 0),
(73, 'MR. ABDUL RAHMAN BAIG', 'FATHER', 8962870709, '8962870709', '', 'LABOUR', '', NULL, 'BIRJIPURA  , TEH- RAJGARH , DIST- RAJGARH , PIN - 465661', 'BIRJIPURA  , TEH- RAJGARH , DIST- RAJGARH , PIN - 465661', 1, 75, '2016-12-26 10:22:54', 1, NULL, NULL, 0),
(74, 'MR. KANWAR LAL JI SHARMA', 'FATHER', 9770398498, '9770398498', '', 'GOVT. SARVENT', '', NULL, 'GRAM+POST- KARANWAS , TEH- BIAORA,  DIST- RAJGARH , ', 'GRAM+POST- KARANWAS , TEH- BIAORA,  DIST- RAJGARH , ', 1, 76, '2016-12-26 10:29:02', 1, NULL, NULL, 0),
(75, 'MR. RADHEDSHYAM DANGI', 'FATHER', 9584841604, '9584841604', '', 'FARMAR', '', NULL, 'GRAM- KALEEPATH , TEH- RAJGARH , DIST- RAJGARH', 'GRAM- KALEEPATH , TEH- RAJGARH , DIST- RAJGARH', 1, 77, '2016-12-26 10:34:05', 1, NULL, NULL, 0),
(76, 'MR.MEHARBAN SINGH DHAKAD', 'FATHER', 8817111788, '8817111788', '', 'FARMAR', '', NULL, 'GRAM + POST- SULTHANIYA , TEH- PACHORE , DIST- RAJGARH (M.P.) ', 'GRAM + POST- SULTHANIYA , TEH- PACHORE , DIST- RAJGARH (M.P.) ', 1, 78, '2016-12-26 10:43:09', 1, NULL, NULL, 0),
(77, 'MR. SHIVNARAYAN DANGI', 'FATHER', 9584841604, '9584841604', '', 'BUSSINESS', '', NULL, 'GRAM- KALEEPATH , TEH- RAJGARH , DIST- RAJGARH', 'GRAM- KALEEPATH , TEH- RAJGARH , DIST- RAJGARH', 1, 79, '2016-12-26 10:55:14', 1, NULL, NULL, 0),
(78, 'MR. SHRI RAM GURJAR', 'FATHER', 977567031, '977567031', '', 'FARMAR', '', NULL, 'GRAM+POST- PIPLODI , BALDAWADA , TEH- RAJGARH , DIST- RAJGARH PIN -465661', 'GRAM+POST- PIPLODI , BALDAWADA , TEH- RAJGARH , DIST- RAJGARH PIN -465661', 1, 80, '2016-12-26 11:02:00', 1, NULL, NULL, 0),
(79, 'MR. BADAMI LAL LOVEWANSHI', 'FATHER', NULL, '9300578008', '', 'FARMAR', '', NULL, 'GRAM- LODIPURA , POST- BARKHEDA, TEH- BIAORA , DIST- RAJGARH ( M.P.) ', 'GRAM- LODIPURA , POST- BARKHEDA, TEH- BIAORA , DIST- RAJGARH ( M.P.) ', 1, 81, '2016-12-26 11:22:03', 1, NULL, NULL, 0),
(80, 'Mr. Kishan lal ', 'Father', 8817111788, '8817111788', '', 'Farmar', '', NULL, 'Gram+ Post- Sulthaniya , Teh- Pachore , Dist- Rajgarh (m.p.) Pin - 465679', 'Gram+ Post- Sulthaniya , Teh- Pachore , Dist- Rajgarh (m.p.) Pin - 465679', 1, 82, '2016-12-28 06:04:32', 1, NULL, NULL, 0),
(81, 'Mr. Kishan lal ', 'FATHER', 9630530762, '963053762', '', 'labour', '', NULL, 'Vill - pacheta , post - chandipur , teh - Manohar thana , dist- jhalawarh (rajisthan) ', 'Vill - pacheta , post - chandipur , teh - Manohar thana , dist- jhalawarh (rajisthan) ', 1, 83, '2016-12-28 06:16:03', 1, NULL, NULL, 0),
(82, 'KAILASH CHANDRA', 'FATHER', 9630530762, '', '', 'LABOUR', '', NULL, 'VILL- NAPANERA , TEH- BIAORA , DIST- RAJGARH (M.P.) PIN - 465674', 'VILL- NAPANERA , TEH- BIAORA , DIST- RAJGARH (M.P.) PIN - 465674', 1, 84, '2016-12-28 06:28:15', 1, NULL, NULL, 0),
(83, 'MR. NARENDRA SINGH Chohan', 'HUSBAND', 9300578008, '9300578008', '', 'FARMAR', '', NULL, 'BAHADURGANJ , UJJAIN ', 'BAHADURGANJ , UJJAIN ', 1, 85, '2016-12-28 06:55:42', 1, NULL, NULL, 0),
(84, 'MR. BADRILAL CARPENTER', 'FATHER', 8889873488, '8889873488', '', 'FARMAR', '', NULL, 'GRAM- MAGRANA , POST- PADANA, TEH- SARANGPUR , DIST- RAJGARH ', 'GRAM- MAGRANA , POST- PADANA, TEH- SARANGPUR , DIST- RAJGARH ', 1, 86, '2016-12-28 07:02:00', 1, NULL, NULL, 0),
(85, 'MR. NAVEEN SHARMA', 'HUSBAND', 8962175661, '8962175661', '', 'PANCHAYAT SECETRY', '', NULL, 'TOP KHANA GET , KHILCHIPUR , TEH- KHILCHIPUT , DIST- RAJGARH', 'TOP KHANA GET , KHILCHIPUR , TEH- KHILCHIPUT , DIST- RAJGARH', 1, 87, '2016-12-28 07:07:37', 1, NULL, NULL, 0),
(86, 'MR. KALYAN DAS BAIRAGI', 'HUSBAND', 9806069522, '9806069522', '', 'FARMAR', '', NULL, 'GRAM- ARON, TEH- GUNA , DIST- GUNA', '', 1, 88, '2016-12-28 07:14:45', 1, NULL, NULL, 0),
(87, 'MR. MADANLAL DANGI', 'FATHER', 9753966130, '', '', 'FARMAR', '', NULL, 'GRAM- JATAMADI , POST- CHAPIHEDA, TEH- KHILCHIPUR , DIST- RAJGARH (M.P.) ', 'GRAM- JATAMADI , POST- CHAPIHEDA, TEH- KHILCHIPUR , DIST- RAJGARH (M.P.) ', 1, 89, '2016-12-28 09:53:59', 1, NULL, NULL, 0),
(88, 'MR.AMRAT TIRKI', 'FATHER', 9617156933, '9617156933', '', 'FARMAR', '', NULL, 'GRAM- CHATAKPUR, POST- BASANTALA, TEH- KUNKURI , DIST- JAIPUR( C.G.)', 'GRAM- CHATAKPUR, POST- BASANTALA, TEH- KUNKURI , DIST- JAIPUR( C.G.)', 1, 90, '2016-12-28 10:09:01', 1, NULL, NULL, 0),
(89, 'MR. BHANWARLAL JATAV', 'FATHER', 9179726585, '9179726585', '', 'FARMAR', '', NULL, 'GRAM- JANPURA, POST- RELWE STATION BIAORA , TEH- BIAORA , DIST- RAJGARH PIN- 465674', 'GRAM- JANPURA, POST- RELWE STATION BIAORA , TEH- BIAORA , DIST- RAJGARH PIN- 465674', 1, 91, '2016-12-28 10:14:29', 1, NULL, NULL, 0),
(90, 'MR. DEVISINGH  DANGI', 'FATHER', 977862332, '977862332', '', 'FARMAR', '', NULL, 'GRAM- TUMDHIYA , POST- LAKHANWAS , TEH-BIAORA, DIST- RAJGARH', 'GRAM- TUMDHIYA , POST- LAKHANWAS , TEH-BIAORA, DIST- RAJGARH', 1, 93, '2016-12-28 10:30:19', 1, NULL, NULL, 0),
(91, 'MR. RAMESHCHANDRA  DANGI', 'FATHER', 9111863521, '9111863521', '', 'FARMAR', '', NULL, 'GRAM- KHURI, TEH- BIAORA ,DIST- RAJGARH (M.P.) ', 'GRAM- KHURI, TEH- BIAORA ,DIST- RAJGARH (M.P.) ', 1, 94, '2016-12-28 10:33:49', 1, NULL, NULL, 0),
(92, 'MR. RADHEDSHYAM SILAWAT', 'FATHER', 8982541440, '8982541440', '', 'LABOUR', '', NULL, 'NARSINGH MARG WARD NO. 9 JUNA BIAORA , DIST- RAJGARH (M.P.) ', 'NARSINGH MARG WARD NO. 9 JUNA BIAORA , DIST- RAJGARH (M.P.) ', 1, 95, '2016-12-28 10:37:47', 1, NULL, NULL, 0),
(93, 'MR. KAILASHCHANDRA RATORE', 'FATHER', 7509197398, '7509197398', '', 'FARMAR', '', NULL, 'KHANJARPUR , SANDAWATA , DIST- RAJGARH ', 'KHANJARPUR , SANDAWATA , DIST- RAJGARH ', 1, 96, '2016-12-28 10:41:42', 1, NULL, NULL, 0),
(94, 'MR. PUSHKAR SONI', 'FATHER', 9713132277, '9713132277', '', 'FARMAR', '', NULL, 'GRAM- PATWA BAZAR KHILCHIPUR ,TEH- KHILCHIPUR , DIST- RAJGARH (M.P.) ', 'GRAM- PATWA BAZAR KHILCHIPUR ,TEH- KHILCHIPUR , DIST- RAJGARH (M.P.) ', 1, 97, '2016-12-28 10:46:18', 1, NULL, NULL, 0),
(95, 'MR. AAJIJ KHAN', 'FATHER', 8962567737, '8962567737', '', 'FARMAR', '', NULL, 'RAJGARH , DIST- RAJGARH (M.P.) PIN- 465661', 'RAJGARH , DIST- RAJGARH (M.P.) PIN- 465661', 1, 99, '2016-12-28 10:53:42', 1, NULL, NULL, 0),
(96, 'MR.SATISH SHARMA', 'FATHER', 9644445352, '9644445352', '', 'FARMAR', '', NULL, 'GRAM- DULTARIYA , TEH- PACHORE , DIST- RJAGARH ', 'GRAM- DULTARIYA , TEH- PACHORE , DIST- RJAGARH ', 1, 100, '2016-12-28 10:58:12', 1, NULL, NULL, 0),
(97, 'MR. GAJRAJ SINGH', 'FATHER', 9713259950, '9713259950', '', 'FARMAR', '', NULL, 'VISHIVNATH COLONY BIAORA , DIST- RAJGARH , PIN - 465674', 'VISHIVNATH COLONY BIAORA , DIST- RAJGARH , PIN - 465674', 1, 101, '2016-12-28 11:02:01', 1, NULL, NULL, 0),
(98, 'MR. CHOTELAL VERMA', 'FATHER', 9691570039, '9691570039', '', 'FARMAR', '', NULL, 'TULSI NAGAR BIAORA , DIST- RAJGARH PIN - 465674', 'TULSI NAGAR BIAORA , DIST- RAJGARH PIN - 465674', 1, 102, '2016-12-28 11:05:20', 1, NULL, NULL, 0),
(99, 'MR. RATANLAL JI  SONI', 'FATHER', 9166750734, '9166750734', '', 'FARMAR', '', NULL, 'GRAM- LAKHONI , TEH- JEERAPUR , DIST- RAJGARH', 'GRAM- LAKHONI , TEH- JEERAPUR , DIST- RAJGARH', 1, 103, '2016-12-28 11:08:52', 1, NULL, NULL, 0),
(100, 'MR. SHARDA DANGI', 'FATHER', 8964824939, '8964824939', '', 'FARMAR', '', NULL, 'GRAM- MOHNIPURA , TEH- BIAORA , DIST- RAJGARH (M.P.) PIN- 465674', 'GRAM- MOHNIPURA , TEH- BIAORA , DIST- RAJGARH (M.P.) PIN- 465674', 1, 104, '2016-12-28 11:12:05', 1, NULL, NULL, 0),
(101, 'MR. ASHOK KUMAR LOT', 'FATHER', 9907451059, '9907451059', '', 'FARMAR', '', NULL, 'WARD NO. 18 BIOARA , TEH- BIAORA , DIST- RAJGARH PIN - 465674', 'WARD NO. 18 BIOARA , TEH- BIAORA , DIST- RAJGARH PIN - 465674', 1, 105, '2016-12-28 11:16:24', 1, NULL, NULL, 0),
(102, 'MR. MAHESH JOSHI', 'FATHER', 7772047353, '7772047353', '', 'FARMAR', '', NULL, 'GRAM- PACHEDWADI , TEH- SARANGPUR , DIST- RAJGARH PIN- 465681', 'GRAM- PACHEDWADI , TEH- SARANGPUR , DIST- RAJGARH PIN- 465681', 1, 106, '2016-12-28 11:19:52', 1, NULL, NULL, 0),
(103, 'MR. KAILASHCHANDRA DANGI', 'FATHER', 7582857925, '7582857925', '', 'FARMAR', '', NULL, 'GRAM- KHURI, TEH- BIAORA , DIST- RAJGARH PIN - 465674', 'GRAM- KHURI, TEH- BIAORA , DIST- RAJGARH PIN - 465674', 1, 107, '2016-12-28 11:23:37', 1, NULL, NULL, 0),
(104, 'MR. KAILASHCHANDRA DANGI', 'FATHER', 9755048155, '9755048155', '', 'FARMAR', '`', NULL, 'GRAM- ARNIYA , POST- AMLIYAHAT , TEH- BIAORA , DIST- RAJGARH , PIN - 465674', 'GRAM- ARNIYA , POST- AMLIYAHAT , TEH- BIAORA , DIST- RAJGARH , PIN - 465674', 1, 108, '2016-12-28 11:27:17', 1, NULL, NULL, 0),
(105, 'PUSHKAR SONI', 'FATHER', 7389212116, '7389212116', '', 'FARMAR', '', NULL, 'PATWA BAZAR , KHILCHIPUR , DIST- RAJGARH M.P.', '', 1, 109, '2017-01-10 07:28:30', 1, NULL, NULL, 0),
(106, 'MR. PRABHULAL ', 'FATHER', 9926301844, '8358934430', '', 'FARMAR', '', NULL, 'GRAM+ POST- GANGAHONI, TEH- JEERAPUR , DIST- RAJGARH', '', 1, 110, '2017-01-10 07:33:26', 1, NULL, NULL, 0),
(107, 'MR. KAILASH JI KOTWAL', 'FATHER', 9669801318, '9669801318', '', 'FARMAR', '', NULL, 'TEH- BIAORA , DIST- RAJGARH , PIN- 465674', '', 1, 112, '2017-01-11 05:57:07', 1, NULL, NULL, 0),
(108, 'MR. RAMESH CHANDRA YADAV', 'FATHER', 8085336491, '8085336491', '', 'FARMAR', '', NULL, 'GRAM- NARSINGARH , TEH- GUNA, DIST- RAJGARH ', '', 1, 113, '2017-01-11 05:59:41', 1, NULL, NULL, 0),
(109, 'MR. SURENDRA SINGH KUSWAH', 'FATHER', 9926062008, '9926062008', '', 'FARMAR', '', NULL, '13 , SUDAMA NAGAR BIAORA , TEH- BIAORA , DIST- RAJGARH', '', 1, 114, '2017-01-11 06:03:01', 1, NULL, NULL, 0),
(110, 'MR. MUSTAQ ANSARI', 'FATHER', 7389655833, '7389655833', '', 'FARMAR', '', NULL, 'CIVIL HOSPITAL ROAD RAJGARH , AASHIRWAD LOAD KE PASS .', '', 1, 115, '2017-01-11 06:06:18', 1, NULL, NULL, 0),
(111, 'MR. DEVILAL SOJANIYA', 'FATHER', 7509998115, '7509998115', '', 'FARMAR', '', NULL, 'BIRJIPURA MALI MOHALLA  RAJGARH , PIN - 465661', '', 1, 116, '2017-01-11 06:10:03', 1, NULL, NULL, 0),
(112, 'MR. NAYAN SATELIYA ', 'FATHER', 9584093021, '9584093021', '', 'FARMAR', '', NULL, 'RAMDEV JI MANDIR KE PASS KALAKHET RAJGARH , PIN - 465661', '', 1, 117, '2017-01-11 06:12:56', 1, NULL, NULL, 0),
(113, 'MR. JAGDISH DANGI', 'FATHER', 9575181202, '9575181202', '', 'FARMAR', '', NULL, 'GRAM+POST- BAIHEDA, TEH- BIAORA , DIST- RAJGARH ', '', 1, 118, '2017-01-11 06:35:32', 1, NULL, NULL, 0),
(114, 'MR. BHERU SINGH CHOHAN', 'FATHER', 869792587, '869792587', '', 'FARMAR', '', NULL, 'TEH- BIAORA , DIST- RAJGARH ', '', 1, 119, '2017-01-11 06:51:38', 1, NULL, NULL, 0),
(115, 'MR. MATHURA LAL', ' FATHER', 9589379058, '9589379058', '', 'FARMAR', '', NULL, 'GRAM- BERIYAKHEDI , POST- GANGAHONI , TEH- BIAORA , DIST- RAJGARH ', '', 1, 120, '2017-01-11 07:10:58', 1, NULL, NULL, 0),
(116, 'MR. MANGILAL DANGI', 'FATHER', 9174215238, '9174215238', '', 'FARMAR', '', NULL, 'VILLAGE - BHURA , TEH- BIAORA , DIST- RAJGARH , PIN - 465674', '', 1, 121, '2017-01-11 07:13:12', 1, NULL, NULL, 0),
(117, 'MR. SHYAM SUNDER LASHKARI', 'FATHER', 9424436560, '9424436560', '', 'FARMAR', '', NULL, 'GRAM - KRISHNAPURA  MARG , KATIK MOHALLA , TEH- BIAORA , DIST- RAJGARH ', '', 1, 122, '2017-01-11 07:19:04', 1, NULL, NULL, 0),
(118, 'MR. KAMAL SINGH', 'FATHER', NULL, '', '', 'FARMAR', '', NULL, 'GRAM- GOPALPURA , TEH- JEERAPUR , DIST- RAJGARH ', '', 1, 123, '2017-01-11 07:24:32', 1, NULL, NULL, 0),
(119, 'MR. SHANKAR LAL ', 'FATHER', 9977520248, '9977520248', '', 'FARMAR', '', NULL, 'GRAM- PARASON, TEH- BAIRASAIYA , BHOPAL', '', 1, 124, '2017-01-11 07:27:05', 1, NULL, NULL, 0),
(120, 'MR. PREMNARAYAN VERMA', 'FATHER', 7693831478, '7693831478', '', 'FARMAR', '', NULL, 'GRAM- KATARIYAKHEDI, TEH- BIAORA , DIST- RAJGARH', '', 1, 125, '2017-01-11 07:29:41', 1, NULL, NULL, 0),
(121, 'MR. KAILASH NARAYAN ', 'FATHER', 7582828612, '7582828612', '', 'FARMAR', '', NULL, 'A.B. ROAD MULTANPURA , TEH- BIAORA , DIST- RAJGARH ', '', 1, 126, '2017-01-11 07:41:56', 1, '2017-01-30 09:36:26', 1, 0),
(122, 'MR. RAMCHARAN VERMA', 'FATHER', 9981959951, '9981959951', '', 'FARMAR', '', NULL, 'GRAM- GOPALPURA ,  TEH- BIAORA , DIST- RAJGARH ', '', 1, 127, '2017-01-11 07:44:48', 1, NULL, NULL, 0),
(123, 'MR. SATTAR KHAN ', 'FATHER', 7509811600, '7509811600', '', 'FARMAR', '', NULL, 'GRAM+POST- BARKHEDA , TEH- BIAORA , DIST- RAJGARH ', '', 1, 128, '2017-01-11 07:46:54', 1, NULL, NULL, 0),
(124, 'MR. OMPRAKASH PUSHPAD', 'FATHER', 860256019, '860256019', '', 'FARMAR', '', NULL, 'NEAR MARUTI NANDAN MANDIR MULTANPURA , TEH- BIAORA , DIST- RAJGARH ', '', 1, 129, '2017-01-11 07:50:44', 1, NULL, NULL, 0);

-- --------------------------------------------------------

--
-- Table structure for table `stu_info`
--

CREATE TABLE IF NOT EXISTS `stu_info` (
  `stu_info_id` int(11) NOT NULL AUTO_INCREMENT,
  `stu_unique_id` int(11) NOT NULL,
  `stu_title` varchar(15) DEFAULT NULL,
  `stu_first_name` varchar(50) NOT NULL,
  `stu_middle_name` varchar(50) DEFAULT NULL,
  `stu_last_name` varchar(50) NOT NULL,
  `stu_gender` varchar(20) DEFAULT NULL,
  `stu_dob` date NOT NULL,
  `stu_email_id` varchar(65) DEFAULT NULL,
  `stu_bloodgroup` varchar(15) DEFAULT 'Unknown',
  `stu_birthplace` varchar(45) DEFAULT NULL,
  `stu_religion` varchar(50) DEFAULT NULL,
  `stu_admission_date` date NOT NULL,
  `stu_photo` varchar(150) DEFAULT NULL,
  `stu_languages` varchar(255) DEFAULT NULL,
  `stu_mobile_no` bigint(12) DEFAULT NULL,
  `stu_info_stu_master_id` int(11) DEFAULT NULL,
  `adhaar` varchar(100) NOT NULL DEFAULT '',
  PRIMARY KEY (`stu_info_id`),
  UNIQUE KEY `stu_unique_id` (`stu_unique_id`),
  UNIQUE KEY `stu_email_id` (`stu_email_id`),
  KEY `stu_info_stu_master_id` (`stu_info_stu_master_id`)
) ENGINE=InnoDB  DEFAULT CHARSET=utf8 AUTO_INCREMENT=141 ;

--
-- Dumping data for table `stu_info`
--

INSERT INTO `stu_info` (`stu_info_id`, `stu_unique_id`, `stu_title`, `stu_first_name`, `stu_middle_name`, `stu_last_name`, `stu_gender`, `stu_dob`, `stu_email_id`, `stu_bloodgroup`, `stu_birthplace`, `stu_religion`, `stu_admission_date`, `stu_photo`, `stu_languages`, `stu_mobile_no`, `stu_info_stu_master_id`, `adhaar`) VALUES
(1, 1, 'Mr.', 'Ankit', 'M', 'Narthi', 'Male', '1992-05-16', 'ankit_narthi@gmail.com', 'AB-', 'Ahmedabad', 'Hindu', '2015-06-01', NULL, 'English,Gujarati', 7695865796, 1, ''),
(2, 2, 'Mr.', 'Kelvin', 'G', 'Kair', 'Male', '1995-05-18', 'kelvin-kair@gmail.com', 'A+', 'USA', 'Christianity', '2015-06-01', NULL, 'English,German', 8957345678, 2, ''),
(3, 3, 'Ms.', 'Elena', 'G', 'Kaith', 'Female', '1995-05-16', 'elenag@hotmail.com', 'O+', 'USA', 'Christianity', '2015-06-02', NULL, 'English,French', 9068545678, 3, ''),
(4, 4, 'Ms.', 'Nikita', 'N', 'Shah', 'Female', '1994-05-19', 'nikita_shah@gmail.com', 'AB+', 'Ahmedabad', 'Hindu', '2015-06-02', NULL, 'Gujarati,English,Hindi,French', 8957345678, 4, ''),
(5, 5, 'Mr.', 'Elen', 'M', 'Watson', 'Male', '1992-02-16', 'elen.wat@yahoo.com', 'AB+', 'England', 'Christianity', '2015-06-02', NULL, 'English,French', 7695865796, 5, ''),
(6, 6, 'Ms.', 'Anita', 'M', 'Kamriya', 'Female', '1994-06-03', 'anita@gmail.com', 'AB-', 'Ahmedabad', 'Hindu', '2015-06-03', NULL, 'Gujarati,English', 9755665655, 6, ''),
(7, 7, 'Mr.', 'Mehul', 'N', 'Patel', 'Male', '1995-05-10', 'mehul_p@gmail.com', 'B-', 'USA', 'Hindu', '2015-06-01', NULL, 'English,Gujarati', 7695865796, 7, ''),
(8, 8, 'Ms.', 'Kinjal', 'N', 'Ruparel', 'Female', '1995-05-16', 'kinjal@yahoo.com', 'AB+', 'Ahmedabad', 'Hindu', '2015-06-08', NULL, 'English,Hindi,Gujarati', 8957345678, 8, ''),
(9, 9, 'Mr.', 'Nayan', 'G', 'Marty', 'Male', '1993-08-19', 'nayan.mty@gmail.com', 'AB+', 'Ahmedabad', 'Hindu', '2015-06-10', NULL, 'English,Gujarati,Hindi', 7695865796, 9, ''),
(10, 10, 'Ms.', 'Kiran', 'L', 'Katariya', 'Female', '1993-02-28', 'kiran_lk@yahoo.com', 'O+', 'New York', 'Hindu', '2015-06-01', NULL, 'English,French', 8957345678, 10, ''),
(11, 11, 'Mr.', 'Rahul', 'W', 'Sharma', 'Male', '1995-10-18', 'rahul.sharma@gmail.com', 'AB+', 'Ahmedabad', 'Hindu', '2015-05-30', NULL, 'English,Gujarati,Hindi,French,Russian', 8957345678, 11, ''),
(12, 12, 'Ms.', 'Brinzal', 'M', 'Thumar', 'Female', '1992-09-16', 'brinzal@yahoo.com', 'AB+', 'Ahmedabad', 'Hindu', '2015-05-30', NULL, 'English,Hindi', 7695865796, 12, ''),
(13, 13, 'Mr.', 'Kishan', 'M', 'Kumar', 'Male', '1993-06-01', 'kishan@gml.com', 'B+', 'Ahmedabad', 'Hindu', '2015-05-30', NULL, 'English,Hindi,Gujarati', 7695865797, 13, ''),
(14, 14, 'Mr.', 'Zakain', 'G', 'Zuila', 'Male', '1993-05-21', 'zakain@gmail.com', 'B-', 'USA', 'Christianity', '2015-06-15', NULL, 'English,German', 7695865796, 14, ''),
(15, 15, 'Ms.', 'Nash', 'H', 'Kabunda', 'Female', '1994-11-30', NULL, 'A+', 'Ahmedabad', 'Jainism', '2015-06-03', NULL, 'French,English', 7695865796, 15, ''),
(16, 16, 'Mr.', 'Vikalp', '', 'Sharma', 'MALE', '1987-12-02', 'ervik@gmail.com', 'Unknown', NULL, NULL, '2016-12-16', NULL, NULL, 9090909090, 16, ''),
(17, 17, 'Mr.', 'deepak ', 'kumar ', 'shivhare', 'MALE', '1970-01-01', 'deepu13raj@gmail.com', 'Unknown', NULL, NULL, '2016-07-05', NULL, NULL, 9755440578, 17, ''),
(18, 18, 'Ms.', 'Neeta ', '', 'Dangi', 'FEMALE', '1997-03-10', 'nvmbiaora@gmail.com', 'Unknown', 'KHILCHIPUR', 'HINDU ', '2016-06-24', 'Neeta _18.jpg', 'Hindi', 8817801120, 18, ''),
(19, 19, 'Ms.', 'ANSHU ', '', 'MEWADE', 'FEMALE', '1998-04-22', NULL, 'Unknown', 'KHILCHIPUR', 'HINDU', '2016-06-15', 'ANSHU _19.jpg', 'Hindi,English', 7566993218, 19, ''),
(20, 20, 'Ms.', 'URMILA ', '', 'VERMA', 'FEMALE', '1985-12-15', NULL, 'Unknown', 'RAJGARH', 'INDIAN', '2016-07-11', 'URMILA _20.jpg', 'Hindi,English', 9575659877, 20, ''),
(21, 21, 'Ms.', 'RANI ', '', 'TANWAR ', 'FEMALE', '1997-09-30', NULL, 'Unknown', 'RAJGARH', 'HINDU', '2016-06-15', 'RANI _21.jpg', 'Hindi,English', 7047598279, 21, ''),
(22, 22, 'Ms.', 'JYOTI ', '', 'KARN', 'FEMALE', '1998-03-21', NULL, 'Unknown', 'BIAORA', 'HINDU', '2016-06-21', 'JYOTI _22.jpg', 'Hindi,English', 8359988318, 22, ''),
(23, 23, 'Ms.', 'BHAGWATI ', '', 'DANGI', 'FEMALE', '1998-12-10', NULL, 'Unknown', 'JEERAPUR ', 'HINDU', '2016-06-16', 'BHAGWATI _23.jpg', 'Hindi,English', 7580950577, 23, ''),
(24, 24, 'Ms.', 'Ramkanya ', '', 'Sen ', 'FEMALE', '1999-04-01', NULL, 'Unknown', 'BIAORA', 'HINDU', '2016-07-04', 'Ramkanya _24.jpg', 'Hindi', 8889515782, 24, ''),
(25, 25, 'Ms.', 'RAMSANHITA ', '', 'DANGI ', 'FEMALE', '1996-11-14', NULL, 'Unknown', 'BIAORA', 'HINDU', '2016-06-24', 'RAMSANHITA _25.jpg', 'Hindi,English', 7879336361, 25, ''),
(26, 26, 'Ms.', 'Reeta', '', 'Yadav', 'FEMALE', '1997-03-05', NULL, 'Unknown', 'BIAORA', 'INDIAN ', '2016-07-01', 'Reeta_26.jpg', 'Hindi,English', NULL, 26, ''),
(27, 27, 'Ms.', 'Rambai ', '', ' Lovewanshi', 'FEMALE', '1995-04-05', NULL, 'Unknown', 'Guna', 'HINDU', '2016-06-18', 'Rambai _27.jpg', 'Hindi,English', 8461030626, 27, ''),
(28, 28, 'Ms.', 'Ramlata ', '', 'yadav', 'FEMALE', '1998-07-19', NULL, 'Unknown', 'Narsingarh', 'HINDU', '2016-06-15', 'Ramlata _28.jpg', 'english,hindi', 7240919691, 28, ''),
(29, 29, 'Ms.', 'Afrin ', '', 'Ahmad', 'FEMALE', '1999-06-01', NULL, 'Unknown', 'KHILCHIPUR', 'hindu', '2016-06-16', 'Afrin _29.jpg', 'enlish,Hindi', 9617523786, 29, ''),
(30, 30, 'Ms.', 'REENA ', '', 'DANGI', 'FEMALE', '1999-05-01', NULL, 'Unknown', 'BIAORA ', 'HINDU', '2016-07-06', 'REENA _30.jpg', 'Hindi,English', 9826374864, 30, ''),
(31, 31, 'Ms.', 'JYOTI ', '', 'LODHI', 'FEMALE', '1998-12-04', NULL, 'Unknown', 'BIAORA', 'HINDU', '2016-06-15', NULL, 'Hindi,English', 9977541562, 31, ''),
(34, 32, 'Ms.', 'RITU', '', 'PUSHPAD', 'FEMALE', '2016-07-08', NULL, 'Unknown', 'SARANGPUR', 'HINDU', '1999-09-11', 'RITU_32.jpg', 'Hindi,English', 9713259865, 32, ''),
(35, 33, 'Ms.', 'NORANG ', '', 'DANGI', 'FEMALE', '1996-11-18', NULL, 'Unknown', 'KHILCHIPUR ', 'HINDU ', '2016-07-01', 'NORANG _33.jpg', 'English,Hindi', 9754261315, 33, ''),
(36, 34, 'Ms.', 'SAPNA ', '', 'SISHODIYA', 'FEMALE', '1994-06-28', NULL, 'Unknown', 'BIAORA', 'HINDU', '2016-06-16', 'SAPNA _34.jpg', 'ENGLISH,Hindi', 8120204377, 34, ''),
(37, 35, 'Ms.', 'MUSKAN ', '', 'SHIVHARE', 'FEMALE', '1998-11-18', NULL, 'Unknown', 'BIAORA', 'HINDU', '2016-06-21', 'MUSKAN _35.jpg', 'HINDI,English', 8358825631, 35, ''),
(38, 36, 'Ms.', 'REENA ', '', 'SEN', 'FEMALE', '1994-06-20', NULL, 'Unknown', 'RAJGARH ', 'HINDU', '2016-06-15', 'REENA _36.jpg', 'Hindi,English', 7247526537, 36, ''),
(39, 37, 'Ms.', 'KOSHALIA ', '', 'SEN ', 'FEMALE', '1999-06-07', NULL, 'Unknown', 'RAJGARH', 'HINDU', '2016-06-23', 'KOSHALIA _37.jpg', 'Hindi,English', 9575908125, 37, ''),
(40, 38, 'Ms.', 'POOJA  ', '', 'YADAV ', 'FEMALE', '1994-07-09', NULL, 'Unknown', NULL, NULL, '2016-06-15', 'POOJA  _38.jpg', NULL, 9685315060, 38, ''),
(41, 39, 'Ms.', 'POOJA ', '', 'YADAV', 'FEMALE', '1994-07-09', NULL, 'Unknown', NULL, NULL, '2016-06-15', 'POOJA _39.jpg', NULL, 9685315060, 39, ''),
(42, 40, 'Ms.', 'SHABNAM ', '', 'SHAH', 'FEMALE', '1998-09-10', NULL, 'Unknown', 'BIAORA', 'MUSLIM', '2016-06-18', 'SHABNAM _40.jpg', '', 9993371694, 40, ''),
(43, 41, 'Ms.', 'LAXMI  ', '', 'MEGWAL ', 'FEMALE', '1990-11-09', NULL, 'Unknown', 'KHILCHIPUR', 'HINDU', '2016-06-16', 'LAXMI  _41.jpg', 'Hindi,English', 9575908125, 41, ''),
(44, 42, 'Ms.', 'PAVITRA ', '', 'DANGI', 'FEMALE', '1998-05-01', NULL, 'Unknown', 'RAJGARH', 'HINDU', '2016-06-23', 'PAVITRA _42.jpg', 'Hindi,English', 930026998, 42, ''),
(45, 43, 'Ms.', 'SUMITRA ', '', 'SURYAWANSHI ', 'FEMALE', '1993-05-30', NULL, 'Unknown', 'RAJGARH ', 'HINDU', '2016-07-11', 'SUMITRA _43.jpg', 'Hindi,English', 8827447033, 43, ''),
(46, 44, 'Ms.', 'PRIYANKA ', '', 'SONI ', 'FEMALE', '1997-05-01', NULL, 'Unknown', 'BIAORA', 'HINDU', '2016-06-23', 'PRIYANKA _44.jpg', 'Hindi,English', 8370031390, 44, ''),
(47, 45, 'Ms.', 'RINKU ', '', 'SISODIYA', 'FEMALE', '1998-10-01', NULL, 'Unknown', NULL, NULL, '2016-06-25', 'RINKU _45.jpg', NULL, 9713259865, 45, ''),
(48, 46, 'Ms.', 'SANGEETA ', '', 'DANGI', 'FEMALE', '1998-06-12', NULL, 'Unknown', 'KHILCHIPUR', 'HINDU', '2016-06-23', 'SANGEETA _46.jpg', 'Hindi,English', 8433124040, 46, ''),
(49, 47, 'Ms.', 'SEEMA', '', 'DANGI', 'FEMALE', '1996-06-12', NULL, 'Unknown', 'NARSINGARH', 'HINDU', '2016-06-15', 'SEEMA_47.jpg', 'Hindi,English', 7240919691, 47, ''),
(50, 48, 'Ms.', 'REKHA ', '', 'DANGI', 'FEMALE', '1998-08-09', NULL, 'Unknown', 'KHILCHIPUR', 'HINDU', '2016-06-16', 'REKHA _48.jpg', 'Hindi', 9754261315, 48, ''),
(51, 49, 'Ms.', 'MANISHA ', '', 'SAHU ', 'FEMALE', '1994-10-28', NULL, 'Unknown', 'RAJGARH', 'HINDU', '2015-06-22', 'MANISHA _49.jpg', 'Hindi,English', 7354812803, 49, ''),
(52, 50, 'Ms.', 'SAFIYA', '', 'kHAN', 'FEMALE', '1989-04-23', NULL, 'Unknown', NULL, NULL, '2015-06-22', NULL, NULL, 9977993148, 50, ''),
(53, 51, 'Ms.', 'SANTOSH ', '', 'PARMAR', 'MALE', '1987-01-01', NULL, 'Unknown', 'SHAJAPUR', 'HINDU', '2015-06-11', 'SANTOSH _51.jpg', 'Hindi,English', 9753987174, 51, ''),
(54, 52, 'Ms.', 'SANJU ', '', 'DANGI', 'FEMALE', '1997-12-30', NULL, 'Unknown', 'BIAORA', 'HINDU', '2015-06-22', 'SANJU _52.jpg', 'Hindi,English', 7770966129, 52, ''),
(55, 53, 'Mr.', 'VINAY', '', 'LOVEWANSHI', 'MALE', '1996-03-03', NULL, 'Unknown', 'GUNA', 'HINDU', '2015-10-25', 'VINAY_53.jpg', 'Hindi,English', 9977383334, 53, ''),
(56, 54, 'Ms.', 'MONA', '', 'MEENA', 'FEMALE', '1994-05-07', NULL, 'Unknown', 'BIAORA', 'HINDU', '2016-06-25', 'SONA_54.jpg', 'Hindi,English', 9892986416, 54, ''),
(57, 55, 'Ms.', 'NEHA', '', 'NAMDEV', 'FEMALE', '1994-07-02', NULL, 'Unknown', 'PACHORE', 'HINDU', '2015-06-09', 'NEHA_55.jpg', 'Hindi,English', 7389526174, 55, ''),
(60, 56, 'Ms.', 'NEELU', '', 'GAVLI', 'FEMALE', '1998-10-13', NULL, 'Unknown', 'BIAORA', 'HINDU', '2016-10-25', 'NEELU_56.jpg', 'Hindi,English', 9993698125, 56, ''),
(61, 57, 'Ms.', 'JYOTI ', '', 'RATHORE', 'FEMALE', '1990-12-08', NULL, 'Unknown', 'PACHORE', 'HINDU', '2016-11-07', 'JYOTI _57.jpg', 'Hindi,English', 9893615957, 57, ''),
(62, 58, 'Ms.', 'LEELAWATI', '', 'TANWAR', 'FEMALE', '1991-01-04', NULL, 'Unknown', 'RAJGARH', 'HINDU', '1996-01-04', 'LEELAWATI_58.jpg', 'Hindi,English', 8120200274, 58, ''),
(63, 59, 'Ms.', 'PRIYANKA  ', '', 'GORH', 'FEMALE', '1996-10-01', NULL, 'Unknown', '', '', '2016-10-25', 'PRIYANKA  _59.jpg', '', 8966010067, 59, ''),
(64, 60, 'Ms.', 'ANJNI', '', 'SEN', 'FEMALE', '1994-05-11', NULL, 'Unknown', 'SARANGPUR', 'HINDU', '2016-10-26', 'ANJALI _60.jpg', 'Hindi,English', 9826944009, 60, ''),
(65, 61, 'Ms.', 'SANGEETA ', '', 'DANGI', 'FEMALE', '1993-04-10', NULL, 'Unknown', 'SONKACH', 'HINDU', '2016-10-18', 'SANGEETA _61.jpg', 'Hindi', 8718975049, 61, ''),
(66, 62, 'Ms.', 'BHAVNA ', '', 'CHOHAN', 'FEMALE', '1994-07-31', NULL, 'Unknown', 'BIAORA', 'HINDU', '2016-10-22', 'BHAVNA _62.jpg', 'Hindi,English', 9179175559, 62, ''),
(67, 63, 'Ms.', 'PINKI ', 'KUMARI', 'DARJI', 'FEMALE', '1997-09-18', NULL, 'Unknown', 'KHILCHIPUR', 'HINDU', '2016-11-17', 'PINKI _63.jpg', 'Hindi,English', 7047236510, 63, ''),
(68, 64, 'Ms.', 'MAVSINGH', '', 'LAOVEWANSHI', 'MALE', '1997-08-11', NULL, 'Unknown', 'BIAORA ', 'HINDU', '2016-10-26', 'MAVSINGH_64.jpg', 'Hindi,English', 8827037101, 64, ''),
(69, 65, 'Ms.', 'RINKU', '', 'YADAV', 'FEMALE', '1998-03-06', NULL, 'Unknown', NULL, NULL, '2016-10-25', 'RINKU_65.jpg', NULL, 9755536577, 65, ''),
(70, 66, 'Mr.', 'KANHAIYALAL ', '', 'PRAJAPATI', 'MALE', '1996-07-11', NULL, 'Unknown', 'BIAORA', 'HINDU', '2016-11-05', 'KANHAIYALAL _66.jpg', 'Hindi,English', 7724891980, 66, ''),
(71, 67, 'Ms.', 'BHANUPRIYA ', '', 'NAGAR ', 'FEMALE', '1995-08-08', NULL, 'Unknown', NULL, NULL, '2016-11-10', 'BHANUPRIYA _67.jpg', NULL, 9993525573, 67, ''),
(72, 68, 'Mr.', 'GAYTRI ', '', 'NAGAR', 'FEMALE', '1998-05-02', NULL, 'Unknown', 'RAJGARH', 'HINDU', '1998-05-02', 'GAYTRI _68.jpg', 'Hindi,English', 9993525573, 68, ''),
(73, 69, 'Ms.', 'REENA ', '', 'VERMA', 'FEMALE', '1996-04-18', NULL, 'Unknown', NULL, NULL, '2016-10-27', 'REENA _69.jpg', NULL, 9977460216, 69, ''),
(74, 70, 'Ms.', 'SAFIYA', '', 'KHAN', 'FEMALE', '1989-04-23', NULL, 'Unknown', 'BIAORA', 'HINDU', '2016-11-22', 'SAFIYA_70.jpg', 'Hindi,English', 9977993148, 70, ''),
(75, 71, 'Ms.', 'MOHNI ', '', 'BHANDARI', 'FEMALE', '1995-09-24', NULL, 'Unknown', 'SARANGPUR', 'HINDU', '2016-08-14', 'MOHNI _71.jpg', 'Hindi,English', 9098588836, 71, ''),
(76, 72, 'Ms.', 'SANTOSH', 'KUMAR', 'VISHWAKARMA', 'MALE', '1983-05-05', NULL, 'Unknown', 'SARANGPUR', 'HINDU', '2016-07-21', 'SANTOSH_72.jpg', 'English,Hindi', 9826944009, 72, ''),
(77, 73, 'Mr.', ' PARVEZ ', 'MOHD', 'GOURI', 'FEMALE', '1990-05-15', NULL, 'Unknown', 'BIAORA', 'HINDU', '2016-05-18', 'MOHD PARVEZ _73.jpg', 'Hindi,English', 9300578008, 73, ''),
(78, 74, 'Ms.', 'PARVEEN', '', 'ANSARI', 'FEMALE', '1982-06-11', NULL, 'Unknown', 'UJJAIN', 'HINDU', '2016-05-18', 'PARVEEN_74.jpg', 'Hindi,English', 9300578008, 74, ''),
(79, 75, 'Ms.', 'FEZEE', '', 'BAG', 'FEMALE', '1987-08-31', NULL, 'Unknown', 'RAJGARH', 'HINDU', '2016-05-13', 'FEZEE_75.jpg', 'Hindi,English', 9329653437, 75, ''),
(80, 76, 'Mr.', 'ARVIND ', 'KUMAR', 'SHARMA', 'FEMALE', '1977-07-01', NULL, 'Unknown', 'BIAORA', 'HINDU', '2016-05-10', 'ARVIND _76.jpg', 'Hindi,English', 9770398498, 76, ''),
(81, 77, 'Ms.', 'NUTAN ', '', 'DANGI', 'FEMALE', '1993-01-29', NULL, 'Unknown', 'RAJGARH', 'HINDU', '2016-05-13', 'NUTAN _77.jpg', 'Hindi,English', 9584841604, 77, ''),
(82, 78, 'Ms.', 'RANJANA ', '', 'DHAKAD', 'FEMALE', '1970-01-01', NULL, 'Unknown', 'PACHORE', 'HINDU', '2016-05-14', 'RANJANA _78.jpg', 'Hindi,English', 8817111788, 78, ''),
(83, 79, 'Mr.', 'SHIVNARAYAN ', '', 'DANGI', 'MALE', '1984-02-06', NULL, 'Unknown', 'RAJGARH', 'HINDU', '2016-05-13', 'SHIVNARAYAN _79.jpg', 'Hindi,English', 9584841604, 79, ''),
(84, 80, 'Mr.', 'BHAGWAN ', 'SINGH', 'GURJAR', 'MALE', '1994-11-21', NULL, 'Unknown', 'RAJGARH', 'HINDU', '2016-05-12', 'BHAGWAN _80.jpg', 'Hindi,English', 9770567931, 80, ''),
(85, 81, 'Ms.', 'RANI', '', 'LAOVEWANSHI', 'FEMALE', '1990-07-04', NULL, 'Unknown', NULL, NULL, '2016-05-14', 'RANI_81.jpg', NULL, 9300578008, 81, ''),
(87, 82, 'Mr.', 'SUBHASH ', '', 'NAGAR ', 'FEMALE', '1984-04-09', NULL, 'Unknown', 'PACHORE', 'HINDU', '2016-05-14', 'SUBHASH _82.jpg', 'Hindi,English', 8817111788, 82, ''),
(88, 83, 'Ms.', 'Savitri ', 'Kumari', 'Merotha', 'FEMALE', '1996-07-08', NULL, 'Unknown', 'jhalawarh ', 'HINDU', '2016-05-14', 'Savitri _83.jpg', 'Hindi,English', 96305307622, 83, ''),
(89, 84, 'Mr.', 'KALYAN', '', 'MEROTA', 'MALE', '1991-07-06', NULL, 'Unknown', 'NAPANERA', 'HINDU', '2016-05-14', 'KALYAN_84.jpg', 'Hindi,English', 96305307622, 84, ''),
(90, 85, 'Ms.', 'MAMTA ', '', 'CHOHAN', 'FEMALE', '2018-05-02', NULL, 'Unknown', 'ujjain', 'hindu', '2016-05-18', 'MAMTA _85.jpg', 'Hindi,English', 9300578008, 85, ''),
(91, 86, 'Mr.', 'DINESH', 'KUMAR', 'CARPENTER', 'MALE', '1976-06-10', NULL, 'Unknown', 'SARANGPUR', 'HINDU', '1976-06-10', 'DINESH_86.jpg', 'Hindi,English', 8889873488, 86, ''),
(92, 87, 'Ms.', 'USHA ', '', 'SHARMA', 'FEMALE', '1982-12-09', NULL, 'Unknown', 'KHILCHIPUR', 'HINDU', '2016-05-11', 'USHA _87.jpg', 'Hindi,English', 8962175661, 87, ''),
(93, 88, 'Ms.', 'INDU', '', 'BAIRAGI', 'FEMALE', '1988-11-21', NULL, 'Unknown', 'GUNA', 'HINDU', '1988-11-21', 'INDU_88.jpg', 'Hindi,English', 9806069522, 88, ''),
(94, 89, 'Ms.', 'SORAM ', '', 'DANGI', 'FEMALE', '1992-03-15', NULL, 'Unknown', 'KHILCHIPUR', 'HINDU', '1992-03-15', 'SORAM _89.jpg', 'Hindi,English', 9753966130, 89, ''),
(95, 90, 'Ms.', 'KAVYA ', '', 'TIRKI', 'FEMALE', '1994-12-05', NULL, 'Unknown', NULL, NULL, '2016-07-05', 'KAVYA _90.jpg', NULL, 9098367648, 90, ''),
(96, 91, 'Mr.', 'SURESH ', '', 'JATAV', 'MALE', '1985-04-01', NULL, 'Unknown', 'BIAORA', 'HINDU', '2016-07-01', 'SURESH _91.jpg', 'Hindi,English', 9179726585, 91, ''),
(97, 92, 'Ms.', 'Reena', '', 'KOTWAL', 'FEMALE', '1991-07-02', NULL, 'Unknown', '', 'HINDU', '2016-06-01', NULL, 'Hindi,English', 8462910208, 92, ''),
(98, 93, 'Mr.', 'MUKESH ', 'KUMAR ', 'DANGI', 'FEMALE', '1990-07-10', NULL, 'Unknown', NULL, NULL, '2016-05-01', 'MUKESH _93.jpg', NULL, 9977862332, 93, ''),
(99, 94, 'Ms.', 'RADHA ', '', 'DANGI', 'FEMALE', '1994-06-20', NULL, 'Unknown', 'BIAORA', 'HINDU', '2016-11-02', 'RADHA _94.jpg', 'Hindi,English', 9111863521, 94, ''),
(100, 95, 'Ms.', 'ANJU', '', 'SILAWAT', 'FEMALE', '1991-01-05', NULL, 'Unknown', 'BIAORA', 'HINDU', '2016-10-26', 'ANJU_95.jpg', 'Hindi,English', 8982541440, 95, ''),
(102, 96, 'Ms.', 'ANSUIYA ', '', 'RATHORE', 'FEMALE', '1995-10-02', NULL, 'Unknown', '', 'HINDU', '2016-01-08', 'ANSUIYA _96.jpg', 'Hindi,English', 7509197398, 96, ''),
(103, 97, 'Ms.', 'PRITI ', '', 'SONI', 'FEMALE', '1993-12-10', NULL, 'Unknown', 'KHILCHIPUR', 'HINDU', '2016-10-27', 'PRITI _97.jpg', 'Hindi,English', 9713132277, 97, ''),
(104, 98, 'Ms.', 'PRIYANKA', '', 'YADAV', 'FEMALE', '1996-07-03', NULL, 'Unknown', NULL, NULL, '2016-10-26', 'PRIYANKA_98.jpg', NULL, 8817969650, 98, ''),
(105, 99, 'Ms.', 'AFSANA BE', '', 'MANSOORI', 'FEMALE', '1998-03-23', NULL, 'Unknown', 'RAJGARH', 'HINDU', '2016-10-27', 'AFSANA BE_99.jpg', 'Hindi,English', 8962567737, 99, ''),
(106, 100, 'Ms.', 'KAMLESH', '', 'SHARMA', 'FEMALE', '2016-11-11', NULL, 'Unknown', 'PACHORE', 'HINDU', '1982-01-07', 'KAMLESH_100.jpg', 'Hindi,English', 9644445352, 100, ''),
(107, 101, 'Ms.', 'ABHILASHA ', '', 'GURJAR', 'FEMALE', '1991-04-02', NULL, 'Unknown', 'BIAORA ', '', '2016-10-27', 'ABHILASHA _101.jpg', 'Hindi,English', 8959319040, 101, ''),
(108, 102, 'Ms.', 'RAMKALA ', '', 'VERMA', 'FEMALE', '1992-06-01', NULL, 'Unknown', '', 'HINDU', '2016-10-25', 'RAMKALA _102.jpg', 'Hindi,English', 9691570039, 102, ''),
(109, 103, 'Ms.', 'REKHA', 'BAI', 'SONI', 'FEMALE', '1991-04-08', NULL, 'Unknown', 'JEERAPUR', 'HINDU', '2016-11-08', 'REKHA_103.jpg', 'Hindi,English', 9166750734, 103, ''),
(110, 104, 'Ms.', 'SHARDA', '', 'DANGI', 'FEMALE', '1993-10-12', NULL, 'Unknown', NULL, NULL, '2016-06-23', 'SHARDA_104.jpg', NULL, 8664824939, 104, ''),
(111, 105, 'Mr.', 'SANDEEP ', '', 'LOT', 'MALE', '1998-08-10', NULL, 'Unknown', '', 'HINDU', '2016-10-25', 'SANDEEP _105.jpg', 'Hindi,English', 9907451059, 105, ''),
(112, 106, 'Ms.', 'GUNJAN', '', 'JOSHI', '', '1995-09-08', NULL, 'Unknown', NULL, NULL, '2016-10-27', 'GUNJAN_106.jpg', NULL, 8602242718, 106, ''),
(113, 107, 'Ms.', 'ANITA ', '', 'DANGI', 'FEMALE', '1993-12-01', NULL, 'Unknown', 'BIAORA', 'HINDU', '2016-11-02', 'ANITA _107.jpg', 'HINDI,English', 7582857925, 107, ''),
(114, 108, 'Ms.', 'MAHESH', '', 'DANGI', 'MALE', '1988-03-12', NULL, 'Unknown', 'BIAORA', 'HINDU', '2016-11-15', 'MAHESH_108.jpg', 'Hindi,English', 975548155, 108, '398'),
(115, 109, 'Mr.', 'SHIVAM', '', 'SONI', 'MALE', '1998-10-23', NULL, 'Unknown', NULL, NULL, '2016-01-21', 'SHIVAM_109.jpg', NULL, 7389212116, 109, ''),
(116, 110, 'Mr.', 'MUKESH', 'KUMAR', 'RAO', 'MALE', '1982-12-23', NULL, 'Unknown', NULL, NULL, '2016-03-29', 'MUKESH_110.jpg', NULL, 9926301844, 110, ''),
(117, 111, 'Mr.', 'PANKAJ', '', 'CHOHAN', 'MALE', '1988-09-01', NULL, 'Unknown', NULL, NULL, '2016-01-10', NULL, NULL, 869792587, 111, ''),
(118, 112, 'Mr.', 'NEERAJ', '', 'KOTWAL ', 'MALE', '1997-08-13', NULL, 'Unknown', NULL, NULL, '2016-01-21', 'NEERAJ_112.jpg', NULL, 9669801318, 112, ''),
(119, 113, 'Mr.', 'DEVSINGH', '', 'YADAV', 'MALE', '1992-01-05', NULL, 'Unknown', NULL, NULL, '2015-09-07', 'DEVSINGH_113.jpg', NULL, 8085336491, 113, ''),
(120, 114, 'Mr.', 'ANIRUDDH', 'SINGH', 'KUSHWAH', 'MALE', '1995-11-21', NULL, 'Unknown', '', 'HINDU', '2015-06-20', 'ANIRUDDH_114.jpg', 'Hindi', 9926062008, 114, ''),
(121, 115, 'Mr.', 'FIROZ', '', 'ANSARI', 'MALE', '1997-08-07', NULL, 'Unknown', NULL, NULL, '2015-08-11', 'FIROZ_115.jpg', NULL, 7389655833, 115, ''),
(122, 116, 'Mr.', 'VISHNU', '', 'SOJANIYA', 'MALE', '1997-03-07', NULL, 'Unknown', NULL, NULL, '2015-07-11', 'VISHNU_116.jpg', NULL, 7509998115, 116, ''),
(123, 117, 'Mr.', 'NAYAN', '', 'SATELIYA', 'MALE', '1997-06-19', NULL, 'Unknown', NULL, NULL, '2015-06-19', 'NAYAN_117.jpg', NULL, 9584093021, 117, ''),
(124, 118, 'Mr.', 'DEEPA', '', 'DANGI', 'MALE', '1996-06-17', NULL, 'Unknown', NULL, NULL, '2016-02-14', NULL, NULL, 9575181202, 118, ''),
(125, 119, 'Mr.', 'PANKAJ', '', 'CHOHAN', 'MALE', '1988-09-01', NULL, 'Unknown', NULL, NULL, '2015-02-20', NULL, NULL, 869792587, 119, ''),
(126, 120, 'Mr.', 'MUKESH', 'KUMAR', 'MEHRA', 'MALE', '1988-01-01', NULL, 'Unknown', NULL, NULL, '2016-08-26', 'MUKESH_120.jpg', NULL, 9589379058, 120, ''),
(127, 121, 'Mr.', 'RAKESH', '', 'DANGI', 'MALE', '1994-08-14', NULL, 'Unknown', NULL, NULL, '2016-07-18', 'RAKESH_121.jpg', NULL, 9114215238, 121, ''),
(128, 122, 'Mr.', 'SAGAR ', '', 'LASHKARI', 'MALE', '1996-07-06', NULL, 'Unknown', NULL, NULL, '2016-09-08', 'SAGAR _122.jpg', NULL, 9424436560, 122, ''),
(129, 123, 'Mr.', 'BHARAT ', '', 'VERMA', 'MALE', '1998-09-09', NULL, 'Unknown', NULL, NULL, '2016-07-08', 'BHARAT _123.jpg', NULL, NULL, 123, ''),
(130, 124, 'Mr.', 'MANISH ', '', 'PAL ', 'MALE', '1996-01-01', NULL, 'Unknown', NULL, NULL, '2016-07-19', 'MANISH _124.jpg', NULL, 9977520248, 124, ''),
(131, 125, 'Mr.', 'MOHAN', '', 'VERMA', 'MALE', '1995-05-20', NULL, 'Unknown', NULL, NULL, '2016-06-30', 'MOHAN_125.jpg', NULL, 7693831478, 125, ''),
(132, 126, 'Mr.', 'POOJA', '', 'PUSHPAD', 'MALE', '1994-08-14', NULL, 'Unknown', NULL, NULL, '2016-07-26', 'POOJA_126.jpg', NULL, 7582828612, 126, ''),
(138, 127, 'Mr.', 'RADHESHAYAM  ', '', 'VERMA', 'MALE', '1986-09-05', NULL, 'Unknown', '', '', '2016-06-20', 'RADHESHAYAM  _127.jpg', '', 9981959951, 127, ''),
(139, 128, 'Mr.', 'SADIQ', '', 'MANSOORI', 'MALE', '1998-07-08', NULL, 'Unknown', NULL, NULL, '2016-06-22', 'SADIQ_128.jpg', NULL, 7509811600, 128, ''),
(140, 129, 'Mr.', 'ANJU', '', 'PUSHPAD', 'FEMALE', '1998-08-15', NULL, 'Unknown', NULL, NULL, '2016-08-10', 'ANJU_129.jpg', NULL, 8602566019, 129, '');

-- --------------------------------------------------------

--
-- Table structure for table `stu_master`
--

CREATE TABLE IF NOT EXISTS `stu_master` (
  `stu_master_id` int(11) NOT NULL AUTO_INCREMENT,
  `stu_master_stu_info_id` int(11) NOT NULL,
  `stu_master_user_id` int(11) NOT NULL,
  `stu_master_nationality_id` int(11) DEFAULT NULL,
  `stu_master_category_id` int(11) DEFAULT NULL,
  `stu_master_course_id` int(11) NOT NULL,
  `stu_master_batch_id` int(11) NOT NULL,
  `stu_master_section_id` int(11) NOT NULL,
  `stu_master_stu_status_id` int(11) NOT NULL DEFAULT '0',
  `stu_master_stu_address_id` int(11) NOT NULL,
  `created_at` datetime NOT NULL,
  `created_by` int(11) NOT NULL,
  `updated_at` datetime DEFAULT NULL,
  `updated_by` int(11) DEFAULT NULL,
  `is_status` tinyint(1) NOT NULL DEFAULT '0',
  PRIMARY KEY (`stu_master_id`),
  UNIQUE KEY `stu_master_stu_info_id` (`stu_master_stu_info_id`),
  UNIQUE KEY `stu_master_user_id` (`stu_master_user_id`),
  KEY `stu_master_nationality_id` (`stu_master_nationality_id`),
  KEY `stu_master_category` (`stu_master_category_id`),
  KEY `stu_master_course_id` (`stu_master_course_id`),
  KEY `stu_master_batch_id` (`stu_master_batch_id`),
  KEY `stu_master_section_id` (`stu_master_section_id`),
  KEY `stu_master_stu_address_id` (`stu_master_stu_address_id`),
  KEY `created_by` (`created_by`),
  KEY `updated_by` (`updated_by`),
  KEY `stu_master_stu_info_id_fng` (`stu_master_stu_info_id`)
) ENGINE=InnoDB  DEFAULT CHARSET=utf8 AUTO_INCREMENT=130 ;

--
-- Dumping data for table `stu_master`
--

INSERT INTO `stu_master` (`stu_master_id`, `stu_master_stu_info_id`, `stu_master_user_id`, `stu_master_nationality_id`, `stu_master_category_id`, `stu_master_course_id`, `stu_master_batch_id`, `stu_master_section_id`, `stu_master_stu_status_id`, `stu_master_stu_address_id`, `created_at`, `created_by`, `updated_at`, `updated_by`, `is_status`) VALUES
(1, 1, 2, 1, 1, 1, 1, 1, 0, 1, '2015-05-27 15:46:54', 1, '2016-12-19 07:16:41', 1, 2),
(2, 2, 3, 3, 1, 2, 2, 2, 1, 2, '2015-05-27 15:49:17', 1, '2016-12-19 07:16:05', 1, 2),
(3, 3, 5, 2, 1, 3, 3, 3, 0, 3, '2015-05-27 15:52:16', 1, '2016-12-19 07:16:00', 1, 2),
(4, 4, 6, 1, 1, 4, 4, 4, 0, 4, '2015-05-27 15:54:31', 1, '2016-12-19 07:15:56', 1, 2),
(5, 5, 7, 3, 1, 5, 5, 5, 0, 5, '2015-05-27 15:56:35', 1, '2016-12-19 07:15:53', 1, 2),
(6, 6, 8, 1, 1, 1, 1, 1, 0, 6, '2015-05-27 15:58:01', 1, '2016-12-19 07:15:49', 1, 2),
(7, 7, 9, 1, 1, 1, 1, 1, 0, 7, '2015-05-27 15:58:55', 1, '2016-12-19 07:15:46', 1, 2),
(8, 8, 10, 1, 1, 1, 1, 1, 0, 8, '2015-05-27 15:59:46', 1, '2016-12-19 07:15:42', 1, 2),
(9, 9, 11, 1, 1, 1, 1, 1, 0, 9, '2015-05-27 16:00:36', 1, '2016-12-19 07:15:38', 1, 2),
(10, 10, 12, 3, 3, 2, 2, 2, 0, 10, '2015-05-27 16:03:10', 1, '2016-12-19 07:15:34', 1, 2),
(11, 11, 13, 1, 1, 3, 3, 3, 0, 11, '2015-05-27 16:04:12', 1, '2016-12-19 07:15:28', 1, 2),
(12, 12, 14, 1, 1, 4, 4, 4, 0, 12, '2015-05-27 16:05:04', 1, '2016-12-19 06:56:23', 1, 2),
(13, 13, 16, 1, NULL, 5, 5, 5, 0, 13, '2015-05-27 16:05:57', 1, '2016-12-19 06:56:18', 1, 2),
(14, 14, 17, 4, 3, 2, 2, 2, 0, 14, '2015-05-27 16:07:27', 1, '2016-12-19 06:56:15', 1, 2),
(15, 15, 18, NULL, 3, 3, 3, 3, 0, 15, '2015-05-27 16:09:01', 1, '2016-12-19 06:56:10', 1, 2),
(16, 16, 34, 1, 7, 1, 1, 1, 0, 16, '2016-12-16 06:57:38', 1, '2016-12-19 06:56:05', 1, 2),
(17, 17, 35, 1, 4, 1, 1, 1, 0, 17, '2016-12-17 09:15:15', 1, '2016-12-17 10:36:15', 1, 2),
(18, 18, 36, 1, 4, 6, 6, 6, 0, 18, '2016-12-19 07:28:14', 1, '2016-12-20 07:49:52', 1, 0),
(19, 19, 37, 1, 4, 6, 6, 6, 0, 19, '2016-12-19 07:57:34', 1, '2016-12-20 07:53:10', 1, 0),
(20, 20, 38, 1, 6, 6, 6, 6, 0, 20, '2016-12-20 07:56:50', 1, '2016-12-20 07:58:18', 1, 0),
(21, 21, 39, 1, 4, 6, 6, 6, 0, 21, '2016-12-20 08:13:46', 1, '2016-12-20 08:15:36', 1, 0),
(22, 22, 40, 1, 6, 6, 6, 6, 0, 22, '2016-12-20 08:34:52', 1, '2016-12-20 08:40:50', 1, 0),
(23, 23, 41, 1, 4, 6, 6, 6, 0, 23, '2016-12-20 09:08:07', 1, '2016-12-20 09:08:57', 1, 0),
(24, 24, 42, 1, 4, 6, 6, 6, 0, 24, '2016-12-21 06:01:13', 1, '2016-12-21 06:01:42', 1, 0),
(25, 25, 43, 1, 4, 6, 6, 6, 0, 25, '2016-12-21 06:29:50', 1, '2016-12-21 06:30:44', 1, 0),
(26, 26, 44, 1, 4, 6, 6, 6, 0, 26, '2016-12-21 06:48:31', 1, '2016-12-21 06:50:39', 1, 0),
(27, 27, 45, 1, 4, 6, 6, 6, 0, 27, '2016-12-21 07:13:37', 1, '2016-12-21 07:14:48', 1, 0),
(28, 28, 46, 1, 4, 6, 6, 6, 0, 28, '2016-12-21 07:26:26', 1, '2016-12-21 07:27:14', 1, 0),
(29, 29, 47, 1, 4, 6, 6, 6, 0, 29, '2016-12-21 07:37:23', 1, '2016-12-21 07:37:53', 1, 0),
(30, 30, 48, 1, 4, 6, 6, 6, 0, 30, '2016-12-21 07:55:53', 1, '2016-12-21 08:02:14', 1, 0),
(31, 31, 49, 1, 4, 6, 6, 6, 0, 31, '2016-12-21 08:07:02', 1, '2016-12-21 08:09:49', 1, 0),
(32, 34, 50, 1, 4, 6, 6, 6, 0, 32, '2016-12-21 08:24:41', 1, '2016-12-21 08:26:12', 1, 0),
(33, 35, 51, 1, 4, 6, 6, 6, 0, 33, '2016-12-21 08:44:51', 1, '2016-12-21 08:45:30', 1, 0),
(34, 36, 52, 1, 4, 6, 6, 6, 0, 34, '2016-12-21 08:53:22', 1, '2016-12-21 08:54:04', 1, 0),
(35, 37, 53, 1, 4, 6, 6, 6, 0, 35, '2016-12-21 09:03:56', 1, '2016-12-21 09:04:46', 1, 0),
(36, 38, 54, 1, 4, 6, 6, 6, 0, 36, '2016-12-21 09:11:59', 1, '2016-12-21 09:15:51', 1, 0),
(37, 39, 55, 1, 4, 6, 6, 6, 0, 37, '2016-12-21 09:19:52', 1, '2016-12-21 09:20:20', 1, 0),
(38, 40, 56, 1, 4, 6, 6, 6, 0, 38, '2016-12-21 09:27:01', 1, '2016-12-21 09:49:15', 1, 2),
(39, 41, 57, 1, 4, 6, 6, 6, 0, 39, '2016-12-21 09:43:55', 1, NULL, NULL, 0),
(40, 42, 58, 1, 4, 6, 6, 6, 0, 40, '2016-12-21 09:50:29', 1, '2016-12-21 09:51:04', 1, 0),
(41, 43, 59, 1, 6, 6, 6, 6, 0, 41, '2016-12-21 10:02:06', 1, '2016-12-21 10:02:31', 1, 0),
(42, 44, 60, 1, 4, 6, 6, 6, 0, 42, '2016-12-21 10:20:14', 1, '2016-12-21 10:25:30', 1, 0),
(43, 45, 61, 1, 2, 6, 6, 6, 0, 43, '2016-12-21 10:28:14', 1, '2016-12-21 10:28:55', 1, 0),
(44, 46, 62, 1, 4, 6, 6, 6, 0, 44, '2016-12-21 10:34:13', 1, '2016-12-21 10:38:18', 1, 0),
(45, 47, 63, 1, 4, 6, 6, 6, 0, 45, '2016-12-21 10:41:30', 1, NULL, NULL, 0),
(46, 48, 64, 1, 4, 6, 6, 6, 0, 46, '2016-12-21 10:48:44', 1, '2016-12-21 10:49:17', 1, 0),
(47, 49, 65, 1, 4, 6, 6, 6, 0, 47, '2016-12-21 10:56:01', 1, '2016-12-21 10:59:33', 1, 0),
(48, 50, 66, 1, 4, 6, 6, 6, 0, 48, '2016-12-21 11:06:59', 1, '2016-12-21 11:07:23', 1, 0),
(49, 51, 67, 1, 4, 6, 7, 7, 0, 49, '2016-12-22 08:49:55', 1, '2016-12-22 08:51:53', 1, 0),
(50, 52, 68, 1, 4, 6, 7, 7, 0, 50, '2016-12-22 08:59:11', 1, '2016-12-23 10:11:49', 1, 2),
(51, 53, 69, 1, 6, 6, 7, 7, 0, 51, '2016-12-22 09:06:14', 1, '2016-12-22 09:07:08', 1, 0),
(52, 54, 70, 1, 4, 6, 7, 7, 0, 52, '2016-12-22 09:32:34', 1, '2016-12-22 09:35:18', 1, 0),
(53, 55, 71, 1, 4, 6, 7, 7, 0, 53, '2016-12-22 09:39:52', 1, '2016-12-22 09:40:17', 1, 0),
(54, 56, 72, 1, 4, 6, 7, 7, 0, 54, '2016-12-22 09:48:28', 1, '2016-12-22 09:52:19', 1, 0),
(55, 57, 73, 1, 4, 6, 7, 7, 0, 55, '2016-12-22 09:58:57', 1, '2016-12-22 09:59:43', 1, 0),
(56, 60, 74, 1, 4, 6, 7, 7, 0, 56, '2016-12-22 10:07:54', 1, '2016-12-22 10:09:49', 1, 0),
(57, 61, 75, 1, 4, 6, 7, 7, 0, 57, '2016-12-22 10:14:27', 1, '2016-12-22 10:15:23', 1, 0),
(58, 62, 76, 1, 4, 6, 7, 7, 0, 58, '2016-12-22 10:19:36', 1, '2016-12-22 10:20:31', 1, 0),
(59, 63, 77, 1, 4, 6, 7, 7, 0, 59, '2016-12-22 10:28:26', 1, '2016-12-22 10:28:42', 1, 0),
(60, 64, 78, 1, 4, 6, 7, 7, 0, 60, '2016-12-22 10:41:33', 1, '2016-12-22 10:43:24', 1, 0),
(61, 65, 79, 1, 4, 6, 7, 7, 0, 61, '2016-12-22 10:47:48', 1, '2016-12-22 10:49:03', 1, 0),
(62, 66, 80, 1, 4, 6, 7, 7, 0, 62, '2016-12-22 10:55:43', 1, '2016-12-22 10:56:25', 1, 0),
(63, 67, 81, 1, 4, 6, 7, 7, 0, 63, '2016-12-22 11:01:09', 1, '2016-12-22 11:02:49', 1, 0),
(64, 68, 82, 1, 4, 6, 7, 7, 0, 64, '2016-12-22 11:09:21', 1, '2016-12-22 11:10:18', 1, 0),
(65, 69, 83, 1, 4, 6, 7, 7, 0, 65, '2016-12-22 11:17:32', 1, NULL, NULL, 0),
(66, 70, 84, 1, 4, 6, 7, 7, 0, 66, '2016-12-22 11:21:56', 1, '2016-12-22 11:25:28', 1, 0),
(67, 71, 85, 1, 4, 6, 7, 7, 0, 67, '2016-12-23 09:08:18', 1, NULL, NULL, 0),
(68, 72, 86, 1, 4, 6, 7, 7, 0, 68, '2016-12-23 09:16:11', 1, '2016-12-23 09:29:08', 1, 0),
(69, 73, 87, 1, 6, 6, 7, 7, 0, 69, '2016-12-23 09:42:34', 1, NULL, NULL, 0),
(70, 74, 88, 1, 4, 6, 7, 7, 0, 70, '2016-12-23 10:51:48', 1, '2016-12-23 10:52:36', 1, 0),
(71, 75, 89, 1, 4, 7, 8, 9, 0, 71, '2016-12-26 09:13:00', 1, '2016-12-26 09:14:54', 1, 0),
(72, 76, 90, 1, 4, 7, 8, 9, 0, 72, '2016-12-26 09:46:31', 1, '2016-12-26 09:48:32', 1, 0),
(73, 77, 91, 1, 4, 7, 8, 9, 0, 73, '2016-12-26 09:54:11', 1, '2016-12-26 09:56:03', 1, 0),
(74, 78, 92, 1, 4, 7, 8, 9, 0, 74, '2016-12-26 10:00:29', 1, '2016-12-26 10:14:42', 1, 0),
(75, 79, 93, 1, 4, 7, 8, 9, 0, 75, '2016-12-26 10:20:11', 1, '2016-12-26 10:20:52', 1, 0),
(76, 80, 94, 1, 7, 7, 8, 9, 0, 76, '2016-12-26 10:25:35', 1, '2016-12-26 10:26:12', 1, 0),
(77, 81, 95, 1, 4, 7, 8, 9, 0, 77, '2016-12-26 10:31:40', 1, '2016-12-26 10:32:30', 1, 0),
(78, 82, 96, 1, 4, 7, 8, 9, 0, 78, '2016-12-26 10:38:06', 1, '2016-12-26 10:41:08', 1, 0),
(79, 83, 97, 1, 4, 7, 8, 9, 0, 79, '2016-12-26 10:53:06', 1, '2016-12-26 10:54:05', 1, 0),
(80, 84, 98, 1, 4, 7, 8, 9, 0, 80, '2016-12-26 10:58:44', 1, '2016-12-26 11:00:01', 1, 0),
(81, 85, 99, 1, 4, 7, 8, 9, 0, 81, '2016-12-26 11:19:56', 1, NULL, NULL, 0),
(82, 87, 100, 1, 4, 7, 8, 9, 0, 82, '2016-12-26 11:35:49', 1, '2016-12-26 11:36:29', 1, 0),
(83, 88, 101, 1, 2, 7, 8, 9, 0, 83, '2016-12-28 06:08:46', 1, '2016-12-28 06:10:51', 1, 0),
(84, 89, 102, 1, 4, 7, 8, 9, 0, 84, '2016-12-28 06:25:47', 1, '2016-12-28 06:26:38', 1, 0),
(85, 90, 103, 1, NULL, 7, 8, 9, 0, 85, '2016-12-28 06:51:37', 1, '2016-12-28 06:53:23', 1, 0),
(86, 91, 104, 1, 4, 7, 8, 9, 0, 86, '2016-12-28 06:59:46', 1, '2016-12-28 07:00:23', 1, 0),
(87, 92, 105, 1, 7, 7, 8, 9, 0, 87, '2016-12-28 07:05:17', 1, '2016-12-28 07:06:04', 1, 0),
(88, 93, 106, 1, 4, 7, 8, 9, 0, 88, '2016-12-28 07:09:29', 1, '2016-12-28 07:10:19', 1, 0),
(89, 94, 107, 1, 4, 8, 9, 11, 0, 89, '2016-12-28 09:50:33', 1, '2016-12-28 09:52:23', 1, 0),
(90, 95, 108, 1, 2, 8, 9, 11, 0, 90, '2016-12-28 10:05:37', 1, NULL, NULL, 0),
(91, 96, 109, 1, 6, 8, 9, 11, 0, 91, '2016-12-28 10:11:49', 1, '2016-12-28 10:13:03', 1, 0),
(92, 97, 110, 1, 4, 8, 9, 11, 0, 92, '2016-12-28 10:24:50', 1, '2016-12-28 10:26:23', 1, 0),
(93, 98, 111, 1, 4, 8, 9, 11, 0, 93, '2016-12-28 10:29:09', 1, NULL, NULL, 0),
(94, 99, 112, 1, 4, 8, 9, 11, 0, 94, '2016-12-28 10:31:52', 1, '2016-12-28 10:32:31', 1, 0),
(95, 100, 113, 1, 6, 8, 9, 11, 0, 95, '2016-12-28 10:35:16', 1, '2016-12-28 10:36:22', 1, 0),
(96, 102, 114, 1, 4, 8, 9, 11, 0, 96, '2016-12-28 10:39:30', 1, '2016-12-28 10:40:02', 1, 0),
(97, 103, 115, 1, 4, 8, 9, 11, 0, 97, '2016-12-28 10:44:21', 1, '2016-12-28 10:45:07', 1, 0),
(98, 104, 116, 1, 4, 8, 9, 11, 0, 98, '2016-12-28 10:48:56', 1, NULL, NULL, 0),
(99, 105, 117, 1, 4, 8, 9, 11, 0, 99, '2016-12-28 10:51:55', 1, '2016-12-28 10:52:32', 1, 0),
(100, 106, 118, 1, 4, 8, 9, 11, 0, 100, '2016-12-28 10:55:05', 1, '2016-12-28 10:55:39', 1, 0),
(101, 107, 119, 1, 4, 8, 9, 11, 0, 101, '2016-12-28 10:59:46', 1, '2016-12-28 11:00:56', 1, 0),
(102, 108, 120, 1, 4, 8, 9, 11, 0, 102, '2016-12-28 11:03:18', 1, '2016-12-28 11:04:00', 1, 0),
(103, 109, 121, 1, 4, 8, 9, 11, 0, 103, '2016-12-28 11:06:57', 1, '2016-12-28 11:07:31', 1, 0),
(104, 110, 122, 1, 4, 8, 9, 11, 0, 104, '2016-12-28 11:10:13', 1, NULL, NULL, 0),
(105, 111, 123, 1, 6, 8, 9, 11, 0, 105, '2016-12-28 11:14:13', 1, '2016-12-28 11:15:07', 1, 0),
(106, 112, 124, 1, 4, 8, 9, 11, 0, 106, '2016-12-28 11:18:09', 1, NULL, NULL, 0),
(107, 113, 125, 1, 4, 8, 9, 11, 0, 107, '2016-12-28 11:21:24', 1, '2016-12-28 11:22:11', 1, 0),
(108, 114, 126, 1, 4, 8, 9, 11, 0, 108, '2016-12-28 11:25:04', 1, '2017-02-04 06:49:43', 1, 0),
(109, 115, 128, 1, 4, 9, 10, 12, 0, 109, '2017-01-10 06:50:25', 1, '2017-01-30 10:37:20', 1, 2),
(110, 116, 129, 1, 4, 9, 10, 12, 0, 110, '2017-01-10 07:30:39', 1, '2017-01-30 10:33:25', 1, 2),
(111, 117, 130, 1, 4, 9, 10, 12, 0, 111, '2017-01-10 07:35:41', 1, '2017-01-10 07:36:49', 1, 2),
(112, 118, 131, 1, 4, 9, 10, 12, 0, 112, '2017-01-11 05:54:40', 1, '2017-01-30 10:29:53', 1, 2),
(113, 119, 132, 1, 4, 9, 10, 12, 0, 113, '2017-01-11 05:58:34', 1, '2017-01-30 10:26:06', 1, 2),
(114, 120, 133, 1, 4, 9, 10, 12, 0, 114, '2017-01-11 06:01:27', 1, '2017-01-30 10:22:48', 1, 2),
(115, 121, 134, 1, 4, 9, 10, 12, 0, 115, '2017-01-11 06:04:24', 1, '2017-01-30 10:19:32', 1, 2),
(116, 122, 135, 1, 4, 9, 10, 12, 0, 116, '2017-01-11 06:07:46', 1, '2017-01-30 10:12:26', 1, 2),
(117, 123, 136, 1, 6, 9, 10, 12, 0, 117, '2017-01-11 06:11:41', 1, '2017-01-30 10:09:00', 1, 2),
(118, 124, 137, 1, 4, 9, 10, 12, 0, 118, '2017-01-11 06:34:15', 1, '2017-01-30 10:04:15', 1, 2),
(119, 125, 138, 1, 4, 9, 10, 12, 0, 119, '2017-01-11 06:49:52', 1, '2017-01-30 10:01:10', 1, 2),
(120, 126, 139, 1, 6, 10, 11, 13, 0, 120, '2017-01-11 07:09:41', 1, '2017-01-30 09:57:41', 1, 2),
(121, 127, 140, 1, 4, 10, 11, 13, 0, 121, '2017-01-11 07:12:09', 1, '2017-01-30 09:54:54', 1, 2),
(122, 128, 141, 1, 4, 10, 11, 13, 0, 122, '2017-01-11 07:17:37', 1, '2017-01-30 09:50:24', 1, 2),
(123, 129, 142, 1, 6, 10, 11, 13, 0, 123, '2017-01-11 07:23:45', 1, '2017-01-30 09:47:26', 1, 2),
(124, 130, 143, 1, 4, 10, 11, 13, 0, 124, '2017-01-11 07:25:38', 1, '2017-01-30 09:44:46', 1, 2),
(125, 131, 144, 1, 6, 10, 11, 13, 0, 125, '2017-01-11 07:28:39', 1, '2017-01-30 09:42:14', 1, 2),
(126, 132, 145, 1, 4, 10, 11, 13, 0, 126, '2017-01-11 07:31:03', 1, '2017-01-30 09:38:49', 1, 2),
(127, 138, 146, 1, 6, 10, 11, 13, 0, 127, '2017-01-11 07:43:40', 1, '2017-01-30 09:29:52', 1, 2),
(128, 139, 147, 1, 4, 10, 11, 13, 0, 128, '2017-01-11 07:45:58', 1, '2017-01-30 09:25:55', 1, 2),
(129, 140, 148, 1, 4, 10, 11, 13, 0, 129, '2017-01-11 07:48:54', 1, '2017-01-30 09:20:57', 1, 2);

-- --------------------------------------------------------

--
-- Table structure for table `stu_status`
--

CREATE TABLE IF NOT EXISTS `stu_status` (
  `stu_status_id` int(11) NOT NULL AUTO_INCREMENT,
  `stu_status_name` varchar(50) NOT NULL,
  `stu_status_description` varchar(100) NOT NULL,
  `created_at` datetime NOT NULL,
  `created_by` int(11) NOT NULL,
  `updated_at` datetime DEFAULT NULL,
  `updated_by` int(11) DEFAULT NULL,
  `is_status` tinyint(1) NOT NULL DEFAULT '0',
  PRIMARY KEY (`stu_status_id`),
  UNIQUE KEY `stu_status_name` (`stu_status_name`),
  KEY `updated_by` (`updated_by`),
  KEY `created_by` (`created_by`)
) ENGINE=InnoDB  DEFAULT CHARSET=utf8 AUTO_INCREMENT=5 ;

--
-- Dumping data for table `stu_status`
--

INSERT INTO `stu_status` (`stu_status_id`, `stu_status_name`, `stu_status_description`, `created_at`, `created_by`, `updated_at`, `updated_by`, `is_status`) VALUES
(1, 'Rejoin', 'Rejoin', '2015-05-27 15:43:22', 1, NULL, NULL, 0),
(2, 'Detain', 'Detain', '2015-05-27 15:44:12', 1, NULL, NULL, 0),
(3, 'Pass out', 'Pass out', '2015-05-27 15:44:37', 1, NULL, NULL, 0),
(4, 'NEW', 'FRESH / GENRAL', '2016-12-22 06:56:48', 1, '2016-12-22 06:57:11', 1, 0);

-- --------------------------------------------------------

--
-- Table structure for table `users`
--

CREATE TABLE IF NOT EXISTS `users` (
  `user_id` int(11) NOT NULL AUTO_INCREMENT,
  `user_login_id` varchar(65) NOT NULL,
  `user_password` varchar(150) NOT NULL,
  `user_type` char(2) NOT NULL,
  `is_block` tinyint(1) NOT NULL DEFAULT '0',
  `created_at` datetime NOT NULL,
  `created_by` int(11) NOT NULL,
  `updated_at` datetime DEFAULT NULL,
  `updated_by` int(11) DEFAULT NULL,
  PRIMARY KEY (`user_id`),
  UNIQUE KEY `user_login_id` (`user_login_id`),
  KEY `updated_by` (`updated_by`),
  KEY `created_by` (`created_by`)
) ENGINE=InnoDB  DEFAULT CHARSET=utf8 AUTO_INCREMENT=149 ;

--
-- Dumping data for table `users`
--

INSERT INTO `users` (`user_id`, `user_login_id`, `user_password`, `user_type`, `is_block`, `created_at`, `created_by`, `updated_at`, `updated_by`) VALUES
(1, 'admin', 'f6fdffe48c908deb0f4c3bd36c032e72', 'A', 0, '2015-05-27 15:15:15', 1, NULL, NULL),
(2, 'STU1', '9eec8bdac758e026f61eceea1643bcf6', 'S', 0, '2015-05-27 15:46:53', 1, NULL, NULL),
(3, 'STU2', '988336da8e17651761c198904aaa4468', 'S', 0, '2015-05-27 15:49:16', 1, NULL, NULL),
(4, 'EMP1', '2e456720df11dd2a263db708885278dd', 'E', 0, '2015-05-27 15:49:34', 1, NULL, NULL),
(5, 'STU3', '9d181ca9c5e0be7f0eee5fdbc49502e8', 'S', 0, '2015-05-27 15:52:16', 1, NULL, NULL),
(6, 'STU4', '8b7f68fe1bdeeea6d83a99c4c311bf17', 'S', 0, '2015-05-27 15:54:31', 1, NULL, NULL),
(7, 'STU5', 'cd1c5053334fdb94f7c30d1501cad621', 'S', 0, '2015-05-27 15:56:35', 1, NULL, NULL),
(8, 'STU6', '77df347c204b524bd3771095bcefa07a', 'S', 0, '2015-05-27 15:58:01', 1, NULL, NULL),
(9, 'STU7', 'f1f9b64bf9cee88c7b27e74369dfa4bb', 'S', 0, '2015-05-27 15:58:55', 1, NULL, NULL),
(10, 'STU8', '72858da985e41515fc3ea732d7ecfeb3', 'S', 0, '2015-05-27 15:59:46', 1, NULL, NULL),
(11, 'STU9', 'eed13ada411f4541fd1dbefce171bd55', 'S', 0, '2015-05-27 16:00:36', 1, NULL, NULL),
(12, 'STU10', '182169fe3e8ae3a3f1f887f62d45451e', 'S', 0, '2015-05-27 16:03:09', 1, NULL, NULL),
(13, 'STU11', 'db58d86d9d2a2019fe975e253ff2a7e4', 'S', 0, '2015-05-27 16:04:12', 1, NULL, NULL),
(14, 'STU12', '23be7c1a3c95ba1f6eaa9809836d8929', 'S', 0, '2015-05-27 16:05:03', 1, NULL, NULL),
(15, 'EMP2', '71d0547b67a46cc258a5d5e42cdf8a38', 'E', 0, '2015-05-27 16:05:39', 1, NULL, NULL),
(16, 'STU13', '9b9e9054ae3fa03db69f5ffcb31de3bf', 'S', 0, '2015-05-27 16:05:57', 1, NULL, NULL),
(17, 'STU14', 'fc6b063ad199d819d91ea8abbad75f1d', 'S', 0, '2015-05-27 16:07:27', 1, NULL, NULL),
(18, 'student', '50d9482e20934ce6df0bf28941f885bc', 'S', 0, '2015-05-27 16:09:01', 1, '2015-05-28 15:23:18', 1),
(19, 'EMP3', '7dba0ef26119281c5b2401d1c3e438d7', 'E', 0, '2015-05-27 16:17:58', 1, NULL, NULL),
(20, 'EMP4', '70973454ecef4dc76f57a25fcccb5dff', 'E', 0, '2015-05-27 16:36:41', 1, NULL, NULL),
(21, 'EMP5', '67d1667c0a02dd6111f540ed67c9ef69', 'E', 0, '2015-05-27 16:44:05', 1, NULL, NULL),
(22, 'EMP6', 'b1a2a6d3a941c9beb37d90124752aa89', 'E', 0, '2015-05-27 16:52:30', 1, NULL, NULL),
(23, 'EMP7', '904a06c1c7b35546c1306ae8d899b5f4', 'E', 0, '2015-05-27 17:21:56', 1, NULL, NULL),
(24, 'EMP8', '3042ad16c7d7132aa812fe493020451a', 'E', 0, '2015-05-27 17:32:07', 1, NULL, NULL),
(25, 'EMP9', '4bfc2178e2b10cf04722fad23d96338f', 'E', 0, '2015-05-27 17:51:50', 1, NULL, NULL),
(26, 'EMP10', '372e13abd52819c24cf69b6176384713', 'E', 0, '2015-05-28 09:52:52', 1, NULL, NULL),
(27, 'EMP11', '64d35fe5e60a341cb5fabd8c510f9388', 'E', 0, '2015-05-28 10:04:55', 1, NULL, NULL),
(28, 'EMP12', '0232da60f0de39e94db7fd5af15237df', 'E', 0, '2015-05-28 10:16:16', 1, NULL, NULL),
(29, 'EMP13', '3fb9df001c51f2902ab47c5f8562b91d', 'E', 0, '2015-05-28 10:39:23', 1, NULL, NULL),
(30, 'EMP14', '53403031692143495b454aa55b99d4e4', 'E', 0, '2015-05-28 11:12:20', 1, NULL, NULL),
(31, 'EMP15', 'e28a9d86da3523c266ccd1e8fe230a41', 'E', 0, '2015-05-28 13:03:55', 1, NULL, NULL),
(32, 'EMP16', '49798c363d34f4c2716bc5494b2b380c', 'E', 0, '2015-05-28 13:11:32', 1, NULL, NULL),
(33, 'employee', '9c0967753a201ecde21ef29efa514761', 'E', 0, '2015-05-28 14:42:13', 1, '2015-05-28 15:23:38', 1),
(34, 'STU16', 'fa4b1cfe65560a7390e43543a9be291d', 'S', 0, '2016-12-16 06:57:38', 1, NULL, NULL),
(35, 'STU17', '77996729668e0123f3ec08d1fdfe144e', 'S', 0, '2016-12-17 09:15:15', 1, NULL, NULL),
(36, 'STU18', 'b4569a82431bce689e0abbafbc6b79c9', 'S', 0, '2016-12-19 07:28:14', 1, NULL, NULL),
(37, 'STU19', '30e0f2d9e909eebe18db41e7b27e59cb', 'S', 0, '2016-12-19 07:57:34', 1, NULL, NULL),
(38, 'STU20', '695cebbf00e8b2e9c8c90be0dfca8de8', 'S', 0, '2016-12-20 07:56:49', 1, NULL, NULL),
(39, 'STU21', 'fa82e140426893a50c4f98add9360525', 'S', 0, '2016-12-20 08:13:46', 1, NULL, NULL),
(40, 'STU22', 'fadfe092a73e7813b3d68c0dced50f8c', 'S', 0, '2016-12-20 08:34:52', 1, NULL, NULL),
(41, 'STU23', '55cbd08ecba38d322474dba30f6916f8', 'S', 0, '2016-12-20 09:08:07', 1, NULL, NULL),
(42, 'STU24', 'c7f0d78343a0d9d16294c8146765d8ec', 'S', 0, '2016-12-21 06:01:13', 1, NULL, NULL),
(43, 'STU25', 'd5269031a990313e243d0cea9fc1bfcb', 'S', 0, '2016-12-21 06:29:50', 1, NULL, NULL),
(44, 'STU26', '430ddc19d98513a0bb655d5fdbec3878', 'S', 0, '2016-12-21 06:48:31', 1, NULL, NULL),
(45, 'STU27', '094ccb5f63c10d3710e2619ca9a031be', 'S', 0, '2016-12-21 07:13:37', 1, NULL, NULL),
(46, 'STU28', '5e3cec3ad84d14677c98c1f928020b21', 'S', 0, '2016-12-21 07:26:26', 1, NULL, NULL),
(47, 'STU29', '66f43c5b7425371e79778d5e588d9eb2', 'S', 0, '2016-12-21 07:37:23', 1, NULL, NULL),
(48, 'STU30', 'cdd04d050058feb1f7182192af3a8a7d', 'S', 0, '2016-12-21 07:55:53', 1, NULL, NULL),
(49, 'STU31', '9953efabd409bbbaddd8e1f507438a8a', 'S', 0, '2016-12-21 08:07:02', 1, NULL, NULL),
(50, 'STU32', 'd4de4f9865475fa0522bd6a1bf050b97', 'S', 0, '2016-12-21 08:24:41', 1, NULL, NULL),
(51, 'STU33', 'e11b0bfb912410027f83867f0fd13cc6', 'S', 0, '2016-12-21 08:44:51', 1, NULL, NULL),
(52, 'STU34', 'b1b9446c4c0d00cfeda3027b23e5318f', 'S', 0, '2016-12-21 08:53:22', 1, NULL, NULL),
(53, 'STU35', '6cb71ebd9be41c3941da29cd3c3d8cae', 'S', 0, '2016-12-21 09:03:56', 1, NULL, NULL),
(54, 'STU36', 'ca1ee206c2f12a2226f3b52bee03f714', 'S', 0, '2016-12-21 09:11:59', 1, NULL, NULL),
(55, 'STU37', '4bf5eb633340902753b88cbc9eeaab54', 'S', 0, '2016-12-21 09:19:52', 1, NULL, NULL),
(56, 'STU38', 'f158553f88f735ee8f1d117901a55c48', 'S', 0, '2016-12-21 09:27:01', 1, NULL, NULL),
(57, 'STU39', 'e5efc4ef7768cef52f6130eab05b4608', 'S', 0, '2016-12-21 09:43:55', 1, NULL, NULL),
(58, 'STU40', 'de6583771b6af36e37eecb057147c06a', 'S', 0, '2016-12-21 09:50:29', 1, NULL, NULL),
(59, 'STU41', '0d7e0638c917b01a2dfc433d17503338', 'S', 0, '2016-12-21 10:02:06', 1, NULL, NULL),
(60, 'STU42', '9fc0247260fb0c5970300e454b675355', 'S', 0, '2016-12-21 10:20:14', 1, NULL, NULL),
(61, 'STU43', 'eb8b4ae3bd08c8403df98a6cf14d6d06', 'S', 0, '2016-12-21 10:28:14', 1, NULL, NULL),
(62, 'STU44', '8eea35f3220126cdf1fbbac46bff28a0', 'S', 0, '2016-12-21 10:34:13', 1, NULL, NULL),
(63, 'STU45', '6f345790cb7132af655042436a6ec143', 'S', 0, '2016-12-21 10:41:30', 1, NULL, NULL),
(64, 'STU46', 'a9e0aaca959220f702806726b822e82f', 'S', 0, '2016-12-21 10:48:44', 1, NULL, NULL),
(65, 'STU47', 'ddeaca2ade7d58fed92a69ad2f558ce2', 'S', 0, '2016-12-21 10:56:01', 1, NULL, NULL),
(66, 'STU48', '4d3af4e359da93f9a8c4702f45447aa4', 'S', 0, '2016-12-21 11:06:59', 1, NULL, NULL),
(67, 'STU49', '7510677713e3ea6b5c9dacb4a2fdee10', 'S', 0, '2016-12-22 08:49:55', 1, NULL, NULL),
(68, 'STU50', 'c683c65b98947a83a0e3d2a8250d165d', 'S', 0, '2016-12-22 08:59:11', 1, NULL, NULL),
(69, 'STU51', 'dc09c180ff153fbe2d87fcbcc054354b', 'S', 0, '2016-12-22 09:06:14', 1, NULL, NULL),
(70, 'STU52', '9efa895b7e837b10c4aa0f96d20c2970', 'S', 0, '2016-12-22 09:32:34', 1, NULL, NULL),
(71, 'STU53', '16fac4b0723f94239cf37fde88b0665d', 'S', 0, '2016-12-22 09:39:52', 1, NULL, NULL),
(72, 'STU54', '46c1e4c4b62e195a7671978a4e4570db', 'S', 0, '2016-12-22 09:48:28', 1, NULL, NULL),
(73, 'STU55', '7459253930e8ee2262613ffda7717071', 'S', 0, '2016-12-22 09:58:57', 1, NULL, NULL),
(74, 'STU56', '0361559077d4be0cbd93daa447bb9a68', 'S', 0, '2016-12-22 10:07:54', 1, NULL, NULL),
(75, 'STU57', 'ebd46e2359c9a6a6cf28074b52c78cd3', 'S', 0, '2016-12-22 10:14:27', 1, NULL, NULL),
(76, 'STU58', '6f2400151d208da092ae270444b712db', 'S', 0, '2016-12-22 10:19:36', 1, NULL, NULL),
(77, 'STU59', '93afe0e9a7f341dcf2127df5975f2ff3', 'S', 0, '2016-12-22 10:28:26', 1, NULL, NULL),
(78, 'STU60', '934b3d0f1e1fbe96b2be51fb48d82463', 'S', 0, '2016-12-22 10:41:33', 1, NULL, NULL),
(79, 'STU61', 'c60e6aea2bd8ae53559a08673efe958b', 'S', 0, '2016-12-22 10:47:48', 1, NULL, NULL),
(80, 'STU62', '1045d4fc6bcd7f438bba959c7d7b850f', 'S', 0, '2016-12-22 10:55:43', 1, NULL, NULL),
(81, 'STU63', '62ae59faaf45a637497f8dd6e87c397c', 'S', 0, '2016-12-22 11:01:09', 1, NULL, NULL),
(82, 'STU64', '128badd11f70825ff7bfc6f0603a7dfb', 'S', 0, '2016-12-22 11:09:21', 1, NULL, NULL),
(83, 'STU65', '4013e5edfb4336fc27949d19ddb8c845', 'S', 0, '2016-12-22 11:17:32', 1, NULL, NULL),
(84, 'STU66', 'a8ebef47a5983237b881c820b08c772f', 'S', 0, '2016-12-22 11:21:56', 1, NULL, NULL),
(85, 'STU67', '144d1812f09b95f8ae260079c0b4d96a', 'S', 0, '2016-12-23 09:08:18', 1, NULL, NULL),
(86, 'STU68', '6314f1283121cdf3d5a46cbfd1734ecf', 'S', 0, '2016-12-23 09:16:11', 1, NULL, NULL),
(87, 'STU69', '8ebff7524e89aafb7d9c2f50b12e7f5f', 'S', 0, '2016-12-23 09:42:34', 1, NULL, NULL),
(88, 'STU70', 'dd7a1e74f2a5f22c25a7cee132fa4fd0', 'S', 0, '2016-12-23 10:51:48', 1, NULL, NULL),
(89, 'STU71', '50d172398afccf8960d0e86dac630105', 'S', 0, '2016-12-26 09:13:00', 1, NULL, NULL),
(90, 'STU72', '6dffcc5162488cb1952ab95695f1439e', 'S', 0, '2016-12-26 09:46:31', 1, NULL, NULL),
(91, 'STU73', 'b38e295e0ac80e24d403cbaa0c2c90f1', 'S', 0, '2016-12-26 09:54:11', 1, NULL, NULL),
(92, 'STU74', 'ebf5f649e74d1374a398a45d9a8cd17a', 'S', 0, '2016-12-26 10:00:29', 1, NULL, NULL),
(93, 'STU75', 'c39c5974fcd7ceeeeaa3d7bcf0d77776', 'S', 0, '2016-12-26 10:20:11', 1, NULL, NULL),
(94, 'STU76', '66062b178766d52f6163ee3a4925f175', 'S', 0, '2016-12-26 10:25:35', 1, NULL, NULL),
(95, 'STU77', '267ba89a66fb7c58c8c45705eb86f6ec', 'S', 0, '2016-12-26 10:31:40', 1, NULL, NULL),
(96, 'STU78', 'b36b39d825936f4a653d030619a27817', 'S', 0, '2016-12-26 10:38:06', 1, NULL, NULL),
(97, 'STU79', '02662d583b8d0f0dce4f072f2c0aa3b0', 'S', 0, '2016-12-26 10:53:06', 1, NULL, NULL),
(98, 'STU80', '9e05c9651ff7a0d8ae875c46005ae38e', 'S', 0, '2016-12-26 10:58:44', 1, NULL, NULL),
(99, 'STU81', 'e15d22cc825debccc9df0cadee90dc91', 'S', 0, '2016-12-26 11:19:56', 1, NULL, NULL),
(100, 'STU82', 'ad3740c79ff4bccfff97797bb3e02bda', 'S', 0, '2016-12-26 11:35:49', 1, NULL, NULL),
(101, 'STU83', '17c9091d6920bbe5e432cabe16aa248e', 'S', 0, '2016-12-28 06:08:46', 1, NULL, NULL),
(102, 'STU84', '23d541358d02b4de49d7a06dfab7034c', 'S', 0, '2016-12-28 06:25:47', 1, NULL, NULL),
(103, 'STU85', 'cb71650d5eb478854fc1490dbe70fc6e', 'S', 0, '2016-12-28 06:51:37', 1, NULL, NULL),
(104, 'STU86', '9f08df6d114cc9e394b11521c8b2d9cc', 'S', 0, '2016-12-28 06:59:46', 1, NULL, NULL),
(105, 'STU87', '03a96e6a8d8e7efe6f03da8cc757dff8', 'S', 0, '2016-12-28 07:05:17', 1, NULL, NULL),
(106, 'STU88', 'a82876effe77d187bbf59ca79fa9ec85', 'S', 0, '2016-12-28 07:09:29', 1, NULL, NULL),
(107, 'STU89', 'd48837962f2e6c344c81531ede46daeb', 'S', 0, '2016-12-28 09:50:33', 1, NULL, NULL),
(108, 'STU90', '8789056cd3e27cab7a74f0c74c08cf9d', 'S', 0, '2016-12-28 10:05:37', 1, NULL, NULL),
(109, 'STU91', '7f8fc64af722efddffdfc11f8363d5a4', 'S', 0, '2016-12-28 10:11:49', 1, NULL, NULL),
(110, 'STU92', '6a12bb116c3949aab2f413da2fff43fc', 'S', 0, '2016-12-28 10:24:50', 1, NULL, NULL),
(111, 'STU93', '87bf4526ee2dcfd3025a24ff21f85a1d', 'S', 0, '2016-12-28 10:29:09', 1, NULL, NULL),
(112, 'STU94', '45f7eec6a003133014bde3a66264267b', 'S', 0, '2016-12-28 10:31:52', 1, NULL, NULL),
(113, 'STU95', 'a79c44609cc79327ebc7bab868ded775', 'S', 0, '2016-12-28 10:35:16', 1, NULL, NULL),
(114, 'STU96', 'd53e0823b2724a7ce6ae546da2c9d340', 'S', 0, '2016-12-28 10:39:30', 1, NULL, NULL),
(115, 'STU97', 'b132575ac780416e34ef7335e445235f', 'S', 0, '2016-12-28 10:44:21', 1, NULL, NULL),
(116, 'STU98', 'eeba80bb7a7bdc7183c25245bff75f60', 'S', 0, '2016-12-28 10:48:56', 1, NULL, NULL),
(117, 'STU99', '2df541e9d982bd2f169306bfc53092d7', 'S', 0, '2016-12-28 10:51:55', 1, NULL, NULL),
(118, 'STU100', '74322df6fe8e1c4a45573c05aa01d33d', 'S', 0, '2016-12-28 10:55:05', 1, NULL, NULL),
(119, 'STU101', '50373bd84bc54f77aa3d199e0330de8e', 'S', 0, '2016-12-28 10:59:46', 1, NULL, NULL),
(120, 'STU102', '62c94e2348ebf6c83a281ec98a1d9d7e', 'S', 0, '2016-12-28 11:03:18', 1, NULL, NULL),
(121, 'STU103', 'b76f8382b782940ecbb16f2549155eca', 'S', 0, '2016-12-28 11:06:57', 1, NULL, NULL),
(122, 'STU104', '0a5b0afd887035644fe9b140f97759af', 'S', 0, '2016-12-28 11:10:13', 1, NULL, NULL),
(123, 'STU105', '7c103d2ddf32a17a31879b5264a69d0d', 'S', 0, '2016-12-28 11:14:13', 1, NULL, NULL),
(124, 'STU106', '49a2716979926a5be876c7d51e614cd1', 'S', 0, '2016-12-28 11:18:09', 1, NULL, NULL),
(125, 'STU107', 'c7deab0d7a1fae310bd477020cf68138', 'S', 0, '2016-12-28 11:21:24', 1, NULL, NULL),
(126, 'STU108', '05b95df687f108a1f4cc5cebd12badb9', 'S', 0, '2016-12-28 11:25:04', 1, NULL, NULL),
(127, 'EMP18', '78828f77df93edd91dc1358146490fd6', 'E', 0, '2016-12-28 11:53:23', 1, NULL, NULL),
(128, 'STU109', 'c96017b4f4d34e2e4ac0f7b2cfedacb1', 'S', 0, '2017-01-10 06:50:25', 1, NULL, NULL),
(129, 'STU110', 'c4e6ee4f79a2471488ad3cc5c7123a8c', 'S', 0, '2017-01-10 07:30:39', 1, NULL, NULL),
(130, 'STU111', '086018fbbafcbdc40fd4b89f7894b1ff', 'S', 0, '2017-01-10 07:35:41', 1, NULL, NULL),
(131, 'STU112', '1a205ccf92b67a9ffc341fc26f9f15e3', 'S', 0, '2017-01-11 05:54:40', 1, NULL, NULL),
(132, 'STU113', 'b1ef0bab8e667716e53aedea216bf29e', 'S', 0, '2017-01-11 05:58:34', 1, NULL, NULL),
(133, 'STU114', '434f140f7a0d546e47949445a2a4f120', 'S', 0, '2017-01-11 06:01:27', 1, NULL, NULL),
(134, 'STU115', '8db8a382963dfe6ff3a95de4bad5b3e0', 'S', 0, '2017-01-11 06:04:24', 1, NULL, NULL),
(135, 'STU116', '41cb3701a0f4ff70c2c166e2ae076573', 'S', 0, '2017-01-11 06:07:46', 1, NULL, NULL),
(136, 'STU117', '36bd055aaa404a0a37f94528c9b9e6c8', 'S', 0, '2017-01-11 06:11:41', 1, NULL, NULL),
(137, 'STU118', 'd0b627e69925bbab91941b6381f36371', 'S', 0, '2017-01-11 06:34:15', 1, NULL, NULL),
(138, 'STU119', 'fc00950acd9e9dcea8f2a1a07fa7bc29', 'S', 0, '2017-01-11 06:49:52', 1, NULL, NULL),
(139, 'STU120', 'ded4572f7f085e320935fe308693e8e1', 'S', 0, '2017-01-11 07:09:41', 1, NULL, NULL),
(140, 'STU121', 'd82b90f200df25507608373a6836c117', 'S', 0, '2017-01-11 07:12:09', 1, NULL, NULL),
(141, 'STU122', '320512555c51f5d821651f2f9cc61d69', 'S', 0, '2017-01-11 07:17:37', 1, NULL, NULL),
(142, 'STU123', '5c382949c0b89abeca7441d8263a2168', 'S', 0, '2017-01-11 07:23:45', 1, NULL, NULL),
(143, 'STU124', 'a24cebfb3f8e99c8a2850a7b0584753c', 'S', 0, '2017-01-11 07:25:38', 1, NULL, NULL),
(144, 'STU125', '5fd62fb5d6e00a257ef13df771d916c2', 'S', 0, '2017-01-11 07:28:39', 1, NULL, NULL),
(145, 'STU126', '1138e45be319607ec5e55ec346595cf1', 'S', 0, '2017-01-11 07:31:03', 1, NULL, NULL),
(146, 'STU127', 'a1df703ee8a5fdd8c1b2d3785be4157d', 'S', 0, '2017-01-11 07:43:40', 1, NULL, NULL),
(147, 'STU128', '112b7a0a7e9bc124b8d6680a2b3f3666', 'S', 0, '2017-01-11 07:45:58', 1, NULL, NULL),
(148, 'STU129', '428a859de12e72f31a135594cc01a1b4', 'S', 0, '2017-01-11 07:48:54', 1, NULL, NULL);

--
-- Constraints for dumped tables
--

--
-- Constraints for table `auth_assignment`
--
ALTER TABLE `auth_assignment`
  ADD CONSTRAINT `auth_assignment_ibfk_1` FOREIGN KEY (`item_name`) REFERENCES `auth_item` (`name`) ON DELETE CASCADE ON UPDATE CASCADE;

--
-- Constraints for table `auth_item`
--
ALTER TABLE `auth_item`
  ADD CONSTRAINT `auth_item_ibfk_1` FOREIGN KEY (`rule_name`) REFERENCES `auth_rule` (`name`) ON DELETE SET NULL ON UPDATE CASCADE;

--
-- Constraints for table `auth_item_child`
--
ALTER TABLE `auth_item_child`
  ADD CONSTRAINT `auth_item_child_ibfk_1` FOREIGN KEY (`parent`) REFERENCES `auth_item` (`name`) ON DELETE CASCADE ON UPDATE CASCADE,
  ADD CONSTRAINT `auth_item_child_ibfk_2` FOREIGN KEY (`child`) REFERENCES `auth_item` (`name`) ON DELETE CASCADE ON UPDATE CASCADE;

--
-- Constraints for table `bank_master`
--
ALTER TABLE `bank_master`
  ADD CONSTRAINT `bank_master_ibfk_1` FOREIGN KEY (`created_by`) REFERENCES `users` (`user_id`),
  ADD CONSTRAINT `bank_master_ibfk_2` FOREIGN KEY (`updated_by`) REFERENCES `users` (`user_id`);

--
-- Constraints for table `batches`
--
ALTER TABLE `batches`
  ADD CONSTRAINT `batches_ibfk_3` FOREIGN KEY (`batch_course_id`) REFERENCES `courses` (`course_id`),
  ADD CONSTRAINT `batches_ibfk_4` FOREIGN KEY (`created_by`) REFERENCES `users` (`user_id`),
  ADD CONSTRAINT `batches_ibfk_5` FOREIGN KEY (`updated_by`) REFERENCES `users` (`user_id`);

--
-- Constraints for table `city`
--
ALTER TABLE `city`
  ADD CONSTRAINT `city_ibfk_1` FOREIGN KEY (`created_by`) REFERENCES `users` (`user_id`),
  ADD CONSTRAINT `city_ibfk_2` FOREIGN KEY (`updated_by`) REFERENCES `users` (`user_id`),
  ADD CONSTRAINT `city_ibfk_3` FOREIGN KEY (`city_state_id`) REFERENCES `state` (`state_id`),
  ADD CONSTRAINT `city_ibfk_4` FOREIGN KEY (`city_country_id`) REFERENCES `country` (`country_id`);

--
-- Constraints for table `country`
--
ALTER TABLE `country`
  ADD CONSTRAINT `country_ibfk_1` FOREIGN KEY (`created_by`) REFERENCES `users` (`user_id`),
  ADD CONSTRAINT `country_ibfk_2` FOREIGN KEY (`updated_by`) REFERENCES `users` (`user_id`);

--
-- Constraints for table `courses`
--
ALTER TABLE `courses`
  ADD CONSTRAINT `courses_ibfk_1` FOREIGN KEY (`created_by`) REFERENCES `users` (`user_id`),
  ADD CONSTRAINT `courses_ibfk_2` FOREIGN KEY (`updated_by`) REFERENCES `users` (`user_id`);

--
-- Constraints for table `document_category`
--
ALTER TABLE `document_category`
  ADD CONSTRAINT `document_category_ibfk_1` FOREIGN KEY (`created_by`) REFERENCES `users` (`user_id`),
  ADD CONSTRAINT `document_category_ibfk_2` FOREIGN KEY (`updated_by`) REFERENCES `users` (`user_id`);

--
-- Constraints for table `emp_address`
--
ALTER TABLE `emp_address`
  ADD CONSTRAINT `emp_address_ibfk_1` FOREIGN KEY (`emp_cadd_city`) REFERENCES `city` (`city_id`),
  ADD CONSTRAINT `emp_address_ibfk_2` FOREIGN KEY (`emp_cadd_state`) REFERENCES `state` (`state_id`),
  ADD CONSTRAINT `emp_address_ibfk_3` FOREIGN KEY (`emp_cadd_country`) REFERENCES `country` (`country_id`),
  ADD CONSTRAINT `emp_address_ibfk_4` FOREIGN KEY (`emp_padd_city`) REFERENCES `city` (`city_id`),
  ADD CONSTRAINT `emp_address_ibfk_5` FOREIGN KEY (`emp_padd_state`) REFERENCES `state` (`state_id`),
  ADD CONSTRAINT `emp_address_ibfk_6` FOREIGN KEY (`emp_padd_country`) REFERENCES `country` (`country_id`);

--
-- Constraints for table `emp_category`
--
ALTER TABLE `emp_category`
  ADD CONSTRAINT `emp_category_ibfk_1` FOREIGN KEY (`created_by`) REFERENCES `users` (`user_id`),
  ADD CONSTRAINT `emp_category_ibfk_2` FOREIGN KEY (`updated_by`) REFERENCES `users` (`user_id`);

--
-- Constraints for table `emp_department`
--
ALTER TABLE `emp_department`
  ADD CONSTRAINT `emp_department_ibfk_1` FOREIGN KEY (`created_by`) REFERENCES `users` (`user_id`),
  ADD CONSTRAINT `emp_department_ibfk_2` FOREIGN KEY (`updated_by`) REFERENCES `users` (`user_id`);

--
-- Constraints for table `emp_designation`
--
ALTER TABLE `emp_designation`
  ADD CONSTRAINT `emp_designation_ibfk_1` FOREIGN KEY (`created_by`) REFERENCES `users` (`user_id`),
  ADD CONSTRAINT `emp_designation_ibfk_2` FOREIGN KEY (`updated_by`) REFERENCES `users` (`user_id`);

--
-- Constraints for table `emp_docs`
--
ALTER TABLE `emp_docs`
  ADD CONSTRAINT `emp_docs_ibfk_1` FOREIGN KEY (`emp_docs_emp_master_id`) REFERENCES `emp_master` (`emp_master_id`),
  ADD CONSTRAINT `emp_docs_ibfk_2` FOREIGN KEY (`created_by`) REFERENCES `users` (`user_id`);

--
-- Constraints for table `emp_info`
--
ALTER TABLE `emp_info`
  ADD CONSTRAINT `emp_info_ibfk_3` FOREIGN KEY (`emp_info_emp_master_id`) REFERENCES `emp_master` (`emp_master_id`);

--
-- Constraints for table `emp_master`
--
ALTER TABLE `emp_master`
  ADD CONSTRAINT `emp_master_ibfk_11` FOREIGN KEY (`emp_master_emp_info_id`) REFERENCES `emp_info` (`emp_info_id`) ON DELETE CASCADE ON UPDATE CASCADE,
  ADD CONSTRAINT `emp_master_ibfk_12` FOREIGN KEY (`emp_master_user_id`) REFERENCES `users` (`user_id`) ON DELETE CASCADE ON UPDATE CASCADE,
  ADD CONSTRAINT `emp_master_ibfk_13` FOREIGN KEY (`emp_master_department_id`) REFERENCES `emp_department` (`emp_department_id`) ON DELETE NO ACTION ON UPDATE NO ACTION,
  ADD CONSTRAINT `emp_master_ibfk_14` FOREIGN KEY (`emp_master_designation_id`) REFERENCES `emp_designation` (`emp_designation_id`) ON DELETE NO ACTION ON UPDATE NO ACTION,
  ADD CONSTRAINT `emp_master_ibfk_15` FOREIGN KEY (`emp_master_category_id`) REFERENCES `emp_category` (`emp_category_id`) ON DELETE NO ACTION ON UPDATE NO ACTION,
  ADD CONSTRAINT `emp_master_ibfk_16` FOREIGN KEY (`emp_master_nationality_id`) REFERENCES `nationality` (`nationality_id`) ON DELETE NO ACTION ON UPDATE NO ACTION,
  ADD CONSTRAINT `emp_master_ibfk_17` FOREIGN KEY (`emp_master_emp_address_id`) REFERENCES `emp_address` (`emp_address_id`) ON DELETE CASCADE ON UPDATE CASCADE,
  ADD CONSTRAINT `emp_master_ibfk_19` FOREIGN KEY (`created_by`) REFERENCES `users` (`user_id`) ON DELETE NO ACTION ON UPDATE NO ACTION,
  ADD CONSTRAINT `emp_master_ibfk_20` FOREIGN KEY (`updated_by`) REFERENCES `users` (`user_id`) ON DELETE NO ACTION ON UPDATE NO ACTION;

--
-- Constraints for table `emp_status`
--
ALTER TABLE `emp_status`
  ADD CONSTRAINT `emp_status_ibfk_1` FOREIGN KEY (`created_by`) REFERENCES `users` (`user_id`),
  ADD CONSTRAINT `emp_status_ibfk_2` FOREIGN KEY (`updated_by`) REFERENCES `users` (`user_id`);

--
-- Constraints for table `fees_category_details`
--
ALTER TABLE `fees_category_details`
  ADD CONSTRAINT `fees_category_details_ibfk_1` FOREIGN KEY (`fees_details_category_id`) REFERENCES `fees_collect_category` (`fees_collect_category_id`),
  ADD CONSTRAINT `fees_category_details_ibfk_2` FOREIGN KEY (`created_by`) REFERENCES `users` (`user_id`),
  ADD CONSTRAINT `fees_category_details_ibfk_3` FOREIGN KEY (`updated_by`) REFERENCES `users` (`user_id`);

--
-- Constraints for table `fees_collect_category`
--
ALTER TABLE `fees_collect_category`
  ADD CONSTRAINT `fees_collect_category_ibfk_1` FOREIGN KEY (`created_by`) REFERENCES `users` (`user_id`),
  ADD CONSTRAINT `fees_collect_category_ibfk_2` FOREIGN KEY (`updated_by`) REFERENCES `users` (`user_id`),
  ADD CONSTRAINT `fees_collect_category_ibfk_3` FOREIGN KEY (`fees_collect_batch_id`) REFERENCES `batches` (`batch_id`);

--
-- Constraints for table `fees_payment_transaction`
--
ALTER TABLE `fees_payment_transaction`
  ADD CONSTRAINT `fees_payment_transaction_ibfk_16` FOREIGN KEY (`fees_pay_tran_collect_id`) REFERENCES `fees_collect_category` (`fees_collect_category_id`),
  ADD CONSTRAINT `fees_payment_transaction_ibfk_17` FOREIGN KEY (`fees_pay_tran_stu_id`) REFERENCES `stu_master` (`stu_master_id`),
  ADD CONSTRAINT `fees_payment_transaction_ibfk_18` FOREIGN KEY (`fees_pay_tran_batch_id`) REFERENCES `batches` (`batch_id`),
  ADD CONSTRAINT `fees_payment_transaction_ibfk_20` FOREIGN KEY (`fees_pay_tran_section_id`) REFERENCES `section` (`section_id`),
  ADD CONSTRAINT `fees_payment_transaction_ibfk_21` FOREIGN KEY (`fees_pay_tran_course_id`) REFERENCES `courses` (`course_id`),
  ADD CONSTRAINT `fees_payment_transaction_ibfk_3` FOREIGN KEY (`fees_pay_tran_bank_id`) REFERENCES `bank_master` (`bank_master_id`) ON DELETE NO ACTION ON UPDATE NO ACTION,
  ADD CONSTRAINT `fees_payment_transaction_ibfk_4` FOREIGN KEY (`created_by`) REFERENCES `users` (`user_id`) ON DELETE NO ACTION ON UPDATE NO ACTION,
  ADD CONSTRAINT `fees_payment_transaction_ibfk_5` FOREIGN KEY (`updated_by`) REFERENCES `users` (`user_id`) ON DELETE NO ACTION ON UPDATE NO ACTION;

--
-- Constraints for table `languages`
--
ALTER TABLE `languages`
  ADD CONSTRAINT `languages_ibfk_1` FOREIGN KEY (`created_by`) REFERENCES `users` (`user_id`),
  ADD CONSTRAINT `languages_ibfk_2` FOREIGN KEY (`updated_by`) REFERENCES `users` (`user_id`);

--
-- Constraints for table `login_details`
--
ALTER TABLE `login_details`
  ADD CONSTRAINT `login_details_ibfk_1` FOREIGN KEY (`login_user_id`) REFERENCES `users` (`user_id`);

--
-- Constraints for table `msg_of_day`
--
ALTER TABLE `msg_of_day`
  ADD CONSTRAINT `msg_of_day_ibfk_1` FOREIGN KEY (`created_by`) REFERENCES `users` (`user_id`),
  ADD CONSTRAINT `msg_of_day_ibfk_2` FOREIGN KEY (`updated_by`) REFERENCES `users` (`user_id`);

--
-- Constraints for table `nationality`
--
ALTER TABLE `nationality`
  ADD CONSTRAINT `nationality_ibfk_1` FOREIGN KEY (`created_by`) REFERENCES `users` (`user_id`),
  ADD CONSTRAINT `nationality_ibfk_2` FOREIGN KEY (`updated_by`) REFERENCES `users` (`user_id`);

--
-- Constraints for table `national_holidays`
--
ALTER TABLE `national_holidays`
  ADD CONSTRAINT `national_holidays_ibfk_1` FOREIGN KEY (`created_by`) REFERENCES `users` (`user_id`),
  ADD CONSTRAINT `national_holidays_ibfk_2` FOREIGN KEY (`updated_by`) REFERENCES `users` (`user_id`);

--
-- Constraints for table `notice`
--
ALTER TABLE `notice`
  ADD CONSTRAINT `notice_ibfk_1` FOREIGN KEY (`created_by`) REFERENCES `users` (`user_id`),
  ADD CONSTRAINT `notice_ibfk_2` FOREIGN KEY (`updated_by`) REFERENCES `users` (`user_id`);

--
-- Constraints for table `organization`
--
ALTER TABLE `organization`
  ADD CONSTRAINT `organization_ibfk_1` FOREIGN KEY (`created_by`) REFERENCES `users` (`user_id`),
  ADD CONSTRAINT `organization_ibfk_2` FOREIGN KEY (`updated_by`) REFERENCES `users` (`user_id`);

--
-- Constraints for table `section`
--
ALTER TABLE `section`
  ADD CONSTRAINT `section_ibfk_1` FOREIGN KEY (`section_batch_id`) REFERENCES `batches` (`batch_id`),
  ADD CONSTRAINT `section_ibfk_2` FOREIGN KEY (`created_by`) REFERENCES `users` (`user_id`),
  ADD CONSTRAINT `section_ibfk_3` FOREIGN KEY (`updated_by`) REFERENCES `users` (`user_id`);

--
-- Constraints for table `state`
--
ALTER TABLE `state`
  ADD CONSTRAINT `state_ibfk_1` FOREIGN KEY (`created_by`) REFERENCES `users` (`user_id`),
  ADD CONSTRAINT `state_ibfk_2` FOREIGN KEY (`updated_by`) REFERENCES `users` (`user_id`),
  ADD CONSTRAINT `state_ibfk_3` FOREIGN KEY (`state_country_id`) REFERENCES `country` (`country_id`);

--
-- Constraints for table `stu_address`
--
ALTER TABLE `stu_address`
  ADD CONSTRAINT `stu_address_ibfk_13` FOREIGN KEY (`stu_cadd_city`) REFERENCES `city` (`city_id`),
  ADD CONSTRAINT `stu_address_ibfk_14` FOREIGN KEY (`stu_cadd_state`) REFERENCES `state` (`state_id`),
  ADD CONSTRAINT `stu_address_ibfk_15` FOREIGN KEY (`stu_cadd_country`) REFERENCES `country` (`country_id`),
  ADD CONSTRAINT `stu_address_ibfk_16` FOREIGN KEY (`stu_padd_city`) REFERENCES `city` (`city_id`),
  ADD CONSTRAINT `stu_address_ibfk_17` FOREIGN KEY (`stu_padd_state`) REFERENCES `state` (`state_id`),
  ADD CONSTRAINT `stu_address_ibfk_18` FOREIGN KEY (`stu_padd_country`) REFERENCES `country` (`country_id`);

--
-- Constraints for table `stu_category`
--
ALTER TABLE `stu_category`
  ADD CONSTRAINT `stu_category_ibfk_1` FOREIGN KEY (`created_by`) REFERENCES `users` (`user_id`),
  ADD CONSTRAINT `stu_category_ibfk_2` FOREIGN KEY (`updated_by`) REFERENCES `users` (`user_id`);

--
-- Constraints for table `stu_docs`
--
ALTER TABLE `stu_docs`
  ADD CONSTRAINT `stu_docs_ibfk_1` FOREIGN KEY (`stu_docs_stu_master_id`) REFERENCES `stu_master` (`stu_master_id`),
  ADD CONSTRAINT `stu_docs_ibfk_2` FOREIGN KEY (`created_by`) REFERENCES `users` (`user_id`),
  ADD CONSTRAINT `stu_docs_ibfk_3` FOREIGN KEY (`stu_docs_category_id`) REFERENCES `document_category` (`doc_category_id`) ON DELETE NO ACTION ON UPDATE NO ACTION;

--
-- Constraints for table `stu_guardians`
--
ALTER TABLE `stu_guardians`
  ADD CONSTRAINT `stu_guardians_ibfk_1` FOREIGN KEY (`guardia_stu_master_id`) REFERENCES `stu_master` (`stu_master_id`),
  ADD CONSTRAINT `stu_guardians_ibfk_2` FOREIGN KEY (`created_by`) REFERENCES `users` (`user_id`),
  ADD CONSTRAINT `stu_guardians_ibfk_3` FOREIGN KEY (`updated_by`) REFERENCES `users` (`user_id`);

--
-- Constraints for table `stu_info`
--
ALTER TABLE `stu_info`
  ADD CONSTRAINT `stu_info_ibfk_3` FOREIGN KEY (`stu_info_stu_master_id`) REFERENCES `stu_master` (`stu_master_id`);

--
-- Constraints for table `stu_master`
--
ALTER TABLE `stu_master`
  ADD CONSTRAINT `stu_master_ibfk_12` FOREIGN KEY (`stu_master_stu_info_id`) REFERENCES `stu_info` (`stu_info_id`) ON DELETE CASCADE ON UPDATE CASCADE,
  ADD CONSTRAINT `stu_master_ibfk_13` FOREIGN KEY (`stu_master_user_id`) REFERENCES `users` (`user_id`) ON DELETE CASCADE ON UPDATE CASCADE,
  ADD CONSTRAINT `stu_master_ibfk_14` FOREIGN KEY (`stu_master_nationality_id`) REFERENCES `nationality` (`nationality_id`) ON DELETE NO ACTION ON UPDATE NO ACTION,
  ADD CONSTRAINT `stu_master_ibfk_15` FOREIGN KEY (`stu_master_category_id`) REFERENCES `stu_category` (`stu_category_id`) ON DELETE NO ACTION ON UPDATE NO ACTION,
  ADD CONSTRAINT `stu_master_ibfk_16` FOREIGN KEY (`stu_master_course_id`) REFERENCES `courses` (`course_id`) ON DELETE NO ACTION ON UPDATE NO ACTION,
  ADD CONSTRAINT `stu_master_ibfk_17` FOREIGN KEY (`stu_master_batch_id`) REFERENCES `batches` (`batch_id`) ON DELETE NO ACTION ON UPDATE NO ACTION,
  ADD CONSTRAINT `stu_master_ibfk_18` FOREIGN KEY (`stu_master_section_id`) REFERENCES `section` (`section_id`) ON DELETE NO ACTION ON UPDATE NO ACTION,
  ADD CONSTRAINT `stu_master_ibfk_20` FOREIGN KEY (`stu_master_stu_address_id`) REFERENCES `stu_address` (`stu_address_id`) ON DELETE CASCADE ON UPDATE CASCADE,
  ADD CONSTRAINT `stu_master_ibfk_21` FOREIGN KEY (`created_by`) REFERENCES `users` (`user_id`) ON DELETE NO ACTION ON UPDATE NO ACTION,
  ADD CONSTRAINT `stu_master_ibfk_22` FOREIGN KEY (`updated_by`) REFERENCES `users` (`user_id`) ON DELETE NO ACTION ON UPDATE NO ACTION;

--
-- Constraints for table `stu_status`
--
ALTER TABLE `stu_status`
  ADD CONSTRAINT `stu_status_ibfk_1` FOREIGN KEY (`created_by`) REFERENCES `users` (`user_id`),
  ADD CONSTRAINT `stu_status_ibfk_2` FOREIGN KEY (`updated_by`) REFERENCES `users` (`user_id`);

--
-- Constraints for table `users`
--
ALTER TABLE `users`
  ADD CONSTRAINT `users_ibfk_1` FOREIGN KEY (`created_by`) REFERENCES `users` (`user_id`),
  ADD CONSTRAINT `users_ibfk_2` FOREIGN KEY (`updated_by`) REFERENCES `users` (`user_id`);

/*!40101 SET CHARACTER_SET_CLIENT=@OLD_CHARACTER_SET_CLIENT */;
/*!40101 SET CHARACTER_SET_RESULTS=@OLD_CHARACTER_SET_RESULTS */;
/*!40101 SET COLLATION_CONNECTION=@OLD_COLLATION_CONNECTION */;
